0x00452ec0	FUN_00452ec0	51
0x00452f00	FUN_00452f00	46
0x00452f30	FUN_00452f30	50
0x00453100	FUN_00453100	258
0x00453210	FUN_00453210	120
0x004532f0	FUN_004532f0	82
0x00453730	FUN_00453730	377
0x004538b0	FUN_004538b0	717
0x00453eb0	FUN_00453eb0	118
0x00454130	FUN_00454130	58
0x004541e0	FUN_004541e0	307
0x00454350	FUN_00454350	994
0x00454790	FUN_00454790	37
0x00454820	FUN_00454820	118
0x00454a20	thunk_FUN_004548a0	5
0x00454a30	FUN_00454a30	15
0x00454bd0	FUN_00454bd0	44
0x00454c00	FUN_00454c00	12
0x00454c10	FUN_00454c10	68
0x00454c60	FUN_00454c60	109
0x00454cd0	FUN_00454cd0	222
0x00454f80	FUN_00454f80	22
0x00454fa0	FUN_00454fa0	75
0x00454ff0	FUN_00454ff0	64
0x00455030	FUN_00455030	48
0x00455060	FUN_00455060	157
0x00455100	FUN_00455100	79
0x00455150	FUN_00455150	521
0x00455610	FUN_00455610	211
0x004556f0	FUN_004556f0	98
0x00455910	FUN_00455910	131
0x00455b50	FUN_00455b50	229
0x00455fe0	FUN_00455fe0	82
0x00456040	FUN_00456040	247
0x00456140	FUN_00456140	123
0x004568a0	FUN_004568a0	43
0x004568d0	FUN_004568d0	856
0x00456c30	FUN_00456c30	55
0x00456c70	FUN_00456c70	24
0x00456c90	thunk_FUN_00456c70	5
0x00456ce0	FUN_00456ce0	21
0x00456d00	FUN_00456d00	28
0x00456eb0	FUN_00456eb0	181
0x00456f70	FUN_00456f70	149
0x004570a0	FUN_004570a0	81
0x00457100	FUN_00457100	1285
0x00457610	FUN_00457610	49
0x00457650	FUN_00457650	88
0x004576b0	FUN_004576b0	56
0x004577f0	FUN_004577f0	9
0x00457ba0	FUN_00457ba0	110
0x00457c10	FUN_00457c10	512
0x00458020	FUN_00458020	90
0x00458080	FUN_00458080	615
0x00458360	FUN_00458360	51
0x004584e0	FUN_004584e0	138
0x00458570	FUN_00458570	185
0x00458880	FUN_00458880	55
0x004588c0	FUN_004588c0	82
0x00458a40	FUN_00458a40	207
0x00458b10	FUN_00458b10	219
0x00458c70	FUN_00458c70	136
0x00458d00	FUN_00458d00	193
0x00458dd0	FUN_00458dd0	38
0x00458e00	FUN_00458e00	274
0x00458f20	FUN_00458f20	81
0x00458f80	FUN_00458f80	25
0x00458fa0	FUN_00458fa0	38
0x00458fd0	FUN_00458fd0	33
0x00459000	FUN_00459000	655
0x004593b0	FUN_004593b0	68
0x00459400	FUN_00459400	128
0x00459480	FUN_00459480	179
0x00459540	FUN_00459540	28
0x004595c0	FUN_004595c0	91
0x00459620	FUN_00459620	2727
0x0045a0d0	FUN_0045a0d0	27
0x0045a110	FUN_0045a110	25
0x0045a130	FUN_0045a130	81
0x0045a190	FUN_0045a190	515
