0x005bba60	FUN_005bba60	87
0x005bbac0	FUN_005bbac0	86
0x005bbb70	FUN_005bbb70	64
0x005bbbb0	FUN_005bbbb0	68
0x005bbc00	FUN_005bbc00	14
0x005bbf60	FUN_005bbf60	96
0x005bc020	FUN_005bc020	43
0x005bc050	FUN_005bc050	160
0x005bc0f0	FUN_005bc0f0	160
0x005bc690	FUN_005bc690	186
0x005bc800	FUN_005bc800	68
0x005bc850	FUN_005bc850	14
0x005bc890	FUN_005bc890	102
0x005bc900	FUN_005bc900	28
0x005bc920	FUN_005bc920	387
0x005bcab0	FUN_005bcab0	198
0x005bcb80	FUN_005bcb80	37
0x005bcbb0	FUN_005bcbb0	42
0x005bcbe0	FUN_005bcbe0	144
0x005bcc70	FUN_005bcc70	46
0x005bcca0	FUN_005bcca0	107
0x005bcd10	FUN_005bcd10	100
0x005bcd80	FUN_005bcd80	28
0x005bcda0	FUN_005bcda0	126
0x005bce80	FUN_005bce80	95
0x005bd500	FUN_005bd500	261
0x005bd610	FUN_005bd610	43
0x005bd6f0	FUN_005bd6f0	748
0x005bd9e0	FUN_005bd9e0	115
0x005bdad0	FUN_005bdad0	407
0x005bdc70	FUN_005bdc70	140
0x005bde50	FUN_005bde50	21
0x005bde70	FUN_005bde70	120
0x005bdef0	FUN_005bdef0	79
0x005bdf40	FUN_005bdf40	162
0x005bdff0	FUN_005bdff0	135
0x005be080	FUN_005be080	111
0x005be1b0	FUN_005be1b0	61
0x005be260	FUN_005be260	481
0x005be450	FUN_005be450	116
0x005be540	FUN_005be540	171
0x005be5f0	FUN_005be5f0	64
0x005be630	FUN_005be630	67
0x005be720	FUN_005be720	99
0x005be8c0	FUN_005be8c0	110
0x005be930	FUN_005be930	13
0x005be940	FUN_005be940	70
0x005be990	FUN_005be990	89
0x005be9f0	FUN_005be9f0	111
0x005beaa0	FUN_005beaa0	52
0x005beae0	FUN_005beae0	108
0x005beb50	FUN_005beb50	69
0x005beba0	FUN_005beba0	101
0x005bec10	FUN_005bec10	124
0x005bedc0	FUN_005bedc0	69
0x005bef20	FUN_005bef20	52
0x005bf000	FUN_005bf000	66
0x005bf050	FUN_005bf050	99
0x005bf0c0	FUN_005bf0c0	145
0x005bf160	FUN_005bf160	198
0x005bf230	FUN_005bf230	275
0x005bf350	FUN_005bf350	31
0x005bf370	FUN_005bf370	71
0x005bf470	FUN_005bf470	94
0x005bf4d0	FUN_005bf4d0	108
0x005bf660	FUN_005bf660	15
0x005bf670	FUN_005bf670	17
0x005bf6d0	FUN_005bf6d0	61
0x005bf710	FUN_005bf710	192
0x005bf7d0	FUN_005bf7d0	25
0x005bf8a0	FUN_005bf8a0	73
0x005bf8f0	FUN_005bf8f0	290
0x005bfa20	FUN_005bfa20	32
0x005bfa40	FUN_005bfa40	108
0x005bfb20	FUN_005bfb20	97
0x005bfb90	FUN_005bfb90	30
0x005bfcc0	FUN_005bfcc0	51
0x005bfd10	FUN_005bfd10	136
0x005bfe60	FUN_005bfe60	102
0x005bfed0	FUN_005bfed0	81
