rva	name	confidence	file_class	file	linked	scenario	frida	readiness
000b6770	PizWin32Close	C2	cpp	compat/pizwin32bypass.cpp	yes	no		2.2
004030d0	FUN_004030d0	C2	doc	re/analysis/timer_d2/0x004030d0.md	no	yes		1.2
004046a0	FUN_004046a0	C2	doc	re/analysis/timer_d3_cont1_a/0x004046a0.md	no	yes		1.2
004073b0	FUN_004073b0	C2	doc	re/analysis/timer_d3_cont1_a/0x004073b0.md	no	yes		1.2
00407600	Player::GetPositionPtr	C2	doc	re/analysis/profile_career_d4/report.md	no	yes		1.2
00408b00	FUN_00408b00	C2	doc	re/analysis/game_state_d5_cont2/0x00408b00.md	no	yes		1.2
00409290	FUN_00409290	C2	doc	re/analysis/game_state_d5_cont2/0x00409290.md	no	yes		1.2
0040b180	FUN_0040b180	C2	doc	re/analysis/timer_d3_cont1_a/0x0040b180.md	no	yes		1.2
0040bd80	FUN_0040bd80	C2	doc	re/analysis/timer_d3_cont1_a/0x0040bd80.md	no	yes		1.2
0040dbd0	FUN_0040dbd0	C2	doc	re/analysis/timer_d3_cont1_a/0x0040dbd0.md	no	yes		1.2
00410860	FUN_00410860	C2	doc	re/analysis/timer_d3_cont1_a/0x00410860.md	no	yes		1.2
004111c0	FUN_004111c0	C2	doc	re/analysis/timer_d2/0x004111c0.md	no	yes		1.2
00412f30	FUN_00412f30	C2	doc	re/analysis/util_c0_promote/0x00412f30.md	no	yes		1.2
00414060	FUN_00414060	C2	doc	re/analysis/timer_d3_cont1_a/0x00414060.md	no	yes		1.2
00414180	FUN_00414180	C2	doc	re/analysis/timer_d3_cont1_a/0x00414180.md	no	yes		1.2
00414220	FUN_00414220	C2	doc	re/analysis/timer_d3_cont1_a/0x00414220.md	no	yes		1.2
0041cb80	sub_0041cb80	C2	doc	re/analysis/timer_d3_cont1_b/0x0041cb80.md	no	yes		1.2
0041d730	sub_0041d730	C2	doc	re/analysis/timer_d3_cont1_b/0x0041d730.md	no	yes		1.2
0041f120	Player::ComputeVehicleToCameraVec	C2	doc	re/analysis/profile_career_d4/report.md	no	yes		1.2
0041f1e0	FUN_0041f1e0	C2	doc	re/analysis/util_c0_promote/0x0041f1e0.md	no	yes		1.2
004219f0	FUN_004219f0	C2	doc	re/analysis/random_rng_d2/0x004219f0.md	no	yes		1.2
00421d20	FUN_00421d20	C2	doc	re/analysis/random_rng_d2/0x00421d20.md	no	yes		1.2
00424eb0	FUN_00424eb0	C2	doc	re/analysis/util_c0_promote/0x00424eb0.md	no	yes		1.2
00429bd0	FUN_00429bd0	C2	doc	re/analysis/util_c0_promote/0x00429bd0.md	no	yes		1.2
0042c300	FUN_0042c300	C2	doc	re/analysis/localization_d2/0x0042c300.md	no	yes		1.2
0042c3c0	FUN_0042c3c0	C2	doc	re/analysis/localization_d2/0x0042c3c0.md	no	yes		1.2
0042c7c0	FUN_0042c7c0	C2	doc	re/analysis/localization_d2/0x0042c7c0.md	no	yes		1.2
00441700	Camera::SetupFOV	C2	doc	re/analysis/profile_career_d4/report.md	no	yes		1.2
00441760	Camera::Apply	C2	doc	re/analysis/profile_career_d4/report.md	no	yes		1.2
00441820	CameraPath::SamplePoint	C2	doc	re/analysis/profile_career_d4/report.md	no	yes		1.2
00441990	FUN_00441990	C2	doc	re/analysis/profile_career_d3/fun_00441990.md	no	yes		1.2
00442440	FUN_00442440	C2	doc	re/analysis/util_c0_promote/0x00442440.md	no	yes		1.2
00442600	CameraPath::InitForTrack	C2	doc	re/analysis/profile_career_d4/report.md	no	yes		1.2
004427c0	Spectator::SelectCamera	C2	doc	re/analysis/profile_career_d4/report.md	no	yes		1.2
00442a20	Camera::InitWithMatrix	C2	doc	re/analysis/profile_career_d4/report.md	no	yes		1.2
00442a60	Spectator::ComputeDistances	C2	doc	re/analysis/profile_career_d4/report.md	no	yes		1.2
00442e00	FUN_00442e00	C2	doc	re/analysis/profile_career_d3/fun_00442e00.md	no	yes		1.2
00446520	FUN_00446520	C2	doc	re/analysis/profile_career_d3/fun_00446520.md	no	yes		1.2
0044e0a0	FUN_0044e0a0	C2	doc	re/analysis/random_rng_d2/0x0044e0a0.md	no	yes		1.2
0045c350	Bezier::Interpolate	C2	doc	re/analysis/profile_career_d4/report.md	no	yes		1.2
0045d3f0	FUN_0045d3f0	C2	doc	re/analysis/timer_d2/0x0045d3f0.md	no	yes		1.2
0045d430	FUN_0045d430	C2	doc	re/analysis/timer_d2/0x0045d430.md	no	yes		1.2
00466b50	FUN_00466b50	C2	doc	re/analysis/timer_d2/0x00466b50.md	no	yes		1.2
0046cb30	Player::GetOffset3D	C2	doc	re/analysis/profile_career_d4/report.md	no	yes		1.2
004762c0	FUN_004762c0	C2	doc	re/analysis/random_rng_d2/0x004762c0.md	no	yes		1.2
004764e0	FUN_004764e0	C2	doc	re/analysis/random_rng_d2/0x004764e0.md	no	yes		1.2
004764f0	FUN_004764f0	C2	doc	re/analysis/random_rng_d2/0x004764f0.md	no	yes		1.2
00476880	FUN_00476880	C2	doc	re/analysis/random_rng_d2/0x00476880.md	no	yes		1.2
0048f740	FUN_0048f740	C2	doc	re/analysis/game_state_d5_cont2/0x0048f740.md	no	yes		1.2
00492d30	FUN_00492d30	C2	doc	re/analysis/util_c0_promote/0x00492d30.md	no	yes		1.2
00493ac0	LAB_00493ac0	C2	doc	re/analysis/video_mci_d2/0x00493ac0.md	no	yes		1.2
00494c80	FUN_00494c80	C2	doc	re/analysis/promote_c2_piz_loader/00494c80.md	no	yes		1.2
00498860	FUN_00498860	C2	doc	re/analysis/skeleton_prep_boot_winmain_b/00498860.md	no	yes		1.2
0049ec10	FUN_0049ec10	C2	doc	re/analysis/video_mci_d2/0x0049ec10.md	no	yes		1.2
004a3384	CRT::acos	C2	doc	re/analysis/profile_career_d4/report.md	no	yes		1.2
004a3620	CRT::atan	C2	doc	re/analysis/profile_career_d4/report.md	no	yes		1.2
004a3700	CRT::math_float_371d	C2	doc	re/analysis/profile_career_d4/report.md	no	yes		1.2
004a37b0	CRT::math_float_37cd	C2	doc	re/analysis/profile_career_d4/report.md	no	yes		1.2
004a3b84	FUN_004a3b84	C2	doc	re/analysis/video_mci_d2/0x004a3b84.md	no	yes		1.2
004a4170	__alldiv	C2	doc	re/analysis/timer_d2/0x004a4170.md	no	yes		1.2
004a4220	__allmul	C2	doc	re/analysis/timer_d2/0x004a4220.md	no	yes		1.2
004af31a	LAB_004af31a	C2	doc	re/analysis/exception_filter/0x004af31a.md	no	yes		1.2
004b4430	Camera::BuildFrame	C2	doc	re/analysis/profile_career_d4/report.md	no	yes		1.2
004b4550	FUN_004b4550	C2	doc	re/analysis/random_rng_d2/0x004b4550.md	no	yes		1.2
004b4cd0	Bezier::QueryWrapper	C2	doc	re/analysis/profile_career_d4/report.md	no	yes		1.2
004c1c10	Camera::SetProjection	C2	doc	re/analysis/profile_career_d4/report.md	no	yes		1.2
00516bb0	png_write_data	C2	doc	re/analysis/bucket_00516bb0/_bucket_halt.md	no	yes		1.2
00516bd0	png_flush_data	C2	doc	re/analysis/bucket_00516bb0/_bucket_halt.md	no	yes		1.2
00516bf0	png_set_write_fn	C2	doc	re/analysis/bucket_00516bb0/_bucket_halt.md	no	yes		1.2
00516c40	png_sig_cmp	C2	doc	re/analysis/bucket_00516bb0/_bucket_halt.md	no	yes		1.2
00516cc0	png_zalloc	C2	doc	re/analysis/bucket_00516bb0/_bucket_halt.md	no	yes		1.2
00516d20	thunk_png_free	C2	doc	re/analysis/bucket_00516bb0/_bucket_halt.md	no	yes		1.2
00516d30	png_reset_crc	C2	doc	re/analysis/bucket_00516bb0/_bucket_halt.md	no	yes		1.2
00516d50	png_calculate_crc	C2	doc	re/analysis/bucket_00516bb0/_bucket_halt.md	no	yes		1.2
00516da0	png_create_info_struct	C2	doc	re/analysis/bucket_00516bb0/_bucket_halt.md	no	yes		1.2
00516de0	png_free_data	C2	doc	re/analysis/bucket_00516bb0/_bucket_halt.md	no	yes		1.2
005171a0	FUN_005171a0	C2	doc	re/analysis/bucket_00516bb0/_bucket_halt.md	no	yes		1.2
00517200	FUN_00517200	C2	doc	re/analysis/bucket_00516bb0/_bucket_halt.md	no	yes		1.2
00517270	FUN_00517270	C2	doc	re/analysis/bucket_00516bb0/_bucket_halt.md	no	yes		1.2
005172b0	FUN_005172b0	C2	doc	re/analysis/bucket_00516bb0/_bucket_halt.md	no	yes		1.2
005172f0	FUN_005172f0	C2	doc	re/analysis/bucket_00516bb0/_bucket_halt.md	no	yes		1.2
00517380	FUN_00517380	C2	doc	re/analysis/bucket_00516bb0/_bucket_halt.md	no	yes		1.2
005173f0	FUN_005173f0	C2	doc	re/analysis/bucket_00516bb0/_bucket_halt.md	no	yes		1.2
005175d0	FUN_005175d0	C2	doc	re/analysis/bucket_00516bb0/_bucket_halt.md	no	yes		1.2
00517940	FUN_00517940	C2	doc	re/analysis/bucket_00516bb0/_bucket_halt.md	no	yes		1.2
00517da0	FUN_00517da0	C2	doc	re/analysis/bucket_00516bb0/_bucket_halt.md	no	yes		1.2
00517e00	FUN_00517e00	C2	doc	re/analysis/bucket_00516bb0/_bucket_halt.md	no	yes		1.2
00518080	FUN_00518080	C2	doc	re/analysis/bucket_00516bb0/_bucket_halt.md	no	yes		1.2
00518140	FUN_00518140	C2	doc	re/analysis/bucket_00516bb0/_bucket_halt.md	no	yes		1.2
005183a0	FUN_005183a0	C2	doc	re/analysis/bucket_00516bb0/_bucket_halt.md	no	yes		1.2
005183c0	FUN_005183c0	C2	doc	re/analysis/bucket_00516bb0/_bucket_halt.md	no	yes		1.2
005184b0	FUN_005184b0	C2	doc	re/analysis/bucket_00516bb0/_bucket_halt.md	no	yes		1.2
005184f0	FUN_005184f0	C2	doc	re/analysis/bucket_00516bb0/_bucket_halt.md	no	yes		1.2
00518580	FUN_00518580	C2	doc	re/analysis/bucket_00516bb0/_bucket_halt.md	no	yes		1.2
00518590	FUN_00518590	C2	doc	re/analysis/bucket_00516bb0/_bucket_halt.md	no	yes		1.2
005185a0	png_do_background	C2	doc	re/analysis/bucket_00516bb0/_bucket_halt.md	no	yes		1.2
00519270	png_do_read_transformations	C2	doc	re/analysis/bucket_00516bb0/_bucket_halt.md	no	yes		1.2
005196f0	FUN_005196f0	C2	doc	re/analysis/bucket_00516bb0/_bucket_halt.md	no	yes		1.2
00519820	FUN_00519820	C2	doc	re/analysis/bucket_00516bb0/_bucket_halt.md	no	yes		1.2
005199f0	FUN_005199f0	C2	doc	re/analysis/bucket_00516bb0/_bucket_halt.md	no	yes		1.2
00519af0	FUN_00519af0	C2	doc	re/analysis/bucket_00516bb0/_bucket_halt.md	no	yes		1.2
00519bc0	FUN_00519bc0	C2	doc	re/analysis/bucket_00516bb0/_bucket_halt.md	no	yes		1.2
00519e30	FUN_00519e30	C2	doc	re/analysis/bucket_00516bb0/_bucket_halt.md	no	yes		1.2
00519f70	FUN_00519f70	C2	doc	re/analysis/bucket_00516bb0/_bucket_halt.md	no	yes		1.2
0051a6c0	png_do_expand_palette	C2	doc	re/analysis/bucket_00516bb0/_bucket_halt.md	no	yes		1.2
0051b750	FUN_0051b750	C2	doc	re/analysis/bucket_00516bb0/_bucket_halt.md	no	yes		1.2
0051bb40	FUN_0051bb40	C2	doc	re/analysis/bucket_00516bb0/_bucket_halt.md	no	yes		1.2
0051bd70	FUN_0051bd70	C2	doc	re/analysis/bucket_00516bb0/_bucket_halt.md	no	yes		1.2
0051c100	FUN_0051c100	C2	doc	re/analysis/bucket_00516bb0/_bucket_halt.md	no	yes		1.2
0051c220	png_build_gamma_table	C2	doc	re/analysis/bucket_00516bb0/_bucket_halt.md	no	yes		1.2
0051c9f0	FUN_0051c9f0	C2	doc	re/analysis/bucket_00516bb0/_bucket_halt.md	no	yes		1.2
0051ca10	FUN_0051ca10	C2	doc	re/analysis/bucket_00516bb0/_bucket_halt.md	no	yes		1.2
0051ca90	FUN_0051ca90	C2	doc	re/analysis/bucket_00516bb0/_bucket_halt.md	no	yes		1.2
0051cb40	FUN_0051cb40	C2	doc	re/analysis/bucket_00516bb0/_bucket_halt.md	no	yes		1.2
0051cb70	FUN_0051cb70	C2	doc	re/analysis/bucket_00516bb0/_bucket_halt.md	no	yes		1.2
0051cbe0	FUN_0051cbe0	C2	doc	re/analysis/bucket_00516bb0/_bucket_halt.md	no	yes		1.2
0051cfc0	FUN_0051cfc0	C2	doc	re/analysis/bucket_00516bb0/_bucket_halt.md	no	yes		1.2
0051d0f0	FUN_0051d0f0	C2	doc	re/analysis/bucket_00516bb0/_bucket_halt.md	no	yes		1.2
0051d1b0	FUN_0051d1b0	C2	doc	re/analysis/bucket_00516bb0/_bucket_halt.md	no	yes		1.2
0051d240	FUN_0051d240	C2	doc	re/analysis/bucket_00516bb0/_bucket_halt.md	no	yes		1.2
0051d340	FUN_0051d340	C2	doc	re/analysis/bucket_00516bb0/_bucket_halt.md	no	yes		1.2
0051d400	FUN_0051d400	C2	doc	re/analysis/bucket_00516bb0/_bucket_halt.md	no	yes		1.2
0051d560	FUN_0051d560	C2	doc	re/analysis/bucket_00516bb0/_bucket_halt.md	no	yes		1.2
0051d800	FUN_0051d800	C2	doc	re/analysis/bucket_00516bb0/_bucket_halt.md	no	yes		1.2
0051d900	FUN_0051d900	C2	doc	re/analysis/bucket_00516bb0/_bucket_halt.md	no	yes		1.2
0051db30	FUN_0051db30	C2	doc	re/analysis/bucket_00516bb0/_bucket_halt.md	no	yes		1.2
0051dca0	FUN_0051dca0	C2	doc	re/analysis/bucket_00516bb0/_bucket_halt.md	no	yes		1.2
0051e230	png_write_tRNS	C2	doc	re/analysis/bucket_00516bb0/_bucket_halt.md	no	yes		1.2
0051e4a0	FUN_0051e4a0	C2	doc	re/analysis/bucket_00516bb0/_bucket_halt.md	no	yes		1.2
0051e6f0	png_write_hIST	C2	doc	re/analysis/bucket_0051e6f0/_bucket_halt.md	no	yes		1.2
0051e7f0	png_check_keyword	C2	doc	re/analysis/bucket_0051e6f0/_bucket_halt.md	no	yes		1.2
0051e990	FUN_0051e990	C2	doc	re/analysis/bucket_0051e6f0/_bucket_halt.md	no	yes		1.2
0051ead0	FUN_0051ead0	C2	doc	re/analysis/bucket_0051e6f0/_bucket_halt.md	no	yes		1.2
0051ed60	FUN_0051ed60	C2	doc	re/analysis/bucket_0051e6f0/_bucket_halt.md	no	yes		1.2
0051ee70	FUN_0051ee70	C2	doc	re/analysis/bucket_0051e6f0/_bucket_halt.md	no	yes		1.2
0051f0e0	FUN_0051f0e0	C2	doc	re/analysis/bucket_0051e6f0/_bucket_halt.md	no	yes		1.2
0051f240	FUN_0051f240	C2	doc	re/analysis/bucket_0051e6f0/_bucket_halt.md	no	yes		1.2
0051f350	FUN_0051f350	C2	doc	re/analysis/bucket_0051e6f0/_bucket_halt.md	no	yes		1.2
0051f4f0	FUN_0051f4f0	C2	doc	re/analysis/bucket_0051e6f0/_bucket_halt.md	no	yes		1.2
0051f810	FUN_0051f810	C2	doc	re/analysis/bucket_0051e6f0/_bucket_halt.md	no	yes		1.2
0051fa50	png_write_find_filter	C2	doc	re/analysis/bucket_0051e6f0/_bucket_halt.md	no	yes		1.2
00520640	FUN_00520640	C2	doc	re/analysis/bucket_0051e6f0/_bucket_halt.md	no	yes		1.2
005207c0	png_create_struct_2	C2	doc	re/analysis/bucket_0051e6f0/_bucket_halt.md	no	yes		1.2
00520850	png_destroy_struct	C2	doc	re/analysis/bucket_0051e6f0/_bucket_halt.md	no	yes		1.2
00520870	FUN_00520870	C2	doc	re/analysis/bucket_0051e6f0/_bucket_halt.md	no	yes		1.2
00520930	png_free	C2	doc	re/analysis/bucket_0051e6f0/_bucket_halt.md	no	yes		1.2
00520960	FUN_00520960	C2	doc	re/analysis/bucket_0051e6f0/_bucket_halt.md	no	yes		1.2
00520990	FUN_00520990	C2	doc	re/analysis/bucket_0051e6f0/_bucket_halt.md	no	yes		1.2
00520a00	FUN_00520a00	C2	doc	re/analysis/bucket_0051e6f0/_bucket_halt.md	no	yes		1.2
00520b60	FUN_00520b60	C2	doc	re/analysis/bucket_0051e6f0/_bucket_halt.md	no	yes		1.2
00520c70	FUN_00520c70	C2	doc	re/analysis/bucket_0051e6f0/_bucket_halt.md	no	yes		1.2
00520ef0	FUN_00520ef0	C2	doc	re/analysis/bucket_0051e6f0/_bucket_halt.md	no	yes		1.2
00521000	FUN_00521000	C2	doc	re/analysis/bucket_0051e6f0/_bucket_halt.md	no	yes		1.2
00521110	FUN_00521110	C2	doc	re/analysis/bucket_0051e6f0/_bucket_halt.md	no	yes		1.2
00521410	FUN_00521410	C2	doc	re/analysis/bucket_0051e6f0/_bucket_halt.md	no	yes		1.2
00521520	FUN_00521520	C2	doc	re/analysis/bucket_0051e6f0/_bucket_halt.md	no	yes		1.2
00521990	FUN_00521990	C2	doc	re/analysis/bucket_0051e6f0/_bucket_halt.md	no	yes		1.2
00522970	FUN_00522970	C2	doc	re/analysis/bucket_0051e6f0/_bucket_halt.md	no	yes		1.2
00522ab0	FUN_00522ab0	C2	doc	re/analysis/bucket_0051e6f0/_bucket_halt.md	no	yes		1.2
00522b00	FUN_00522b00	C2	doc	re/analysis/bucket_0051e6f0/_bucket_halt.md	no	yes		1.2
00522b50	FUN_00522b50	C2	doc	re/analysis/bucket_0051e6f0/_bucket_halt.md	no	yes		1.2
00522cc0	FUN_00522cc0	C2	doc	re/analysis/bucket_0051e6f0/_bucket_halt.md	no	yes		1.2
00522ce0	FUN_00522ce0	C2	doc	re/analysis/bucket_0051e6f0/_bucket_halt.md	no	yes		1.2
00523140	png_crc_read	C2	doc	re/analysis/bucket_0051e6f0/_bucket_halt.md	no	yes		1.2
00523170	FUN_00523170	C2	doc	re/analysis/bucket_0051e6f0/_bucket_halt.md	no	yes		1.2
005232c0	FUN_005232c0	C2	doc	re/analysis/bucket_0051e6f0/_bucket_halt.md	no	yes		1.2
00523360	FUN_00523360	C2	doc	re/analysis/bucket_0051e6f0/_bucket_halt.md	no	yes		1.2
00523640	FUN_00523640	C2	doc	re/analysis/bucket_0051e6f0/_bucket_halt.md	no	yes		1.2
005238c0	FUN_005238c0	C2	doc	re/analysis/bucket_0051e6f0/_bucket_halt.md	no	yes		1.2
00523cd0	FUN_00523cd0	C2	doc	re/analysis/bucket_0051e6f0/_bucket_halt.md	no	yes		1.2
00523e40	FUN_00523e40	C2	doc	re/analysis/bucket_0051e6f0/_bucket_halt.md	no	yes		1.2
005241f0	FUN_005241f0	C2	doc	re/analysis/bucket_0051e6f0/_bucket_halt.md	no	yes		1.2
005245b0	FUN_005245b0	C2	doc	re/analysis/bucket_0051e6f0/_bucket_halt.md	no	yes		1.2
00524f70	FUN_00524f70	C2	doc	re/analysis/bucket_0051e6f0/_bucket_halt.md	no	yes		1.2
005253c0	FUN_005253c0	C2	doc	re/analysis/bucket_0051e6f0/_bucket_halt.md	no	yes		1.2
00525870	png_handle_sPLT	C2	doc	re/analysis/bucket_0051e6f0/_bucket_halt.md	no	yes		1.2
00525bd0	FUN_00525bd0	C2	doc	re/analysis/bucket_0051e6f0/_bucket_halt.md	no	yes		1.2
00525fb0	FUN_00525fb0	C2	doc	re/analysis/bucket_0051e6f0/_bucket_halt.md	no	yes		1.2
00526310	FUN_00526310	C2	doc	re/analysis/bucket_0051e6f0/_bucket_halt.md	no	yes		1.2
00526630	FUN_00526630	C2	doc	re/analysis/bucket_0051e6f0/_bucket_halt.md	no	yes		1.2
00526910	FUN_00526910	C2	doc	re/analysis/bucket_0051e6f0/_bucket_halt.md	no	yes		1.2
00526bf0	FUN_00526bf0	C2	doc	re/analysis/bucket_0051e6f0/_bucket_halt.md	no	yes		1.2
005270e0	FUN_005270e0	C2	doc	re/analysis/bucket_0051e6f0/_bucket_halt.md	no	yes		1.2
00527560	FUN_00527560	C2	doc	re/analysis/bucket_0051e6f0/_bucket_halt.md	no	yes		1.2
005278a0	FUN_005278a0	C2	doc	re/analysis/bucket_0051e6f0/_bucket_halt.md	no	yes		1.2
00527a40	FUN_00527a40	C2	doc	re/analysis/bucket_0051e6f0/_bucket_halt.md	no	yes		1.2
00527c30	FUN_00527c30	C2	doc	re/analysis/bucket_0051e6f0/_bucket_halt.md	no	yes		1.2
00527ee0	FUN_00527ee0	C2	doc	re/analysis/bucket_0051e6f0/_bucket_halt.md	no	yes		1.2
00528200	FUN_00528200	C2	doc	re/analysis/bucket_0051e6f0/_bucket_halt.md	no	yes		1.2
00528630	FUN_00528630	C2	doc	re/analysis/bucket_0051e6f0/_bucket_halt.md	no	yes		1.2
00528810	FUN_00528810	C2	doc	re/analysis/bucket_0051e6f0/_bucket_halt.md	no	yes		1.2
00528ba0	FUN_00528ba0	C2	doc	re/analysis/bucket_0051e6f0/_bucket_halt.md	no	yes		1.2
00528e00	zcalloc	C2	doc	re/analysis/bucket_0051e6f0/_bucket_halt.md	no	yes		1.2
00528e20	zcfree	C2	doc	re/analysis/bucket_0051e6f0/_bucket_halt.md	no	yes		1.2
00528e30	FUN_00528e30	C2	doc	re/analysis/bucket_0051e6f0/_bucket_halt.md	no	yes		1.2
00528ef0	FUN_00528ef0	C2	doc	re/analysis/bucket_0051e6f0/_bucket_halt.md	no	yes		1.2
00529050	FUN_00529050	C2	doc	re/analysis/bucket_0051e6f0/_bucket_halt.md	no	yes		1.2
0052a890	FUN_0052a890	C2	doc	re/analysis/bucket_0051e6f0/_bucket_halt.md	no	yes		1.2
0052a9c0	FUN_0052a9c0	C2	doc	re/analysis/bucket_0051e6f0/_bucket_halt.md	no	yes		1.2
0052aa40	FUN_0052aa40	C2	doc	re/analysis/bucket_0051e6f0/_bucket_halt.md	no	yes		1.2
0052ab00	inflate	C2	doc	re/analysis/bucket_0051e6f0/_bucket_halt.md	no	yes		1.2
0052b750	FUN_0052b750	C2	doc	re/analysis/bucket_0051e6f0/_bucket_halt.md	no	yes		1.2
0052b7e0	FUN_0052b7e0	C2	doc	re/analysis/bucket_0051e6f0/_bucket_halt.md	no	yes		1.2
0052b820	FUN_0052b820	C2	doc	re/analysis/bucket_0051e6f0/_bucket_halt.md	no	yes		1.2
0052bf20	FUN_0052bf20	C2	doc	re/analysis/bucket_0051e6f0/_bucket_halt.md	no	yes		1.2
0052bf40	FUN_0052bf40	C2	doc	re/analysis/bucket_0051e6f0/_bucket_halt.md	no	yes		1.2
0052bff0	inflate_table	C2	doc	re/analysis/bucket_0051e6f0/_bucket_halt.md	no	yes		1.2
0052c4a0	inflate_fast_huffman_setup	C2	doc	re/analysis/bucket_00516bb0/_bucket_halt.md	no	yes		1.2
0052c630	FUN_0052c630	C2	doc	re/analysis/bucket_00516bb0/_bucket_halt.md	no	yes		1.2
0052c660	FUN_0052c660	C2	doc	re/analysis/bucket_00516bb0/_bucket_halt.md	no	yes		1.2
0052c7a0	FUN_0052c7a0	C2	doc	re/analysis/bucket_00516bb0/_bucket_halt.md	no	yes		1.2
0052cb00	image_library_bmp_loader	C2	doc	re/analysis/bucket_00516bb0/_bucket_halt.md	no	yes		1.2
0052d170	FUN_0052d170	C2	doc	re/analysis/bucket_00516bb0/_bucket_halt.md	no	yes		1.2
0052d7e0	FUN_0052d7e0	C2	doc	re/analysis/bucket_00516bb0/_bucket_halt.md	no	yes		1.2
0052d980	FUN_0052d980	C2	doc	re/analysis/bucket_00516bb0/_bucket_halt.md	no	yes		1.2
0052da20	FUN_0052da20	C2	doc	re/analysis/bucket_00516bb0/_bucket_halt.md	no	yes		1.2
0052daf0	image_library_format_handler_registry	C2	doc	re/analysis/bucket_00516bb0/_bucket_halt.md	no	yes		1.2
0052ddc0	FUN_0052ddc0	C2	doc	re/analysis/bucket_00516bb0/_bucket_halt.md	no	yes		1.2
0052ddf0	FUN_0052ddf0	C2	doc	re/analysis/bucket_00516bb0/_bucket_halt.md	no	yes		1.2
0052de60	FUN_0052de60	C2	doc	re/analysis/bucket_00516bb0/_bucket_halt.md	no	yes		1.2
0052df40	FUN_0052df40	C2	doc	re/analysis/bucket_00516bb0/_bucket_halt.md	no	yes		1.2
00095280	OpenPizFile	C2	doc	re/analysis/bucket_util_00095280_0040e460/00095280.md	no	no		0.2
000952f0	ClosePizFile	C2	doc	re/analysis/bucket_util_00095280_0040e460/000952f0.md	no	no		0.2
000b6570	PizOpen	C2	doc	re/analysis/bucket_util_00095280_0040e460/000b6570.md	no	no		0.2
000b6710	PizWin32Open	C2	doc	re/analysis/bucket_util_00095280_0040e460/000b6710.md	no	no		0.2
000b67e0	PizWin32Read	C2	doc	re/analysis/bucket_util_00095280_0040e460/000b67e0.md	no	no		0.2
000b6940	PizOpenAndParse	C2	doc	re/analysis/bucket_util_00095280_0040e460/000b6940.md	no	no		0.2
001504d0	RtFSManager::FindHandler	C2	doc	re/analysis/bucket_util_00095280_0040e460/001504d0.md	no	no		0.2
00150c30	RtFSHandler::GetFileSlot	C2	doc	re/analysis/bucket_util_00095280_0040e460/00150c30.md	no	no		0.2
00150c50	RtFSHandler::Open	C2	doc	re/analysis/bucket_util_00095280_0040e460/00150c50.md	no	no		0.2
00150d80	RtFSHandler::Close	C2	doc	re/analysis/bucket_util_00095280_0040e460/00150d80.md	no	no		0.2
00150da0	RtFSHandler::ReadAsync	C2	doc	re/analysis/bucket_util_00095280_0040e460/00150da0.md	no	no		0.2
00150f20	RtFSHandler::WriteAsync	C2	doc	re/analysis/bucket_util_00095280_0040e460/00150f20.md	no	no		0.2
00151050	RtFSHandler::Seek	C2	doc	re/analysis/bucket_util_00095280_0040e460/00151050.md	no	no		0.2
00151090	RtFSHandler::Poll	C2	doc	re/analysis/bucket_util_00095280_0040e460/00151090.md	no	no		0.2
00151180	RtFSHandler::Cancel	C2	doc	re/analysis/bucket_util_00095280_0040e460/00151180.md	no	no		0.2
00151190	RtFSHandler::Install	C2	doc	re/analysis/bucket_util_00095280_0040e460/00151190.md	no	no		0.2
00151290	RtFSHandler::Destroy	C2	doc	re/analysis/bucket_util_00095280_0040e460/00151290.md	no	no		0.2
001512b0	RtFSHandler::GetStatus	C2	doc	re/analysis/bucket_util_00095280_0040e460/001512b0.md	no	no		0.2
001512d0	RtFSHandler::Stat	C2	doc	re/analysis/bucket_util_00095280_0040e460/001512d0.md	no	no		0.2
001514e0	RtFSHandler::IsEOF	C2	doc	re/analysis/bucket_util_00095280_0040e460/001514e0.md	no	no		0.2
00402b70	FUN_00402b70	C2	doc	re/analysis/bucket_util_00095280_0040e460/00402b70.md	no	no		0.2
00403250	FUN_00403250	C2	doc	re/analysis/leaderboard_d3/0x00403250.md	no	no		0.2
004039f0	FUN_004039f0	C2	doc	re/analysis/leaderboard_d3/0x004039f0.md	no	no		0.2
00405460	FUN_00405460	C2	doc	re/analysis/game_state_d5-cont1/0x00405460.md	no	no		0.2
00406ce0	FUN_00406ce0	C2	doc	re/analysis/leaderboard_d3/0x00406ce0.md	no	no		0.2
0040ab40	FUN_0040ab40	C2	doc	re/analysis/timer_d2_cont1/0x0040ab40.md	no	no		0.2
0040ac80	FUN_0040ac80	C2	doc	re/analysis/timer_d2_cont1/0x0040ac80.md	no	no		0.2
0040b540	FUN_0040b540	C2	doc	re/analysis/game_state/0x0040b540.md	no	no		0.2
0040b700	FUN_0040b700	C2	doc	re/analysis/game_state/0x0040b700.md	no	no		0.2
0040ce00	FUN_0040ce00	C2	doc	re/analysis/leaderboard_d3/0x0040ce00.md	no	no		0.2
0040d040	Course::ValidateCarsFinished	C2	doc	re/analysis/leaderboard_d2/0x0040d040.md	no	no		0.2
0040d470	FUN_0040d470	C2	doc	re/analysis/leaderboard_d3/0x0040d470.md	no	no		0.2
0040da50	FUN_0040da50	C2	doc	re/analysis/leaderboard_d3/0x0040da50.md	no	no		0.2
0040dba0	FUN_0040dba0	C2	doc	re/analysis/leaderboard_d3/0x0040dba0.md	no	no		0.2
0040ddb0	FUN_0040ddb0	C2	doc	re/analysis/timer_d3/0x0040ddb0.md	no	no		0.2
0040de10	FUN_0040de10	C2	doc	re/analysis/timer_d2_cont1/0x0040de10.md	no	no		0.2
0040e4b0	Race::GetSoleFinishedPlayer	C2	doc	re/analysis/profile_career_d2/fun_00448220.md	no	no		0.2
0040e560	FUN_0040e560	C2	doc	re/analysis/leaderboard_d2/0x0040e560.md	no	no		0.2
0040e590	FUN_0040e590	C2	doc	re/analysis/game_state_d5-cont1/0x0040e590.md	no	no		0.2
0040fc00	Race::Tick	C2	doc	re/analysis/leaderboard_d2/0x0040fc00.md	no	no		0.2
004102f0	FUN_004102f0	C2	doc	re/analysis/game_state_d5/0x004102f0.md	no	no		0.2
004103a0	TimeTrial::LapFinishProcessor	C2	doc	re/analysis/leaderboard_d2/0x004103a0.md	no	no		0.2
004189a0	FUN_004189a0	C2	doc	re/analysis/leaderboard_d3/0x004189a0.md	no	no		0.2
004215a0	FUN_004215a0	C2	doc	re/analysis/leaderboard_d3/0x004215a0.md	no	no		0.2
004222d0	FUN_004222d0	C2	doc	re/analysis/leaderboard_d3/0x004222d0.md	no	no		0.2
00425a40	FUN_00425a40	C2	doc	re/analysis/leaderboard_d3/0x00425a40.md	no	no		0.2
00425d50	FUN_00425d50	C2	doc	re/analysis/leaderboard_d3/0x00425d50.md	no	no		0.2
004292d0	sub_004292d0	C2	doc	re/analysis/timer_d3_cont1_b/0x004292d0.md	no	no		0.2
00429310	TimeTrial::Tick	C2	doc	re/analysis/leaderboard/0x00429310.md	no	no		0.2
0042c220	FUN_0042c220	C2	doc	re/analysis/skeleton_prep_game_state/0042c220.md	no	no		0.2
0043d7c0	FUN_0043d7c0	C2	doc	re/analysis/skeleton_prep_render/0043d7c0.md	no	no		0.2
004417e0	FUN_004417e0	C2	doc	re/analysis/timer_d3/0x004417e0.md	no	no		0.2
00441c80	FUN_00441c80	C2	doc	re/analysis/game_state_d5/0x00441c80.md	no	no		0.2
00441d40	FUN_00441d40	C2	doc	re/analysis/game_state_d4/0x00441d40.md	no	no		0.2
00445aa0	FUN_00445aa0	C2	doc	re/analysis/game_state_d4/0x00445aa0.md	no	no		0.2
00458bf0	FUN_00458bf0	C2	doc	re/analysis/timer_d3_cont1_b/0x00458bf0.md	no	no		0.2
00459560	FUN_00459560	C2	doc	re/analysis/timer_d3_cont1_b/0x00459560.md	no	no		0.2
0045bba0	FUN_0045bba0	C2	doc	re/analysis/leaderboard_d3/0x0045bba0.md	no	no		0.2
0045d1e0	FUN_0045d1e0	C2	doc	re/analysis/timer_d3/0x0045d1e0.md	no	no		0.2
0045d330	FUN_0045d330	C2	doc	re/analysis/timer_d3/0x0045d330.md	no	no		0.2
0045d3a0	FUN_0045d3a0	C2	doc	re/analysis/timer_d2_cont1/0x0045d3a0.md	no	no		0.2
0045d7a0	FUN_0045d7a0	C2	doc	re/analysis/timer_d2_cont1/0x0045d7a0.md	no	no		0.2
0045db50	FUN_0045db50	C2	doc	re/analysis/timer_d3/0x0045db50.md	no	no		0.2
0045dbe0	FUN_0045dbe0	C2	doc	re/analysis/timer_d3/0x0045dbe0.md	no	no		0.2
0045dfc0	FUN_0045dfc0	C2	doc	re/analysis/timer_d3_cont1_b/0x0045dfc0.md	no	no		0.2
004657b0	FUN_004657b0	C2	doc	re/analysis/timer_d3/0x004657b0.md	no	no		0.2
00472650	FUN_00472650	C2	doc	re/analysis/ai_update_d2/0x00472650.md	no	no		0.2
004728a0	FUN_004728a0	C2	doc	re/analysis/timer_d3_cont1_b/0x004728a0.md	no	no		0.2
00475c10	FUN_00475c10	C2	doc	re/analysis/leaderboard_d3/0x00475c10.md	no	no		0.2
00476430	thunk_FUN_00475ef0	C2	doc	re/analysis/timer_d3_cont2/0x00476430.md	no	no		0.2
00476440	FUN_00476440	C2	doc	re/analysis/leaderboard_d3/0x00476440.md	no	no		0.2
004777d0	FUN_004777d0	C2	doc	re/analysis/leaderboard_d3/0x004777d0.md	no	no		0.2
00477920	FUN_00477920	C2	doc	re/analysis/leaderboard_d3/0x00477920.md	no	no		0.2
004785e0	FUN_004785e0	C2	doc	re/analysis/track_loader_d3/004785e0.md	no	no		0.2
00485070	FUN_00485070	C2	doc	re/analysis/leaderboard_d3/0x00485070.md	no	no		0.2
00488e70	FUN_00488e70	C2	doc	re/analysis/leaderboard_d3/0x00488e70.md	no	no		0.2
00490380	FUN_00490380	C2	doc	re/analysis/leaderboard_d3/0x00490380.md	no	no		0.2
004929d0	FUN_004929d0	C2	doc	re/analysis/game_state/0x004929d0.md	no	no		0.2
00493390	FUN_00493390	C2	doc	re/analysis/cluster_0049_first_pass/00493390.md	no	no		0.2
00493b50	FUN_00493b50	C2	doc	re/analysis/video_mci/0x00493b50.md	no	no		0.2
00493bc0	FUN_00493bc0	C2	doc	re/analysis/video_mci/0x00493bc0.md	no	no		0.2
00493c00	FUN_00493c00	C2	doc	re/analysis/video_mci/0x00493c00.md	no	no		0.2
00493f00	FUN_00493f00	C2	doc	re/analysis/video_mci/0x00493f00.md	no	no		0.2
004944c0	FUN_004944c0	C2	doc	re/analysis/video_mci/0x004944c0.md	no	no		0.2
00494ac0	FUN_00494ac0	C2	doc	re/analysis/video_mci/0x00494ac0.md	no	no		0.2
00494ee0	thunk_FUN_004d8560	C2	doc	re/analysis/cluster_0049_first_pass/00494ee0.md	no	no		0.2
00494f00	thunk_FUN_00494a80	C2	doc	re/analysis/timer_d3_cont2/0x00494f00.md	no	no		0.2
00494f10	thunk_FUN_00494480	C2	doc	re/analysis/timer_d3_cont2/0x00494f10.md	no	no		0.2
00495110	FUN_00495110	C2	doc	re/analysis/timer/0x00495110.md	no	no		0.2
00496d00	FUN_00496d00	C2	doc	re/analysis/cluster_0049_first_pass/00496d00.md	no	no		0.2
00496d60	FUN_00496d60	C2	doc	re/analysis/cluster_0049_first_pass/00496d60.md	no	no		0.2
00496db0	FUN_00496db0	C2	doc	re/analysis/cluster_0049_first_pass/00496db0.md	no	no		0.2
00498810	FUN_00498810	C2	doc	re/analysis/timer_d3/0x00498810.md	no	no		0.2
0049cfb0	FUN_0049cfb0	C2	doc	re/analysis/timer/0x0049cfb0.md	no	no		0.2
0049d080	FUN_0049d080	C2	doc	re/analysis/timer/0x0049d080.md	no	no		0.2
0049d240	FUN_0049d240	C2	doc	re/analysis/timer/0x0049d240.md	no	no		0.2
0049d270	FUN_0049d270	C2	doc	re/analysis/timer/0x0049d270.md	no	no		0.2
004a3ac9	FUN_004a3ac9	C2	doc	re/analysis/boot_subsystem_d3/0x004a3ac9.md	no	no		0.2
004af2d4	FUN_004af2d4	C2	doc	re/analysis/exception_filter/0x004af2d4.md	no	no		0.2
004af32d	FUN_004af32d	C2	doc	re/analysis/exception_filter/0x004af32d.md	no	no		0.2
004b302f	__stricmp	C2	doc	re/analysis/promote_c2_txd_loader/004b302f.md	no	no		0.2
004b44f0	FUN_004b44f0	C2	doc	re/analysis/random_rng/0x004b44f0.md	no	no		0.2
004b4510	FUN_004b4510	C2	doc	re/analysis/random_rng/0x004b4510.md	no	no		0.2
004c4dc0	FUN_004c4dc0	C2	doc	re/analysis/bucket_c1_strays/0x004c4dc0.md	no	no		0.2
004ccde0	FUN_004ccde0	C2	doc	re/analysis/track_world_initial_sweep/004ccde0.md	no	no		0.2
00517250	FUN_00517250	C2	doc	re/analysis/memory_pool/00517250.md	no	no		0.2
005208c0	FUN_005208c0	C2	doc	re/analysis/memory_pool/005208c0.md	no	no		0.2
00534920	FUN_00534920	C2	doc	re/analysis/random_rng/0x00534920.md	no	no		0.2
00550430	FUN_00550430	C2	doc	re/analysis/input_dinput_d3/00550430.md	no	no		0.2
00550be0	FUN_00550be0	C2	doc	re/analysis/timer_d3_cont2/0x00550be0.md	no	no		0.2
005ab040	FUN_005ab040	C2	doc	re/analysis/timer/0x005ab040.md	no	no		0.2
005c9d00	GetRaceEndTrigger	C2	cpp	util/gamestategetters.cpp	yes	yes	DEMOTED	-46.8
004950b0	FUN_004950b0	C2	doc	re/analysis/timer/0x004950b0.md	no	yes	DEMOTED	-48.8
