frame,call,state,slot,ctrl,cur3,prev3,cur4,prev4,boxstate,dt,act,code_pre,h_pre,code_post,h_post,fire_modes,canfire_rets,deact_ra,rec_pre,rec_post
1,1,6,0,0,0,0,0,0,0,0.0166666657,AMORTAR,7,0,7,0,,0,,3|-1|0|0|0|0|0,3|-1|0|0|0|0|0
2,2,6,0,0,255,0,0,0,0,0.0166666657,,7,0,7,0,2,0,,3|-1|0|0|0|0|0,3|-1|0|0|0|0|0
3,3,6,0,0,0,255,0,0,0,0.0166666657,,7,0,7,0,1,0,,3|-1|0|0|0|0|0,2|0.383333325|0|0|0|0|0
4,4,6,0,0,0,0,0,0,0,0.0166666657,,7,0,7,0,,0,,2|0.383333325|0|0|0|0|0,2|0.366666675|0|0|0|0|0
5,5,6,0,0,0,0,0,0,0,0.0166666657,,7,0,7,0,,0,,2|0.366666675|0|0|0|0|0,2|0.350000024|0|0|0|0|0
6,6,6,0,0,0,0,0,0,0,0.0166666657,,7,0,7,0,,0,,2|0.350000024|0|0|0|0|0,2|0.333333373|0|0|0|0|0
7,7,6,0,0,0,0,0,0,0,0.0166666657,,7,0,7,0,,0,,2|0.333333373|0|0|0|0|0,2|0.316666722|0|0|0|0|0
8,8,6,0,0,0,0,0,0,0,0.0166666657,,7,0,7,0,,0,,2|0.316666722|0|0|0|0|0,2|0.300000072|0|0|0|0|0
9,9,6,0,0,255,0,0,0,0,0.0166666657,,7,0,7,0,2,0,,2|0.300000072|0|0|0|0|0,2|0.283333421|0|0|0|0|0
10,10,6,0,0,255,255,0,0,0,0.0166666657,,7,0,7,0,3,0,,2|0.283333421|0|0|0|0|0,2|0.26666677|0|0|0|0|0
11,11,6,0,0,0,255,0,0,0,0.0166666657,,7,0,7,0,1,0,,2|0.26666677|0|0|0|0|0,2|0.250000119|0|0|0|0|0
12,12,6,0,0,0,0,0,0,0,0.0166666657,,7,0,7,0,,0,,2|0.250000119|0|0|0|0|0,2|0.233333454|0|0|0|0|0
13,13,6,0,0,0,0,0,0,0,0.0166666657,,7,0,7,0,,0,,2|0.233333454|0|0|0|0|0,2|0.216666788|0|0|0|0|0
14,14,6,0,0,0,0,0,0,0,0.0166666657,,7,0,7,0,,0,,2|0.216666788|0|0|0|0|0,2|0.200000122|0|0|0|0|0
15,15,6,0,0,0,0,0,0,0,0.0166666657,,7,0,7,0,,0,,2|0.200000122|0|0|0|0|0,2|0.183333457|0|0|0|0|0
16,16,6,0,0,0,0,0,0,0,0.0166666657,,7,0,7,0,,0,,2|0.183333457|0|0|0|0|0,2|0.166666791|0|0|0|0|0
17,17,6,0,0,255,0,0,0,0,0.0166666657,,7,0,7,0,2,0,,2|0.166666791|0|0|0|0|0,2|0.150000125|0|0|0|0|0
18,18,6,0,0,255,255,0,0,0,0.0166666657,,7,0,7,0,3,0,,2|0.150000125|0|0|0|0|0,2|0.133333459|0|0|0|0|0
19,19,6,0,0,255,255,0,0,0,0.0166666657,,7,0,7,0,3,0,,2|0.133333459|0|0|0|0|0,2|0.116666794|0|0|0|0|0
20,20,6,0,0,255,255,0,0,0,0.0166666657,,7,0,7,0,3,0,,2|0.116666794|0|0|0|0|0,2|0.100000128|0|0|0|0|0
21,21,6,0,0,255,255,0,0,0,0.0166666657,,7,0,7,0,3,0,,2|0.100000128|0|0|0|0|0,2|0.0833334625|0|0|0|0|0
22,22,6,0,0,255,255,0,0,0,0.0166666657,,7,0,7,0,3,0,,2|0.0833334625|0|0|0|0|0,2|0.0666667968|0|0|0|0|0
23,23,6,0,0,0,255,0,0,0,0.0166666657,,7,0,7,0,1,0,,2|0.0666667968|0|0|0|0|0,2|0.0500001311|0|0|0|0|0
24,24,6,0,0,0,0,0,0,0,0.0166666657,,7,0,7,0,,0,,2|0.0500001311|0|0|0|0|0,2|0.0333334655|0|0|0|0|0
25,25,6,0,0,0,0,0,0,0,0.0166666657,,7,0,7,0,,0,,2|0.0333334655|0|0|0|0|0,2|0.0166667998|0|0|0|0|0
26,26,6,0,0,0,0,0,0,0,0.0166666657,,7,0,7,0,,0,,2|0.0166667998|0|0|0|0|0,2|1.34110451e-07|0|0|0|0|0
27,27,6,0,0,0,0,0,0,0,0.0166666657,,7,0,7,0,,0,,2|1.34110451e-07|0|0|0|0|0,2|-0.0166665316|0|0|0|0|0
28,28,6,0,0,0,0,0,0,0,0.0166666657,,7,0,7,0,,0,,2|-0.0166665316|0|0|0|0|0,2|-0.0166665316|0|0|0|0|0
29,29,6,0,0,255,0,0,0,0,0.0166666657,,7,0,7,0,2,0,,2|-0.0166665316|0|0|0|0|0,2|-0.0166665316|0|0|0|0|0
30,30,6,0,0,255,255,0,0,0,0.0166666657,,7,0,7,0,3,0,,2|-0.0166665316|0|0|0|0|0,2|-0.0166665316|0|0|0|0|0
31,31,6,0,0,255,255,0,0,0,0.0166666657,,7,0,7,0,3,0,,2|-0.0166665316|0|0|0|0|0,2|-0.0166665316|0|0|0|0|0
32,32,6,0,0,255,255,0,0,0,0.0166666657,,7,0,7,0,3,0,,2|-0.0166665316|0|0|0|0|0,2|-0.0166665316|0|0|0|0|0
33,33,6,0,0,255,255,0,0,0,0.0166666657,,7,0,7,0,3,0,,2|-0.0166665316|0|0|0|0|0,2|-0.0166665316|0|0|0|0|0
34,34,6,0,0,255,255,0,0,0,0.0166666657,,7,0,7,0,3,0,,2|-0.0166665316|0|0|0|0|0,2|-0.0166665316|0|0|0|0|0
35,35,6,0,0,255,255,0,0,0,0.0166666657,,7,0,7,0,3,0,,2|-0.0166665316|0|0|0|0|0,2|-0.0166665316|0|0|0|0|0
36,36,6,0,0,255,255,0,0,0,0.0166666657,,7,0,7,0,3,0,,2|-0.0166665316|0|0|0|0|0,2|-0.0166665316|0|0|0|0|0
37,37,6,0,0,255,255,0,0,0,0.0166666657,,7,0,7,0,3,0,,2|-0.0166665316|0|0|0|0|0,2|-0.0166665316|0|0|0|0|0
38,38,6,0,0,255,255,0,0,0,0.0166666657,,7,0,7,0,3,0,,2|-0.0166665316|0|0|0|0|0,2|-0.0166665316|0|0|0|0|0
39,39,6,0,0,255,255,0,0,0,0.0166666657,,7,0,7,0,3,0,,2|-0.0166665316|0|0|0|0|0,2|-0.0166665316|0|0|0|0|0
40,40,6,0,0,255,255,0,0,0,0.0166666657,,7,0,7,0,3,0,,2|-0.0166665316|0|0|0|0|0,2|-0.0166665316|0|0|0|0|0
41,41,6,0,0,255,255,0,0,0,0.0166666657,,7,0,7,0,3,0,,2|-0.0166665316|0|0|0|0|0,2|-0.0166665316|0|0|0|0|0
42,42,6,0,0,255,255,0,0,0,0.0166666657,,7,0,7,0,3,0,,2|-0.0166665316|0|0|0|0|0,2|-0.0166665316|0|0|0|0|0
43,43,6,0,0,255,255,0,0,0,0.0166666657,,7,0,7,0,3,0,,2|-0.0166665316|0|0|0|0|0,2|-0.0166665316|0|0|0|0|0
44,44,6,0,0,255,255,0,0,0,0.0166666657,,7,0,7,0,3,0,,2|-0.0166665316|0|0|0|0|0,2|-0.0166665316|0|0|0|0|0
45,45,6,0,0,255,255,0,0,0,0.0166666657,,7,0,7,0,3,0,,2|-0.0166665316|0|0|0|0|0,2|-0.0166665316|0|0|0|0|0
46,46,6,0,0,255,255,0,0,0,0.0166666657,,7,0,7,0,3,0,,2|-0.0166665316|0|0|0|0|0,2|-0.0166665316|0|0|0|0|0
47,47,6,0,0,255,255,0,0,0,0.0166666657,,7,0,7,0,3,0,,2|-0.0166665316|0|0|0|0|0,2|-0.0166665316|0|0|0|0|0
48,48,6,0,0,255,255,0,0,0,0.0166666657,,7,0,7,0,3,0,,2|-0.0166665316|0|0|0|0|0,2|-0.0166665316|0|0|0|0|0
49,49,6,0,0,255,255,0,0,0,0.0166666657,,7,0,7,0,3,0,,2|-0.0166665316|0|0|0|0|0,2|-0.0166665316|0|0|0|0|0
50,50,6,0,0,255,255,0,0,0,0.0166666657,,7,0,7,0,3,0,,2|-0.0166665316|0|0|0|0|0,2|-0.0166665316|0|0|0|0|0
51,51,6,0,0,255,255,0,0,0,0.0166666657,,7,0,7,0,3,0,,2|-0.0166665316|0|0|0|0|0,2|-0.0166665316|0|0|0|0|0
52,52,6,0,0,255,255,0,0,0,0.0166666657,,7,0,7,0,3,0,,2|-0.0166665316|0|0|0|0|0,2|-0.0166665316|0|0|0|0|0
53,53,6,0,0,255,255,0,0,0,0.0166666657,,7,0,7,0,3,0,,2|-0.0166665316|0|0|0|0|0,2|-0.0166665316|0|0|0|0|0
54,54,6,0,0,255,255,0,0,0,0.0166666657,,7,0,7,0,3,0,,2|-0.0166665316|0|0|0|0|0,2|-0.0166665316|0|0|0|0|0
55,55,6,0,0,255,255,0,0,0,0.0166666657,,7,0,7,0,3,0,,2|-0.0166665316|0|0|0|0|0,2|-0.0166665316|0|0|0|0|0
56,56,6,0,0,255,255,0,0,0,0.0166666657,,7,0,7,0,3,0,,2|-0.0166665316|0|0|0|0|0,2|-0.0166665316|0|0|0|0|0
57,57,6,0,0,255,255,0,0,0,0.0166666657,,7,0,7,0,3,0,,2|-0.0166665316|0|0|0|0|0,2|-0.0166665316|0|0|0|0|0
58,58,6,0,0,255,255,0,0,0,0.0166666657,,7,0,7,0,3,0,,2|-0.0166665316|0|0|0|0|0,2|-0.0166665316|0|0|0|0|0
59,59,6,0,0,0,255,0,0,0,0.0166666657,,7,0,7,0,1,0,,2|-0.0166665316|0|0|0|0|0,1|0.383333325|0|0|0|0|0
60,60,6,0,0,0,0,0,0,0,0.0166666657,,7,0,7,0,,0,,1|0.383333325|0|0|0|0|0,1|0.366666675|0|0|0|0|0
61,61,6,0,0,0,0,0,0,0,0.0166666657,,7,0,7,0,,0,,1|0.366666675|0|0|0|0|0,1|0.350000024|0|0|0|0|0
62,62,6,0,0,0,0,0,0,0,0.0166666657,,7,0,7,0,,0,,1|0.350000024|0|0|0|0|0,1|0.333333373|0|0|0|0|0
63,63,6,0,0,0,0,0,0,0,0.0166666657,,7,0,7,0,,0,,1|0.333333373|0|0|0|0|0,1|0.316666722|0|0|0|0|0
64,64,6,0,0,0,0,0,0,0,0.0166666657,,7,0,7,0,,0,,1|0.316666722|0|0|0|0|0,1|0.300000072|0|0|0|0|0
65,65,6,0,0,0,0,0,0,0,0.0166666657,,7,0,7,0,,0,,1|0.300000072|0|0|0|0|0,1|0.283333421|0|0|0|0|0
66,66,6,0,0,0,0,0,0,0,0.0166666657,,7,0,7,0,,0,,1|0.283333421|0|0|0|0|0,1|0.26666677|0|0|0|0|0
67,67,6,0,0,255,0,0,0,0,0.0166666657,,7,0,7,0,2,0,,1|0.26666677|0|0|0|0|0,1|0.250000119|0|0|0|0|0
68,68,6,0,0,0,255,0,0,0,0.0166666657,,7,0,7,0,1,0,,1|0.250000119|0|0|0|0|0,1|0.233333454|0|0|0|0|0
69,69,6,0,0,0,0,0,0,0,0.0166666657,,7,0,7,0,,0,,1|0.233333454|0|0|0|0|0,1|0.216666788|0|0|0|0|0
70,70,6,0,0,0,0,0,0,0,0.0166666657,,7,0,7,0,,0,,1|0.216666788|0|0|0|0|0,1|0.200000122|0|0|0|0|0
71,71,6,0,0,0,0,0,0,0,0.0166666657,,7,0,7,0,,0,,1|0.200000122|0|0|0|0|0,1|0.183333457|0|0|0|0|0
72,72,6,0,0,0,0,0,0,0,0.0166666657,,7,0,7,0,,0,,1|0.183333457|0|0|0|0|0,1|0.166666791|0|0|0|0|0
73,73,6,0,0,0,0,0,0,0,0.0166666657,,7,0,7,0,,0,,1|0.166666791|0|0|0|0|0,1|0.150000125|0|0|0|0|0
74,74,6,0,0,255,0,0,0,0,0.0166666657,,7,0,7,0,2,0,,1|0.150000125|0|0|0|0|0,1|0.133333459|0|0|0|0|0
75,75,6,0,0,0,255,0,0,0,0.0166666657,,7,0,7,0,1,0,,1|0.133333459|0|0|0|0|0,1|0.116666794|0|0|0|0|0
76,76,6,0,0,0,0,0,0,0,0.0166666657,,7,0,7,0,,0,,1|0.116666794|0|0|0|0|0,1|0.100000128|0|0|0|0|0
77,77,6,0,0,0,0,0,0,0,0.0166666657,,7,0,7,0,,0,,1|0.100000128|0|0|0|0|0,1|0.0833334625|0|0|0|0|0
78,78,6,0,0,0,0,0,0,0,0.0166666657,,7,0,7,0,,0,,1|0.0833334625|0|0|0|0|0,1|0.0666667968|0|0|0|0|0
79,79,6,0,0,0,0,0,0,0,0.0166666657,,7,0,7,0,,0,,1|0.0666667968|0|0|0|0|0,1|0.0500001311|0|0|0|0|0
80,80,6,0,0,0,0,0,0,0,0.0166666657,,7,0,7,0,,0,,1|0.0500001311|0|0|0|0|0,1|0.0333334655|0|0|0|0|0
81,81,6,0,0,255,0,0,0,0,0.0166666657,,7,0,7,0,2,0,,1|0.0333334655|0|0|0|0|0,1|0.0166667998|0|0|0|0|0
82,82,6,0,0,255,255,0,0,0,0.0166666657,,7,0,7,0,3,0,,1|0.0166667998|0|0|0|0|0,1|1.34110451e-07|0|0|0|0|0
83,83,6,0,0,0,255,0,0,0,0.0166666657,,7,0,7,0,1,0,,1|1.34110451e-07|0|0|0|0|0,1|-0.0166665316|0|0|0|0|0
84,84,6,0,0,0,0,0,0,0,0.0166666657,,7,0,7,0,,0,,1|-0.0166665316|0|0|0|0|0,1|-0.0166665316|0|0|0|0|0
85,85,6,0,0,0,0,0,0,0,0.0166666657,,7,0,7,0,,0,,1|-0.0166665316|0|0|0|0|0,1|-0.0166665316|0|0|0|0|0
86,86,6,0,0,0,0,0,0,0,0.0166666657,,7,0,7,0,,0,,1|-0.0166665316|0|0|0|0|0,1|-0.0166665316|0|0|0|0|0
87,87,6,0,0,0,0,0,0,0,0.0166666657,,7,0,7,0,,0,,1|-0.0166665316|0|0|0|0|0,1|-0.0166665316|0|0|0|0|0
88,88,6,0,0,0,0,0,0,0,0.0166666657,,7,0,7,0,,0,,1|-0.0166665316|0|0|0|0|0,1|-0.0166665316|0|0|0|0|0
89,89,6,0,0,0,0,0,0,0,0.0166666657,,7,0,7,0,,0,,1|-0.0166665316|0|0|0|0|0,1|-0.0166665316|0|0|0|0|0
90,90,6,0,0,0,0,0,0,0,0.0166666657,,7,0,7,0,,0,,1|-0.0166665316|0|0|0|0|0,1|-0.0166665316|0|0|0|0|0
91,91,6,0,0,0,0,0,0,0,0.0166666657,,7,0,7,0,,0,,1|-0.0166665316|0|0|0|0|0,1|-0.0166665316|0|0|0|0|0
92,92,6,0,0,0,0,0,0,0,0.0166666657,,7,0,7,0,,0,,1|-0.0166665316|0|0|0|0|0,1|-0.0166665316|0|0|0|0|0
93,93,6,0,0,255,0,0,0,0,0.0166666657,,7,0,7,0,2,0,,1|-0.0166665316|0|0|0|0|0,1|-0.0166665316|0|0|0|0|0
94,94,6,0,0,255,255,0,0,0,0.0166666657,,7,0,7,0,3,0,,1|-0.0166665316|0|0|0|0|0,1|-0.0166665316|0|0|0|0|0
95,95,6,0,0,255,255,0,0,0,0.0166666657,,7,0,7,0,3,0,,1|-0.0166665316|0|0|0|0|0,1|-0.0166665316|0|0|0|0|0
96,96,6,0,0,255,255,0,0,0,0.0166666657,,7,0,7,0,3,0,,1|-0.0166665316|0|0|0|0|0,1|-0.0166665316|0|0|0|0|0
97,97,6,0,0,255,255,0,0,0,0.0166666657,,7,0,7,0,3,0,,1|-0.0166665316|0|0|0|0|0,1|-0.0166665316|0|0|0|0|0
98,98,6,0,0,255,255,0,0,0,0.0166666657,,7,0,7,0,3,0,,1|-0.0166665316|0|0|0|0|0,1|-0.0166665316|0|0|0|0|0
99,99,6,0,0,255,255,0,0,0,0.0166666657,,7,0,7,0,3,0,,1|-0.0166665316|0|0|0|0|0,1|-0.0166665316|0|0|0|0|0
100,100,6,0,0,255,255,0,0,0,0.0166666657,,7,0,7,0,3,0,,1|-0.0166665316|0|0|0|0|0,1|-0.0166665316|0|0|0|0|0
101,101,6,0,0,255,255,0,0,0,0.0166666657,,7,0,7,0,3,0,,1|-0.0166665316|0|0|0|0|0,1|-0.0166665316|0|0|0|0|0
102,102,6,0,0,255,255,0,0,0,0.0166666657,,7,0,7,0,3,0,,1|-0.0166665316|0|0|0|0|0,1|-0.0166665316|0|0|0|0|0
103,103,6,0,0,255,255,0,0,0,0.0166666657,,7,0,7,0,3,0,,1|-0.0166665316|0|0|0|0|0,1|-0.0166665316|0|0|0|0|0
104,104,6,0,0,255,255,0,0,0,0.0166666657,,7,0,7,0,3,0,,1|-0.0166665316|0|0|0|0|0,1|-0.0166665316|0|0|0|0|0
105,105,6,0,0,255,255,0,0,0,0.0166666657,,7,0,7,0,3,0,,1|-0.0166665316|0|0|0|0|0,1|-0.0166665316|0|0|0|0|0
106,106,6,0,0,255,255,0,0,0,0.0166666657,,7,0,7,0,3,0,,1|-0.0166665316|0|0|0|0|0,1|-0.0166665316|0|0|0|0|0
107,107,6,0,0,255,255,0,0,0,0.0166666657,,7,0,7,0,3,0,,1|-0.0166665316|0|0|0|0|0,1|-0.0166665316|0|0|0|0|0
108,108,6,0,0,255,255,0,0,0,0.0166666657,,7,0,7,0,3,0,,1|-0.0166665316|0|0|0|0|0,1|-0.0166665316|0|0|0|0|0
109,109,6,0,0,255,255,0,0,0,0.0166666657,,7,0,7,0,3,0,,1|-0.0166665316|0|0|0|0|0,1|-0.0166665316|0|0|0|0|0
110,110,6,0,0,255,255,0,0,0,0.0166666657,,7,0,7,0,3,0,,1|-0.0166665316|0|0|0|0|0,1|-0.0166665316|0|0|0|0|0
111,111,6,0,0,255,255,0,0,0,0.0166666657,,7,0,7,0,3,0,,1|-0.0166665316|0|0|0|0|0,1|-0.0166665316|0|0|0|0|0
112,112,6,0,0,255,255,0,0,0,0.0166666657,,7,0,7,0,3,0,,1|-0.0166665316|0|0|0|0|0,1|-0.0166665316|0|0|0|0|0
113,113,6,0,0,255,255,0,0,0,0.0166666657,,7,0,7,0,3,0,,1|-0.0166665316|0|0|0|0|0,1|-0.0166665316|0|0|0|0|0
114,114,6,0,0,255,255,0,0,0,0.0166666657,,7,0,7,0,3,0,,1|-0.0166665316|0|0|0|0|0,1|-0.0166665316|0|0|0|0|0
115,115,6,0,0,255,255,0,0,0,0.0166666657,,7,0,7,0,3,0,,1|-0.0166665316|0|0|0|0|0,1|-0.0166665316|0|0|0|0|0
116,116,6,0,0,255,255,0,0,0,0.0166666657,,7,0,7,0,3,0,,1|-0.0166665316|0|0|0|0|0,1|-0.0166665316|0|0|0|0|0
117,117,6,0,0,255,255,0,0,0,0.0166666657,,7,0,7,0,3,0,,1|-0.0166665316|0|0|0|0|0,1|-0.0166665316|0|0|0|0|0
118,118,6,0,0,255,255,0,0,0,0.0166666657,,7,0,7,0,3,0,,1|-0.0166665316|0|0|0|0|0,1|-0.0166665316|0|0|0|0|0
119,119,6,0,0,255,255,0,0,0,0.0166666657,,7,0,7,0,3,0,,1|-0.0166665316|0|0|0|0|0,1|-0.0166665316|0|0|0|0|0
120,120,6,0,0,255,255,0,0,0,0.0166666657,,7,0,7,0,3,0,,1|-0.0166665316|0|0|0|0|0,1|-0.0166665316|0|0|0|0|0
121,121,6,0,0,255,255,0,0,0,0.0166666657,,7,0,7,0,3,0,,1|-0.0166665316|0|0|0|0|0,1|-0.0166665316|0|0|0|0|0
122,122,6,0,0,255,255,0,0,0,0.0166666657,,7,0,7,0,3,0,,1|-0.0166665316|0|0|0|0|0,1|-0.0166665316|0|0|0|0|0
123,123,6,0,0,255,255,0,0,0,0.0166666657,,7,0,7,0,3,0,,1|-0.0166665316|0|0|0|0|0,1|-0.0166665316|0|0|0|0|0
124,124,6,0,0,255,255,0,0,0,0.0166666657,,7,0,7,0,3,0,,1|-0.0166665316|0|0|0|0|0,1|-0.0166665316|0|0|0|0|0
125,125,6,0,0,255,255,0,0,0,0.0166666657,,7,0,7,0,3,0,,1|-0.0166665316|0|0|0|0|0,1|-0.0166665316|0|0|0|0|0
126,126,6,0,0,255,255,0,0,0,0.0166666657,,7,0,7,0,3,0,,1|-0.0166665316|0|0|0|0|0,1|-0.0166665316|0|0|0|0|0
127,127,6,0,0,255,255,0,0,0,0.0166666657,,7,0,7,0,3,0,,1|-0.0166665316|0|0|0|0|0,1|-0.0166665316|0|0|0|0|0
128,128,6,0,0,255,255,0,0,0,0.0166666657,,7,0,7,0,3,0,,1|-0.0166665316|0|0|0|0|0,1|-0.0166665316|0|0|0|0|0
129,129,6,0,0,255,255,0,0,0,0.0166666657,,7,0,7,0,3,0,,1|-0.0166665316|0|0|0|0|0,1|-0.0166665316|0|0|0|0|0
130,130,6,0,0,255,255,0,0,0,0.0166666657,,7,0,7,0,3,0,,1|-0.0166665316|0|0|0|0|0,1|-0.0166665316|0|0|0|0|0
131,131,6,0,0,255,255,0,0,0,0.0166666657,,7,0,7,0,3,0,,1|-0.0166665316|0|0|0|0|0,1|-0.0166665316|0|0|0|0|0
132,132,6,0,0,255,255,0,0,0,0.0166666657,,7,0,7,0,3,0,,1|-0.0166665316|0|0|0|0|0,1|-0.0166665316|0|0|0|0|0
133,133,6,0,0,255,255,0,0,0,0.0166666657,,7,0,7,0,3,0,,1|-0.0166665316|0|0|0|0|0,1|-0.0166665316|0|0|0|0|0
134,134,6,0,0,255,255,0,0,0,0.0166666657,,7,0,7,0,3,0,,1|-0.0166665316|0|0|0|0|0,1|-0.0166665316|0|0|0|0|0
135,135,6,0,0,255,255,0,0,0,0.0166666657,,7,0,7,0,3,0,,1|-0.0166665316|0|0|0|0|0,1|-0.0166665316|0|0|0|0|0
136,136,6,0,0,255,255,0,0,0,0.0166666657,,7,0,7,0,3,0,,1|-0.0166665316|0|0|0|0|0,1|-0.0166665316|0|0|0|0|0
137,137,6,0,0,255,255,0,0,0,0.0166666657,,7,0,7,0,3,0,,1|-0.0166665316|0|0|0|0|0,1|-0.0166665316|0|0|0|0|0
138,138,6,0,0,255,255,0,0,0,0.0166666657,,7,0,7,0,3,0,,1|-0.0166665316|0|0|0|0|0,1|-0.0166665316|0|0|0|0|0
139,139,6,0,0,255,255,0,0,0,0.0166666657,,7,0,7,0,3,0,,1|-0.0166665316|0|0|0|0|0,1|-0.0166665316|0|0|0|0|0
140,140,6,0,0,255,255,0,0,0,0.0166666657,,7,0,7,0,3,0,,1|-0.0166665316|0|0|0|0|0,1|-0.0166665316|0|0|0|0|0
141,141,6,0,0,255,255,0,0,0,0.0166666657,,7,0,7,0,3,0,,1|-0.0166665316|0|0|0|0|0,1|-0.0166665316|0|0|0|0|0
142,142,6,0,0,255,255,0,0,0,0.0166666657,,7,0,7,0,3,0,,1|-0.0166665316|0|0|0|0|0,1|-0.0166665316|0|0|0|0|0
143,143,6,0,0,255,255,0,0,0,0.0166666657,,7,0,7,0,3,0,,1|-0.0166665316|0|0|0|0|0,1|-0.0166665316|0|0|0|0|0
144,144,6,0,0,255,255,0,0,0,0.0166666657,,7,0,7,0,3,0,,1|-0.0166665316|0|0|0|0|0,1|-0.0166665316|0|0|0|0|0
145,145,6,0,0,255,255,0,0,0,0.0166666657,,7,0,7,0,3,0,,1|-0.0166665316|0|0|0|0|0,1|-0.0166665316|0|0|0|0|0
146,146,6,0,0,255,255,0,0,0,0.0166666657,,7,0,7,0,3,0,,1|-0.0166665316|0|0|0|0|0,1|-0.0166665316|0|0|0|0|0
147,147,6,0,0,255,255,0,0,0,0.0166666657,,7,0,7,0,3,0,,1|-0.0166665316|0|0|0|0|0,1|-0.0166665316|0|0|0|0|0
148,148,6,0,0,255,255,0,0,0,0.0166666657,,7,0,7,0,3,0,,1|-0.0166665316|0|0|0|0|0,1|-0.0166665316|0|0|0|0|0
149,149,6,0,0,255,255,0,0,0,0.0166666657,,7,0,7,0,3,0,,1|-0.0166665316|0|0|0|0|0,1|-0.0166665316|0|0|0|0|0
150,150,6,0,0,255,255,0,0,0,0.0166666657,,7,0,7,0,3,0,,1|-0.0166665316|0|0|0|0|0,1|-0.0166665316|0|0|0|0|0
151,151,6,0,0,255,255,0,0,0,0.0166666657,,7,0,7,0,3,0,,1|-0.0166665316|0|0|0|0|0,1|-0.0166665316|0|0|0|0|0
152,152,6,0,0,255,255,0,0,0,0.0166666657,,7,0,7,0,3,0,,1|-0.0166665316|0|0|0|0|0,1|-0.0166665316|0|0|0|0|0
153,153,6,0,0,0,255,0,0,0,0.0166666657,,7,0,7,0,1,0,,1|-0.0166665316|0|0|0|0|0,0|0.383333325|0|0|0|0|0
154,154,6,0,0,0,0,0,0,0,0.0166666657,,7,0,-1,0,,1,0x45bd67,0|0.383333325|0|0|0|0|0,0|0|0|0|0|0|0
185,185,6,0,0,0,0,0,0,0,0.0166666657,ADRUM,10,0,10,0,,0,,2|0|0|0|0|0|0,2|0|0|0|0|0|0
186,186,6,0,0,255,0,0,0,0,0.0166666657,,10,0,10,0,2,0,,2|0|0|0|0|0|0,1|0|0|0|0|0|0
187,187,6,0,0,0,255,0,0,0,0.0166666657,,10,0,10,0,1,0,,1|0|0|0|0|0|0,1|0|0|0|0|0|0
188,188,6,0,0,0,0,0,0,0,0.0166666657,,10,0,10,0,,0,,1|0|0|0|0|0|0,1|0|0|0|0|0|0
189,189,6,0,0,0,0,0,0,0,0.0166666657,,10,0,10,0,,0,,1|0|0|0|0|0|0,1|0|0|0|0|0|0
190,190,6,0,0,0,0,0,0,0,0.0166666657,,10,0,10,0,,0,,1|0|0|0|0|0|0,1|0|0|0|0|0|0
191,191,6,0,0,0,0,0,0,0,0.0166666657,,10,0,10,0,,0,,1|0|0|0|0|0|0,1|0|0|0|0|0|0
192,192,6,0,0,0,0,0,0,0,0.0166666657,,10,0,10,0,,0,,1|0|0|0|0|0|0,1|0|0|0|0|0|0
193,193,6,0,0,255,0,0,0,0,0.0166666657,,10,0,10,0,2,0,,1|0|0|0|0|0|0,0|0|0|0|0|0|0
194,194,6,0,0,255,255,0,0,0,0.0166666657,,10,0,-1,0,,1,0x45bd67,0|0|0|0|0|0|0,0|0|0|0|0|0|0
225,225,6,0,0,0,0,0,0,0,0.0166666657,AP_MINE,12,0,12,0,,0,,2|0|0|0|0|0|0,2|0|0|0|0|0|0
226,226,6,0,0,255,0,0,0,0,0.0166666657,,12,0,12,0,2,0,,2|0|0|0|0|0|0,1|0|0|0|0|0|0
227,227,6,0,0,0,255,0,0,0,0.0166666657,,12,0,12,0,1,0,,1|0|0|0|0|0|0,1|0|0|0|0|0|0
228,228,6,0,0,0,0,0,0,0,0.0166666657,,12,0,12,0,,0,,1|0|0|0|0|0|0,1|0|0|0|0|0|0
229,229,6,0,0,0,0,0,0,0,0.0166666657,,12,0,12,0,,0,,1|0|0|0|0|0|0,1|0|0|0|0|0|0
230,230,6,0,0,0,0,0,0,0,0.0166666657,,12,0,12,0,,0,,1|0|0|0|0|0|0,1|0|0|0|0|0|0
231,231,6,0,0,0,0,0,0,0,0.0166666657,,12,0,12,0,,0,,1|0|0|0|0|0|0,1|0|0|0|0|0|0
232,232,6,0,0,0,0,0,0,0,0.0166666657,,12,0,12,0,,0,,1|0|0|0|0|0|0,1|0|0|0|0|0|0
233,233,6,0,0,255,0,0,0,0,0.0166666657,,12,0,12,0,2,0,,1|0|0|0|0|0|0,0|0|0|0|0|0|0
234,234,6,0,0,255,255,0,0,0,0.0166666657,,12,0,-1,0,,1,0x45bd67,0|0|0|0|0|0|0,0|0|0|0|0|0|0
265,265,6,0,0,0,0,0,0,0,0.0166666657,AR_FLAME,16,0,16,0,,0,,0|0.0199999996|1|0|0|0|0,0|0.00333333388|1|0|0|0|0
266,266,6,0,0,255,0,0,0,0,0.0166666657,,16,0,16,0,2,0,,0|0.00333333388|1|0|0|0|0,0|0.0199999996|0.959999979|1|1|0|0
267,267,6,0,0,0,255,0,0,0,0.0166666657,,16,0,16,0,1,0,,0|0.0199999996|0.959999979|1|1|0|0,0|0.00333333388|0.959999979|1|1|0|0
268,268,6,0,0,0,0,0,0,0,0.0166666657,,16,0,16,0,,0,,0|0.00333333388|0.959999979|1|1|0|0,0|0.0199999996|0.919999957|1|2|0|0
269,269,6,0,0,0,0,0,0,0,0.0166666657,,16,0,16,0,,0,,0|0.0199999996|0.919999957|1|2|0|0,0|0.00333333388|0.919999957|1|2|0|0
270,270,6,0,0,0,0,0,0,0,0.0166666657,,16,0,16,0,,0,,0|0.00333333388|0.919999957|1|2|0|0,0|0.0199999996|0.879999995|1|3|0|0
271,271,6,0,0,0,0,0,0,0,0.0166666657,,16,0,16,0,,0,,0|0.0199999996|0.879999995|1|3|0|0,0|0.00333333388|0.879999995|1|3|0|0
272,272,6,0,0,0,0,0,0,0,0.0166666657,,16,0,16,0,,0,,0|0.00333333388|0.879999995|1|3|0|0,0|0.0199999996|0.839999974|1|4|0|0
273,273,6,0,0,255,0,0,0,0,0.0166666657,,16,0,16,0,2,0,,0|0.0199999996|0.839999974|1|4|0|0,0|0.00333333388|0.839999974|1|4|0|0
274,274,6,0,0,255,255,0,0,0,0.0166666657,,16,0,16,0,3,0,,0|0.00333333388|0.839999974|1|4|0|0,1|0.0199999996|0.799999952|0|0|0|0
275,275,6,0,0,0,255,0,0,0,0.0166666657,,16,0,16,0,1,0,,1|0.0199999996|0.799999952|0|0|0|0,1|0.00333333388|0.799999952|0|0|0|0
276,276,6,0,0,0,0,0,0,0,0.0166666657,,16,0,16,0,,0,,1|0.00333333388|0.799999952|0|0|0|0,1|-0.0133333318|0.799999952|0|0|0|0
277,277,6,0,0,0,0,0,0,0,0.0166666657,,16,0,16,0,,0,,1|-0.0133333318|0.799999952|0|0|0|0,1|-0.0299999975|0.799999952|0|0|0|0
278,278,6,0,0,0,0,0,0,0,0.0166666657,,16,0,16,0,,0,,1|-0.0299999975|0.799999952|0|0|0|0,1|-0.0466666631|0.799999952|0|0|0|0
279,279,6,0,0,0,0,0,0,0,0.0166666657,,16,0,16,0,,0,,1|-0.0466666631|0.799999952|0|0|0|0,1|-0.0633333325|0.799999952|0|0|0|0
280,280,6,0,0,0,0,0,0,0,0.0166666657,,16,0,16,0,,0,,1|-0.0633333325|0.799999952|0|0|0|0,1|-0.0799999982|0.799999952|0|0|0|0
281,281,6,0,0,255,0,0,0,0,0.0166666657,,16,0,16,0,2,0,,1|-0.0799999982|0.799999952|0|0|0|0,1|0.0199999996|0.75999999|1|1|0|0
282,282,6,0,0,255,255,0,0,0,0.0166666657,,16,0,16,0,3,0,,1|0.0199999996|0.75999999|1|1|0|0,1|0.00333333388|0.75999999|1|1|0|0
283,283,6,0,0,255,255,0,0,0,0.0166666657,,16,0,16,0,3,0,,1|0.00333333388|0.75999999|1|1|0|0,1|0.0199999996|0.719999969|1|2|0|0
284,284,6,0,0,255,255,0,0,0,0.0166666657,,16,0,16,0,3,0,,1|0.0199999996|0.719999969|1|2|0|0,1|0.00333333388|0.719999969|1|2|0|0
285,285,6,0,0,255,255,0,0,0,0.0166666657,,16,0,16,0,3,0,,1|0.00333333388|0.719999969|1|2|0|0,1|0.0199999996|0.680000007|1|3|0|0
286,286,6,0,0,255,255,0,0,0,0.0166666657,,16,0,16,0,3,0,,1|0.0199999996|0.680000007|1|3|0|0,1|0.00333333388|0.680000007|1|3|0|0
287,287,6,0,0,0,255,0,0,0,0.0166666657,,16,0,16,0,1,0,,1|0.00333333388|0.680000007|1|3|0|0,1|0.0199999996|0.639999986|1|4|0|0
288,288,6,0,0,0,0,0,0,0,0.0166666657,,16,0,16,0,,0,,1|0.0199999996|0.639999986|1|4|0|0,1|0.00333333388|0.639999986|1|4|0|0
289,289,6,0,0,0,0,0,0,0,0.0166666657,,16,0,16,0,,0,,1|0.00333333388|0.639999986|1|4|0|0,2|0.0199999996|0.599999964|0|0|0|0
290,290,6,0,0,0,0,0,0,0,0.0166666657,,16,0,16,0,,0,,2|0.0199999996|0.599999964|0|0|0|0,2|0.00333333388|0.599999964|0|0|0|0
291,291,6,0,0,0,0,0,0,0,0.0166666657,,16,0,16,0,,0,,2|0.00333333388|0.599999964|0|0|0|0,2|-0.0133333318|0.599999964|0|0|0|0
292,292,6,0,0,0,0,0,0,0,0.0166666657,,16,0,16,0,,0,,2|-0.0133333318|0.599999964|0|0|0|0,2|-0.0299999975|0.599999964|0|0|0|0
293,293,6,0,0,255,0,0,0,0,0.0166666657,,16,0,16,0,2,0,,2|-0.0299999975|0.599999964|0|0|0|0,2|0.0199999996|0.560000002|1|1|0|0
294,294,6,0,0,255,255,0,0,0,0.0166666657,,16,0,16,0,3,0,,2|0.0199999996|0.560000002|1|1|0|0,2|0.00333333388|0.560000002|1|1|0|0
295,295,6,0,0,255,255,0,0,0,0.0166666657,,16,0,16,0,3,0,,2|0.00333333388|0.560000002|1|1|0|0,2|0.0199999996|0.519999981|1|2|0|0
296,296,6,0,0,255,255,0,0,0,0.0166666657,,16,0,16,0,3,0,,2|0.0199999996|0.519999981|1|2|0|0,2|0.00333333388|0.519999981|1|2|0|0
297,297,6,0,0,255,255,0,0,0,0.0166666657,,16,0,16,0,3,0,,2|0.00333333388|0.519999981|1|2|0|0,2|0.0199999996|0.479999989|1|3|0|0
298,298,6,0,0,255,255,0,0,0,0.0166666657,,16,0,16,0,3,0,,2|0.0199999996|0.479999989|1|3|0|0,2|0.00333333388|0.479999989|1|3|0|0
299,299,6,0,0,255,255,0,0,0,0.0166666657,,16,0,16,0,3,0,,2|0.00333333388|0.479999989|1|3|0|0,2|0.0199999996|0.439999998|1|4|0|0
300,300,6,0,0,255,255,0,0,0,0.0166666657,,16,0,16,0,3,0,,2|0.0199999996|0.439999998|1|4|0|0,2|0.00333333388|0.439999998|1|4|0|0
301,301,6,0,0,255,255,0,0,0,0.0166666657,,16,0,16,0,3,0,,2|0.00333333388|0.439999998|1|4|0|0,3|0.0199999996|0.399999976|0|0|0|0
302,302,6,0,0,255,255,0,0,0,0.0166666657,,16,0,16,0,3,0,,3|0.0199999996|0.399999976|0|0|0|0,3|0.00333333388|0.399999976|1|0|0|0
303,303,6,0,0,255,255,0,0,0,0.0166666657,,16,0,16,0,3,0,,3|0.00333333388|0.399999976|1|0|0|0,3|0.0199999996|0.359999985|1|1|0|0
304,304,6,0,0,255,255,0,0,0,0.0166666657,,16,0,16,0,3,0,,3|0.0199999996|0.359999985|1|1|0|0,3|0.00333333388|0.359999985|1|1|0|0
305,305,6,0,0,255,255,0,0,0,0.0166666657,,16,0,16,0,3,0,,3|0.00333333388|0.359999985|1|1|0|0,3|0.0199999996|0.319999993|1|2|0|0
306,306,6,0,0,255,255,0,0,0,0.0166666657,,16,0,16,0,3,0,,3|0.0199999996|0.319999993|1|2|0|0,3|0.00333333388|0.319999993|1|2|0|0
307,307,6,0,0,255,255,0,0,0,0.0166666657,,16,0,16,0,3,0,,3|0.00333333388|0.319999993|1|2|0|0,3|0.0199999996|0.280000001|1|3|0|0
308,308,6,0,0,255,255,0,0,0,0.0166666657,,16,0,16,0,3,0,,3|0.0199999996|0.280000001|1|3|0|0,3|0.00333333388|0.280000001|1|3|0|0
309,309,6,0,0,255,255,0,0,0,0.0166666657,,16,0,16,0,3,0,,3|0.00333333388|0.280000001|1|3|0|0,3|0.0199999996|0.239999995|1|4|0|0
310,310,6,0,0,255,255,0,0,0,0.0166666657,,16,0,16,0,3,0,,3|0.0199999996|0.239999995|1|4|0|0,3|0.00333333388|0.239999995|1|4|0|0
311,311,6,0,0,255,255,0,0,0,0.0166666657,,16,0,16,0,3,0,,3|0.00333333388|0.239999995|1|4|0|0,4|0.0199999996|0.199999988|0|0|0|0
312,312,6,0,0,255,255,0,0,0,0.0166666657,,16,0,16,0,3,0,,4|0.0199999996|0.199999988|0|0|0|0,4|0.00333333388|0.199999988|1|0|0|0
313,313,6,0,0,255,255,0,0,0,0.0166666657,,16,0,16,0,3,0,,4|0.00333333388|0.199999988|1|0|0|0,4|0.0199999996|0.159999996|1|1|0|0
314,314,6,0,0,255,255,0,0,0,0.0166666657,,16,0,16,0,3,0,,4|0.0199999996|0.159999996|1|1|0|0,4|0.00333333388|0.159999996|1|1|0|0
315,315,6,0,0,255,255,0,0,0,0.0166666657,,16,0,16,0,3,0,,4|0.00333333388|0.159999996|1|1|0|0,4|0.0199999996|0.119999997|1|2|0|0
316,316,6,0,0,255,255,0,0,0,0.0166666657,,16,0,16,0,3,0,,4|0.0199999996|0.119999997|1|2|0|0,4|0.00333333388|0.119999997|1|2|0|0
317,317,6,0,0,255,255,0,0,0,0.0166666657,,16,0,16,0,3,0,,4|0.00333333388|0.119999997|1|2|0|0,4|0.0199999996|0.0799999982|1|3|0|0
318,318,6,0,0,255,255,0,0,0,0.0166666657,,16,0,16,0,3,0,,4|0.0199999996|0.0799999982|1|3|0|0,4|0.00333333388|0.0799999982|1|3|0|0
319,319,6,0,0,255,255,0,0,0,0.0166666657,,16,0,16,0,3,0,,4|0.00333333388|0.0799999982|1|3|0|0,4|0.0199999996|0.0399999991|1|4|0|0
320,320,6,0,0,255,255,0,0,0,0.0166666657,,16,0,16,0,3,0,,4|0.0199999996|0.0399999991|1|4|0|0,4|0.00333333388|0.0399999991|1|4|0|0
321,321,6,0,0,255,255,0,0,0,0.0166666657,,16,0,16,0,3,0,,4|0.00333333388|0.0399999991|1|4|0|0,5|0.0199999996|0|0|0|0|0
322,322,6,0,0,255,255,0,0,0,0.0166666657,,16,0,-1,0,,1,0x45bd67,5|0.0199999996|0|0|0|0|0,0|0|0|0|0|0|0
