d,O_speed,P_speed,O_vellen,P_vellen,O_fwdlen,P_fwdlen,O_mis,P_mis,O_b0c,P_b0c
0,0,0.65,0,0.637357721,1,0.999999783,nan,1.84161353e-10,0,0
1,0,0.75,0,0.75303238,1,0.999999901,nan,2.46120901e-10,0,0.00831162
2,0.636898458,0.87,0.636886477,0.868358072,1,1.00000004,1.79608883e-10,3.27924576e-10,1.19960259e-05,0.000206524
3,0.752761841,0.98,0.752720356,0.983331805,1,1.00000019,2.46136778e-10,4.18652668e-10,4.15029936e-05,0.000179949
4,0.868277729,1.1,0.868224324,1.09795559,1,1.00000037,3.2717995e-10,5.22094923e-10,5.34094943e-05,0.00015939
5,0.983382463,1.21,0.983382406,1.21221742,1,0.999999562,4.19447921e-10,6.37955022e-10,5.86141624e-08,0.000143535
6,1.09820521,1.33,1.09815383,1.32611931,1.00000001,0.999999776,5.22921706e-10,7.62100827e-10,5.13846317e-05,0.000130071
7,1.21252418,1.44,1.21259786,1.43967128,1.00000001,1.00000001,6.37138009e-10,8.96964614e-10,-7.37175142e-05,0.000119603
8,1.32656157,1.55,1.32663204,1.55286331,1.00000002,1.00000026,7.62390484e-10,1.04555886e-09,-7.05297571e-05,0.000110533
9,1.44021487,1.67,1.44031444,1.66569543,1.00000003,0.999999538,8.98231045e-10,1.1990946e-09,-9.95784576e-05,0.000102839
10,1.55372536,1.78,1.5536329,1.77815764,1.00000028,0.999999835,1.0450163e-09,1.36649547e-09,9.20535895e-05,9.58137e-05
11,1.66653645,1.89,1.66665883,1.89025994,1.00000054,1.00000015,1.20192112e-09,1.54397806e-09,-0.000123173304,8.97752e-05
12,1.77933013,2,1.77925609,2.00200235,1.00000079,0.999999493,1.36973544e-09,1.73725612e-09,7.2648596e-05,8.45052e-05
13,1.89159322,2.11,1.89155307,2.11337487,1.00000118,0.999999856,1.54750934e-09,1.93063832e-09,3.7883241e-05,8.00728e-05
14,2.00341511,2.22,2.00347802,2.2243775,1.00000168,1.00000024,1.73545822e-09,2.13608164e-09,-6.63935425e-05,7.60868e-05
15,2.11486554,15.69,2.11501269,15.0505784,1.00000219,1.00000009,1.93337557e-09,3.30509582e-08,-0.000151771193,7.22603e-05
16,14.935277,28.96,14.9357726,28.5733732,1.0000029,0.999999926,2.99640051e-08,1.90301177e-07,-0.000537687971,0.642335
17,28.4517136,43.12,28.4530012,42.8266264,1.00000412,0.999999987,1.92270337e-07,1.46696475e-06,-0.00140077563,0.387494
18,42.7024574,58.1,42.700842,57.8438382,1.00000647,1.00000014,1.46447558e-06,4.85729695e-06,0.00140498613,0.295895
19,57.714817,73.9,57.7123827,73.6648677,1.00001118,1.00000001,4.8403274e-06,1.21241298e-05,0.0020674828,0.252855
20,73.5255051,90.55,73.5284483,90.3300153,1.00001978,1.00000007,1.20786996e-05,2.64474386e-05,-0.00350596919,0.23223
21,90.1886902,108.11,90.1905494,107.883384,1.00003434,0.999999818,2.63457872e-05,5.37182223e-05,-0.00258031907,0.225064
22,107.740425,126.6,107.742905,126.370628,1.00005766,0.999999908,5.35214536e-05,0.000105302294,-0.00292835431,0.228425
23,126.237869,146.09,126.235853,145.847587,1.00009313,1.00000033,0.000104920859,0.000204110701,0.00350635336,0.242383
24,145.712051,166.63,145.724033,166.375771,1.00002284,0.999999631,0.000203457363,0.000398901432,0.0143391248,0.269592
25,166.252823,188.29,166.249968,188.045479,1.00009644,1.00000012,0.000397525736,0.000801031333,0.052906502,0.316651
26,187.914871,211.19,187.927363,211.010646,1.0000756,1.0000002,0.000798264914,0.00172361586,0.123340994,0.397319
27,210.902817,235.5,210.892953,235.14708,1.00008989,0.999999818,0.00171701205,0.00222113252,0.353037983,0.542511
28,235.048935,260.98,235.035054,260.532833,0.999904169,1.00000014,0.00221709879,0.0024889419,0.557444215,0.878554
29,260.399689,274.91,260.403206,274.533646,0.999894919,0.999999968,0.0024875409,0.00190533976,0.671532929,1.09411
30,274.401154,289.61,274.387056,289.282579,0.999949112,1.00000014,0.00190556805,0.0014968923,0.550905108,0.897087
31,289.108978,305.09,289.121593,304.805553,1.00007369,0.999999845,0.00149783571,0.00120278723,0.399167567,0.756311
32,304.63092,321.39,304.647764,321.133515,0.999910156,0.999999793,0.0012040575,0.000984475709,0.377292991,0.653403
33,320.948608,338.54,320.954975,338.299412,1.00007742,1.0000004,0.000985948755,0.000817184905,0.285286099,0.576133
34,338.136078,356.56,338.125333,356.338693,1.00009694,0.9999997,0.00081873491,0.000684843218,0.254853398,0.516388
35,356.157257,375.5,356.173375,375.291154,1.00010132,1.00000013,0.000686357141,0.000576707989,0.192288905,0.468455
36,375.14798,395.4,375.136368,395.19702,1.00010217,1.00000013,0.000578129899,0.000485703323,0.190176576,0.428566
37,395.089874,416.29,395.052872,416.097216,0.999990332,0.999999607,0.000486974965,0.000407114584,0.233184099,0.393791
38,415.923065,438.22,415.946693,438.035768,0.999901941,0.999999938,0.000408354924,0.000337870534,0.187022895,0.362218
39,437.885834,461.23,437.859022,461.056362,0.999974857,0.999999856,0.0003389983,0.000275954259,0.186249807,0.332376
40,460.886108,485.37,460.868001,485.207148,0.99998256,0.999999947,0.000276972466,0.000220241586,0.153782398,0.303288
41,484.974213,510.69,485.00563,510.533023,0.999944328,0.999999484,0.000221178057,0.000170110933,0.102850094,0.274349
42,510.309723,537.23,510.31128,537.084191,1.00000329,1.00000034,0.000170968179,0.000125467892,0.0840112865,0.245252
43,536.894775,565.05,536.853271,564.907985,0.999938953,0.999999698,0.000126178253,8.64505915e-05,0.142022312,0.216049
44,564.66626,594.18,564.653589,594.054432,1.00002112,1.00000005,8.70706847e-05,5.36046252e-05,0.0499129333,0.186887
45,593.835022,624.69,593.793056,624.574285,1.00003437,0.999999551,5.40618256e-05,2.76691527e-05,0.0536593124,0.158451
46,624.307617,656.62,624.310414,656.51817,0.999887957,0.999999551,2.80034519e-05,9.63789525e-06,0.0845820457,0.131475
47,656.195068,690.02,656.20806,689.936221,0.999982566,1.00000026,9.83935589e-06,7.1606529e-07,0.0048890342,0.107315
48,689.57959,723.9,689.607239,723.828923,0.999989919,0.999999678,7.74204218e-07,3.40841628e-06,-0.020222256,0.0874804
49,723.458374,757.64,723.501823,757.591843,0.999950946,1.00000007,3.25667048e-06,2.53859975e-05,-0.00560579216,0.0712799
50,757.25824,791.23,757.253084,791.198464,1.00003102,0.999999423,2.49411813e-05,7.36080643e-05,0.000541633286,0.0666544
51,790.827393,824.63,790.875072,824.623637,1.00003144,1.00000011,7.27944722e-05,0.000152837957,-0.0149895614,0.0851251
52,824.27179,857.84,824.315815,857.837748,1.0001209,0.999999883,0.000151622938,0.000266029117,-0.0186695624,0.136593
53,857.605957,890.81,857.58054,890.812313,0.999982374,0.999999875,0.00026443295,0.000414779467,0.267343462,0.229528
54,890.554871,923.53,890.551814,923.522578,1.00003193,1.00000035,0.00041286862,0.000600755504,0.342267632,0.370667
55,923.298462,955.98,923.278877,955.940186,1.00007723,0.999999969,0.000598502465,0.000825076256,0.500854194,0.566709
56,955.723816,988.11,955.73198,988.033393,1.0000495,0.99999973,0.000822416671,0.00108813654,0.730526567,0.823825
57,987.862366,1019.9,987.851771,1019.77286,1.0000032,0.999999883,0.00108511388,0.00139039571,1.07940984,1.14711
58,1019.6156,1051.32,1019.59874,1051.1297,0.999994622,1.00000018,0.00138709484,0.00173209118,1.43663251,1.54141
59,1050.89673,1082.36,1050.96107,1082.08175,1.00008042,0.999999739,0.0017281547,0.00211310892,1.66749489,2.011
60,1081.86511,1112.97,1081.96004,1112.5936,1.00007408,1.00000003,0.00210815299,0.00253295584,2.10605359,2.56041
61,1112.43152,1143.13,1112.52107,1142.63703,1.00003481,1.00000037,0.00252681566,0.00299149403,2.68300939,3.19312
62,1142.62854,1172.81,1142.5984,1172.18125,0.999900319,0.999999976,0.00298440233,0.00348822693,3.5537014,3.91237
63,1172.04773,1201.98,1172.11425,1201.1962,0.999974963,0.999999793,0.00348022987,0.00402296006,4.04200029,4.72006
64,1201.17273,1230.61,1201.14252,1229.65079,0.999953059,1.0000003,0.00401343924,0.00459520433,4.90708208,5.61924
65,1229.60803,1258.67,1229.60254,1257.51795,0.999895987,1.00000004,0.00458361454,0.00520441921,5.76890326,6.61142
66,1257.40051,1286.13,1257.45217,1284.76743,0.999986933,1.00000006,0.00519014167,0.00585023853,6.49107695,7.69837
67,1284.79102,1312.97,1284.7373,1311.37282,1.00004335,1,0.00583228017,0.00653192021,7.49131441,8.88107
68,1311.41455,1339.15,1311.41138,1337.30705,1.00000435,0.999999874,0.00650957658,0.0072490463,8.53420734,10.1601
69,1337.31677,1364.65,1337.40435,1362.54824,0.99993078,0.999999783,0.0072211633,0.00800050904,9.66200352,11.536
70,1362.72668,1389.45,1362.67524,1387.06341,1.00000561,1.00000047,0.00796781037,0.00878634833,10.9013481,13.0081
71,1387.30237,1413.53,1387.27013,1410.84615,1.00004459,1.00000005,0.00874735357,0.00960440097,12.1058493,14.5757
72,1411.08752,1436.86,1411.1535,1433.85333,0.999985401,1.00000055,0.00955836494,0.0104552139,13.4427128,16.2376
73,1434.2998,1459.42,1434.25652,1456.09075,1.0000085,1.00000026,0.0104015027,0.0113361662,14.9497137,17.9923
74,1456.61523,1481.19,1456.59819,1477.5218,1.00004978,1.00000021,0.0112743839,0.0122473481,16.3676758,19.837
75,1478.24756,1502.17,1478.17384,1498.14067,0.999921754,1.00000005,0.0121761384,0.0131761147,18.1864319,21.7687
76,1498.88489,1522.33,1498.87932,1517.9347,1.00004649,1.00000031,0.0131061328,0.0140324272,19.5812931,23.7685
77,1518.90491,1541.68,1518.83653,1536.95012,0.999964006,1.00000003,0.013967093,0.0148245361,21.3360977,25.6931
78,1537.99866,1560.28,1537.97468,1555.2292,1.0000416,1.00000023,0.0147638169,0.0155595353,22.6673355,27.5174
79,1556.52942,1578.15,1556.41943,1572.79888,1.00003523,0.999999729,0.0155016925,0.0162449958,24.1830921,29.2501
80,1574.19189,1595.33,1574.15796,1589.69953,0.999944499,0.999999726,0.0161894908,0.0168866797,25.6047554,30.9003
81,1591.33655,1611.85,1591.1839,1605.95982,1.00001377,0.999999533,0.0168340891,0.0174897262,26.9172096,32.4757
82,1607.66162,1627.75,1607.60284,1621.59872,0.999998509,1.00000038,0.017438627,0.01805914,28.0956268,33.9835
83,1623.50732,1643.03,1623.4039,1636.64567,1.00002096,0.999999563,0.0180092423,0.0185987075,29.3062668,35.4304
84,1638.57495,1657.73,1638.62454,1651.12353,0.999959101,1.00000044,0.018550183,0.0191120684,30.4129143,36.8224
85,1653.19568,1671.87,1653.24809,1665.04837,1.00005744,1.00000044,0.0190654812,0.0196021565,31.3743477,38.164
86,1667.38123,1685.46,1667.37532,1678.4411,0.999949657,0.999999871,0.0195557548,0.0200715229,32.6949387,39.4606
87,1680.83789,1698.53,1680.91355,1691.31776,1.00000215,1.00000056,0.0200272898,0.0205226609,33.5849686,40.7151
88,1693.8855,1711.1,1693.96545,1703.69024,0.999970645,0.999999754,0.0204788681,0.0209571466,34.6593361,41.9318
89,1706.53333,1729.75,1706.5025,1722.4043,0.999976961,1.00000032,0.0209146236,0.0208097505,35.7602463,43.113
90,1725.3313,1748.2,1725.41856,1740.85668,1.00002115,0.999999675,0.0207675876,0.0207363108,35.7097931,43.1895
91,1744.22021,1766.36,1744.09168,1758.99312,1.00010319,0.999999483,0.0206947029,0.0207253837,36.0456429,43.4392
92,1762.61621,1784.2,1762.49312,1776.79816,1.00010088,0.999999748,0.0206842376,0.0207685997,36.4048004,43.8136
93,1780.53479,1801.68,1780.55025,1794.23394,0.999892481,0.999999794,0.0207275863,0.0208579417,37.0785217,44.2961
94,1797.98999,1818.79,1798.1246,1811.2778,1.00008812,0.999999775,0.0208202903,0.0209869545,37.147728,44.8721
95,1815.27734,1835.5,1815.4167,249.227113,1.00007759,0.999999775,0.0209500615,0.64658323,37.7558098,45.5293
96,1832.40173,248.73,231.470667,205.129355,1.00010516,1.00000041,0.63429433,0.627504876,1747.7428,1747.42
97,190.662003,205.97,190.641754,170.106091,1.0000459,1.00000018,0.614464092,0.605741121,117.159401,172.323
98,158.946533,173.33,158.93699,141.897054,0.999891793,0.999999715,0.665248093,0.662975163,105.747833,138.903
99,132.755417,146.47,132.759897,118.737383,0.999878645,0.999999698,0.740886744,0.748138787,98.3597412,125.506
100,111.785507,124.99,111.787666,100.432423,0.999878915,1.00000057,0.849128248,0.869397645,94.9219513,116.568
101,95.9583206,108.67,95.9681626,87.0538126,0.999888697,0.99999982,0.995911368,0.962263977,95.5659866,111.87
102,85.4517441,97.59,85.4478952,78.9287922,0.999905613,1.00000036,0.816837399,0.761336756,69.8023605,105.388
103,89.0280838,91.72,89.023124,76.3430024,1.00005126,0.999999968,0.651284012,0.557111088,57.982708,78.7514
104,95.1419983,91.04,95.1501538,70.4856442,1.00008234,0.999999907,0.51128673,0.31235706,48.6370277,57.9037
105,103.53743,86.58,103.535892,67.2821571,0.999877977,0.999999602,0.399531951,0.0695446282,41.3750153,42.5693
106,113.877129,83.43,113.875704,76.7055372,1.00005009,0.999999941,0.313516958,0.00349884148,35.6994743,23.9733
107,120.016663,91.95,120.024043,90.6846857,1.00011231,0.99999952,0.211927025,0.000776060363,25.4183311,6.99765
108,133.086441,106.24,133.079592,105.488617,1.00006674,0.999999932,0.164083581,0.000757295656,21.8356056,1.33553
109,148.70105,121.71,148.692253,121.024146,0.999916876,1.00000031,0.135691872,0.0012112091,20.1958008,0.830603
110,161.567322,138.06,161.561402,137.373257,1.00003249,1.00000013,0.0933492906,0.00222704636,15.0827904,0.835702
111,176.657867,155.33,176.65004,154.709669,1.00005135,0.99999988,0.0659456994,0.00442254401,11.6486654,0.989896
112,193.494186,173.76,193.498766,173.375509,1.00010094,0.999999823,0.0481418147,0.00885915429,9.29220295,1.30325
113,211.848999,193.71,211.85021,192.529279,1.00006503,1.00000034,0.0363941593,0.0102406735,7.69561243,1.92244
114,231.516739,213.93,231.529442,151.242262,1.00007273,1.00000026,0.028411804,0.692600768,6.54910564,3.15497
115,252.444046,157.45,207.100509,127.385275,1.00001027,1.00000002,0.812274826,0.774652331,213.565659,167.435
116,173.804489,135.08,173.794897,108.479947,1.00011153,0.999999748,0.885016351,0.889015643,153.818695,128.746
117,147.891846,117.91,147.900689,94.4799225,1.00011385,1.00000025,0.991028458,0.953869358,146.564789,123.042
118,128.530151,105.92,128.51561,85.6321239,1.00001107,1.00000026,0.867037909,0.767794399,111.442261,113.548
119,115.654655,99.06,115.658405,90.4185896,1.00004353,1,0.703209051,0.614767201,81.3267975,86.0383
120,109.105453,105.56,109.107079,97.4422245,1.00008733,1.00000014,0.534881072,0.487445563,58.3532562,64.2265
121,108.295891,113.99,108.300397,106.43746,1.00001946,1.00000052,0.383993648,0.386101997,41.580864,55.617
122,112.356575,124.16,112.361214,110.578049,1.00008434,1.00000009,0.265521096,0.266573319,29.8226681,48.6474
123,124.579292,129.15,124.578233,121.348307,1.00003934,0.999999913,0.209346754,0.200755297,26.0772362,43.0616
124,138.996399,140.71,138.990488,133.466227,0.999887715,1.00000018,0.172190502,0.150607896,23.9516792,32.1669
125,150.093307,153.52,150.083934,147.789596,1.00012084,1.00000016,0.118745493,0.118232671,17.8151855,27.34
126,167.140656,168.56,167.143903,164.786557,0.999888058,0.999999874,0.102425224,0.102077213,17.1333046,23.2042
127,181.725067,186.42,181.734033,179.370014,1.00004809,1.00000064,0.0725461628,0.072306136,13.1670389,20.5986
128,198.232193,201.54,181.120749,179.795334,1.00011814,0.999999945,0.861272299,0.834970848,173.102768,20.0199
129,153.701004,189.53,153.705809,152.273885,1.0000938,0.999999764,0.959297143,0.927792644,147.444153,171.864
130,132.755417,163.26,132.767416,131.010608,0.999965771,0.999999557,0.90641181,0.940799921,120.330376,178.531
131,118.304695,143.62,118.299755,116.059524,0.999973803,1.0000001,0.747443721,0.782605749,88.4281235,155.508
132,110.163513,130.36,110.159478,107.332924,0.999993521,0.999999775,0.578316782,0.610753646,63.7114067,118.394
133,107.925903,123.21,107.923966,104.490777,1.00002375,1.00000023,0.421009496,0.447455328,45.4374695,88.583
134,110.797112,121.66,110.798541,106.809894,1.00006449,1.00000032,0.293361785,0.312626334,32.4975815,65.4708
135,123.320717,124.96,123.324076,118.45647,1.00011744,0.999999648,0.236139881,0.247444136,29.1073055,48.2379
136,137.142258,137.52,137.139703,131.974254,1.00006333,1.00000046,0.192701868,0.20116792,26.4226246,35.817
137,147.34993,151.9,147.35378,146.691303,1.00002739,1.00000054,0.132413921,0.165868765,19.5043411,32.0946
138,164,167.47,164.005988,158.035731,0.99989092,1.00000055,0.113016793,0.114327779,18.5452995,29.5448
139,177.98877,179.34,177.999715,171.893718,0.999902632,0.999999857,0.0794941709,0.0804082824,14.1549377,27.5032
140,193.989685,193.71,178.877552,187.690058,1.00006725,0.999999845,0.909948543,0.0581598773,177.880417,21.2719
141,152.604065,210.13,152.607252,183.662425,1.00001462,0.999999852,0.973832126,0.885138374,148.610596,16.9407
142,133.206604,194.46,133.221382,156.138562,1.00010236,1.00000009,0.830651014,0.985098257,110.643394,189.031
143,120.548744,168.2,120.555519,135.251072,1.00008243,1.00000013,0.668343679,0.877286503,80.5624542,192.133
144,114.332848,148.91,114.327811,121.048663,1.00007455,1.00000001,0.504759513,0.717028335,57.7088661,151.605
145,113.912247,136.31,113.917636,113.330645,1.00007814,1.0000001,0.360823819,0.549853691,41.0931206,114.654
146,118.389191,130.04,118.387173,111.585804,1.00009353,0.999999495,0.249251519,0.397467455,29.501894,85.2977
147,131.848404,129.45,131.852096,114.945448,0.999878778,0.999999388,0.202666712,0.275871428,26.731081,62.8052
148,141.67569,133.69,141.689302,127.826704,0.999924843,0.999999876,0.139143525,0.222836435,19.7107048,46.2161
149,158.012665,147.46,158.006401,136.916576,1.00011302,1.00000012,0.118356335,0.152536065,18.6915932,34.3456
150,171.674103,157.13,171.663815,152.807676,0.999959047,1.0000002,0.0831078134,0.128653239,14.2833433,31.4324
151,187.317917,173.87,187.301494,165.907004,1.00007776,0.999999819,0.0599710351,0.0898333329,11.2354021,23.9845
152,204.626495,187.47,182.915442,181.078006,1.0001085,0.999999969,0.969521689,0.0643885872,199.050934,22.8636
153,157.04776,203.22,157.044007,179.427448,0.999924607,0.999999969,0.906365174,0.938357242,142.34407,18.0485
154,138.506317,191.17,138.502632,153.550957,0.999882062,1.00000024,0.758424209,0.939991802,105.051376,192.16
155,127.027557,166.78,127.025464,134.751001,1.0000992,1.00000014,0.597732477,0.792757009,75.924263,181.958
156,122.163826,149.56,122.166524,122.846134,1.00008609,1.00000016,0.443236147,0.629782724,54.1400642,138.858
157,123.109711,139.16,123.107843,117.466728,0.999964074,0.99999967,0.313107214,0.470000027,38.5508575,104.075
158,128.778885,135.06,128.792612,117.884132,0.999978135,1.00000029,0.215447723,0.333116428,27.7365589,76.8993
159,143.108353,136.48,143.101773,123.090136,1.00000842,0.999999454,0.176926943,0.229219276,25.3241539,56.4445
160,153.935059,142.43,153.928002,137.01251,1.00005821,0.999999788,0.121862218,0.187342382,18.7572002,41.6038
161,167.355911,157.21,167.349581,147.429835,0.999886833,0.99999992,0.0854969481,0.128721232,14.3315248,31.0829
162,182.734787,168.17,182.744886,164.135419,1.0001088,0.999999387,0.0616357149,0.110144786,11.234848,28.7595
163,199.799896,185.73,199.811334,178.25888,1.00011912,1.00000017,0.0458556758,0.0775492837,9.12832165,22.1147
164,218.320862,200.38,189.454798,194.33987,0.999923825,1.0000004,0.945798009,0.0561611434,208.052826,21.2994
165,156.86937,217.09,156.858994,186.851323,0.999882644,0.999999496,0.874387919,0.959764168,137.168304,16.9553
166,139.168961,192.07,139.183148,154.497019,1.0001049,1.00000009,0.724035512,0.890005519,100.755318,209.569
167,128.654572,168.54,128.647118,136.778227,1.00009878,0.999999783,0.564265395,0.738937502,72.5930328,175.073
168,124.707657,152.35,124.708744,126.119487,1.00010684,1.00000026,0.414457426,0.577259594,51.6775703,132.828
169,126.475296,143.11,126.473821,122.019924,0.999884894,1.00000009,0.291063296,0.424594295,36.8236771,99.0295
170,132.845779,140.18,132.841666,123.615474,0.999921798,0.999999844,0.199960043,0.298210859,26.575449,72.8965
171,142.744522,142.69,142.745152,129.829099,1.00009756,0.999999924,0.137343819,0.204644158,19.5925198,53.4297
172,159.097458,149.58,159.105373,144.375549,1.0000494,0.99999975,0.116954769,0.168587243,18.5932808,39.4267
173,172.812042,164.98,172.80674,155.555319,0.999903368,0.999999612,0.0821853301,0.116194629,14.2228136,29.5437
174,188.467499,176.69,188.485938,169.24342,0.999908429,1.00000039,0.0593594415,0.0817036527,11.186223,27.4967
175,205.834885,190.89,205.822089,184.865075,1.00007002,0.999999862,0.044252226,0.0590823475,9.1071043,21.2704
176,224.606323,207.12,224.615668,202.107184,0.999906574,1.00000026,0.0340249073,0.0441183429,7.65345192,16.9425
177,244.687561,225.05,203.218938,220.762972,1.00003621,0.999999651,0.820112014,0.0339901065,208.129578,13.9255
178,179.041901,244.47,179.051303,200.91542,1.00008442,0.999999645,0.682790897,0.840152109,122.240395,11.789
179,164.438431,216.33,164.436092,176.450657,1.00003684,0.999999805,0.534273104,0.702575158,87.853302,212.354
180,157.759308,193.99,157.747125,161.389145,0.999889993,0.999999845,0.395040869,0.552233781,62.339241,163.852
181,157.860703,180.19,157.858836,154.243899,0.9998873,1.00000029,0.279291185,0.409710799,44.1032677,121.727
182,163.46254,174.11,163.457441,153.936679,0.999907541,1.0000002,0.192547323,0.290103253,31.4906044,89.1444
183,173.29744,174.62,173.289029,159.167508,1.0000749,0.99999982,0.132145999,0.199939377,22.8965874,64.8267
184,186.333038,180.51,186.321264,168.676441,1.00002671,1.00000006,0.0917447846,0.137006573,17.1012592,47.2812
185,201.791977,190.57,201.791206,181.404849,1.00001189,0.999999682,0.0651795995,0.0949209468,13.1512022,34.9458
186,219.198547,203.82,219.203497,196.586099,1.00003628,0.999999651,0.0476913095,0.0672736756,10.4415789,26.381
187,238.260361,219.58,238.25792,213.713527,1.00010705,0.999999906,0.0359801785,0.0491059235,8.55042171,20.4609
188,258.797211,237.37,258.77235,232.477997,1.00011057,0.999999806,0.0279497831,0.0369783911,7.2296772,16.3626
189,280.114258,256.88,225.623177,252.687264,1.00005639,0.99999984,0.668389887,0.028684125,205.291107,13.4925
190,203.646759,277.61,203.651219,273.931133,1.00005518,1.0000005,0.532448763,0.0227964652,108.42411,11.4455
191,192.997406,298.7,192.984425,233.353509,1.00008883,1.00000025,0.397817208,0.65432577,76.775177,9.91959
192,190.494095,251.3,190.473682,210.569599,1.00003305,0.999999798,0.283594978,0.519539714,54.0332947,218.039
193,194.566177,231.47,194.572337,199.376615,0.999887916,1.0000002,0.196216412,0.387098283,38.1896477,150.13
194,203.803833,221.68,203.791874,196.996162,0.999899808,0.999999848,0.134396109,0.274852288,27.4184723,109.268
195,216.88707,220.03,216.881939,201.342855,1.00007279,1.00000039,0.0926525563,0.189592476,20.0854855,78.8261
196,232.929169,224.99,232.937495,210.893121,1.0000466,0.999999655,0.0651076667,0.129580996,15.1475315,56.8571
197,251.268784,235.09,251.276814,224.351975,1.00007231,0.999999915,0.0469928493,0.0892104084,11.7828674,41.4288
198,271.293213,249.11,271.264334,240.780502,1.00003666,1.00000053,0.0348648064,0.0626466326,9.47686768,30.749
199,291.972595,266.14,291.94793,259.515246,1.00007129,1.00000001,0.0264431446,0.0451927447,7.72442675,23.4103
200,313.12616,284.78,313.136301,279.400765,0.999943172,0.999999989,0.0204416435,0.0334122758,6.40831852,18.3533
201,334.664001,304.47,262.291915,300.020739,1.00003009,0.999999915,0.489489996,0.0252551294,200.757324,14.7168
202,244.785614,324.91,244.795571,321.162268,1.00007109,1.00000013,0.368585308,0.0194606484,90.2070999,12.0301
203,239.499481,345.87,239.502272,342.681058,1.00004193,0.999999786,0.262991017,0.0152375345,62.9767609,9.99518
204,242.684982,367.23,242.686515,281.101547,1.00006418,0.999999448,0.181689142,0.442332506,44.0792389,8.41446
205,252.095215,301.67,252.083605,264.236749,0.999896478,0.999999738,0.123998933,0.32773366,31.292551,210.472
206,265.75177,287.49,265.745571,259.297446,0.999910154,0.999999475,0.0849500872,0.231305131,22.6031513,124.028
207,282.276459,283.87,282.273752,262.934338,1.00011254,1.00000042,0.0590737982,0.158657106,16.6478043,88.1743
208,300.719147,288.25,300.740533,272.745608,1.00002398,1.00000025,0.0419018049,0.107822572,12.5732756,62.6548
209,320.449677,298.32,320.473628,286.762407,0.999899064,1.00000043,0.0303684779,0.0736929411,9.73971462,44.9132
210,341.05719,312.31,341.053178,303.56733,1.00011497,0.999999802,0.0224718571,0.0511572541,7.6297884,32.6904
211,362.303741,328.96,362.266107,322.226744,1.00007428,1.00000048,0.0169387817,0.0362276794,6.14753103,24.2693
212,383.916656,347.41,383.893965,342.121281,1.00003492,0.999999631,0.0129715237,0.0262012038,4.98913622,18.4062
213,405.797974,367.09,405.818583,362.8485,0.999889565,1.00000006,0.0100600545,0.0193338142,4.10630226,14.2548
214,427.906525,387.6,333.360947,384.149612,0.999898271,0.999999967,0.284286234,0.0145231735,189.339783,11.2533
215,324.665985,408.71,324.684023,405.852911,0.999912495,0.999999926,0.199798699,0.0110727686,64.8761673,9.03305
216,327.169678,430.24,327.185829,427.842884,1.00002081,0.999999985,0.136293841,0.00854105472,44.5713768,7.3512
217,336.428284,452.06,336.405388,450.036833,1.00010447,1.00000016,0.0919684572,0.00664341303,30.9296875,6.04673
218,350.222778,474.1,350.205368,472.378256,0.999926421,0.999999947,0.0622196401,0.0051929463,21.8312054,5.01241
219,366.955048,496.3,366.996837,386.951642,1.00010624,1.00000034,0.0425745121,0.197185549,15.5455971,4.17489
220,385.828979,410.01,385.806591,383.767059,1.00004548,0.999999637,0.0295881166,0.133888057,11.4206619,185.648
221,405.876831,409.02,405.9109,390.255309,0.999879352,1.00000019,0.0209175028,0.089351046,8.50450611,77.6254
222,426.858276,415.81,426.849793,402.413304,1.00011081,1.0000003,0.015034639,0.0594716329,6.37943506,53.6333
223,448.428375,427.92,448.414332,418.284705,1.00002375,1.00000056,0.0109630736,0.039846368,4.91949844,37.3278
224,470.370056,443.61,470.353487,436.577453,0.99987928,1.00000031,0.00808858112,0.0270133704,3.87738395,26.3055
225,492.503815,461.65,492.525241,456.436051,1.00006212,1.00000024,0.00601868083,0.0185652108,2.9125073,18.826
226,514.618286,481.24,514.562644,477.308255,0.9999812,0.99999984,0.00447450565,0.0129307847,2.36766768,13.6901
227,537.728577,500.86,537.707218,497.882013,0.99990114,0.9999998,0.00339147831,0.00902122894,1.89793921,10.1061
228,561.939514,522.15,561.993416,519.828841,1.00008878,1.00000022,0.00260994854,0.00642018636,1.36311364,7.4721
229,587.441895,544.88,587.45479,543.033154,0.999958716,1.00000014,0.00203325565,0.0046595775,1.2057513,5.65569
230,614.07489,568.95,614.034404,567.438958,0.999904108,0.999999895,0.00159685343,0.00344325222,1.07978725,4.38123
231,641.797485,594.34,641.782385,593.070378,1.00007648,1.00000016,0.00125808176,0.00258005831,0.773498118,3.46869
232,670.760742,620.97,670.79528,619.888297,1.00002009,1.00000053,0.000988448466,0.00195476099,0.614979386,2.79682
233,700.902283,648.85,700.932551,647.912671,1.00001395,0.999999656,0.000766389891,0.00149039422,0.497146666,2.29167
234,730.939148,677.99,730.996408,677.174888,0.99997327,1.0000005,0.000555445856,0.00113673349,0.368274957,1.90108
235,760.967834,708,760.963195,707.281417,1.00005911,1.00000035,0.000369000133,0.000850135093,0.240483969,1.58979
236,790.827393,737.93,790.857201,705.597095,0.999945832,0.99999959,0.000216257444,0.000608386197,0.184069932,1.31951
237,820.536438,733.89,820.592057,704.553971,1.00004093,1.00000032,0.000102321477,0.00462420775,-0.00528204069,32.763
238,850.261108,731.41,850.221464,703.459956,1.00002143,0.999999715,3.00228926e-05,0.0105674706,0.0469292291,32.5917
239,879.709045,729.02,879.677859,701.516072,1.00005407,0.999999903,6.8574543e-07,0.017152318,-0.0157304239,35.3828
240,908.907043,725.9,908.960356,698.293062,1.00006212,1.00000013,1.46016042e-05,0.0236803473,-0.0965399966,39.5369
241,938.014954,721.69,938.03674,693.690182,1.00009259,0.999999812,7.14415716e-05,0.0298328346,-0.0415970758,44.138
242,966.908447,716.26,966.890514,687.688645,0.999949648,0.999999623,0.000170530398,0.0354591215,0.231508687,48.6982
243,995.477783,709.55,995.43289,680.343382,1.00004872,0.999999958,0.000311613626,0.0405125428,0.306584448,52.9516
244,1023.74994,701.62,1023.73979,671.745185,0.999951472,0.999999923,0.000494094308,0.0449997375,0.565657735,56.7692
245,1051.62732,692.53,1051.71617,662.000279,0.999952966,0.999999606,0.000717848353,0.0489562679,0.715450883,60.1002
246,1079.49622,682.38,1079.38534,648.595218,0.999983053,1.00000044,0.000982771689,0.0519361076,1.18995929,62.9395
247,1106.66345,668.78,1106.72527,633.154457,0.999972356,1.00000019,0.00128789883,0.0543193989,1.3940469,67.4729
248,1133.63135,652.99,1133.70571,583.796982,1.00009582,1.00000028,0.00163275703,0.00323905609,1.66822815,70.0174
249,1160.4137,611.31,1160.3581,512.359737,0.999919176,0.999999547,0.00201671918,0.0103790606,2.48928595,71.088
250,1186.5918,537.38,1186.52117,488.780134,0.999984736,0.999999476,0.00243997838,0.00121074404,2.98373389,104.271
251,1212.20459,511.53,1212.28374,424.611939,0.999980858,1.00000003,0.00290054837,0.00965306775,3.46019721,49.1888
252,1237.49426,445.32,1237.59596,396.898003,1.00008394,0.999999738,0.00339815038,0.000543793806,4.00024796,91.0161
253,1262.4801,415.17,1262.44731,339.021606,0.99998316,1.00000008,0.00392660902,0.0112779544,5.01110172,48.6385
254,1286.78198,355.6,1286.75584,337.594023,1.00009983,0.999999672,0.0044915255,0.00471987899,5.67788982,79.9726
255,1310.63342,353.75,1310.60468,352.778626,1.00000016,1.00000006,0.00509120669,0.00399219574,6.7010417,19.5966
256,1333.86658,369.65,1333.86855,368.749567,0.999983142,0.999999702,0.00572511181,0.00344115272,7.65685368,2.37827
257,1356.51318,386.35,1356.5679,385.504015,1.00010284,1,0.00639214555,0.00301140772,8.47799683,2.16492
258,1378.78784,403.87,1378.75114,403.065814,1.00004683,1.00000046,0.00709098345,0.00266612504,9.74926949,2.00191
259,1400.34277,422.23,1400.31214,376.82674,0.99999081,0.99999999,0.00782117473,0.000412358402,10.9955168,1.87412
260,1421.21069,393.39,1421.23668,351.920503,0.999987324,0.999999749,0.00858182383,0.00736690922,12.1886921,45.5575
261,1441.59912,366.18,1441.53701,296.884762,1.00008827,1.00000035,0.00937157583,0.000476143486,13.445529,44.0668
262,1461.17761,310.32,1461.24876,264.015657,1.00010048,1.00000025,0.0101877732,0.00403984299,14.6703758,69.4391
263,1480.32434,274.87,1480.32111,212.831447,0.999951741,0.999999953,0.0110308758,0.0060169617,16.4031811,47.3736
264,1498.54333,234.74,1498.65841,184.785081,1.00005705,1.00000032,0.0118999098,0.000728655223,17.6343861,63.319
265,1516.54346,203.64,1516.38314,160.68469,1.00007626,0.999999941,0.0127145188,0.0427301847,19.3262119,50.0907
266,1533.33105,181.36,1533.47959,124.973264,0.999889519,1.00000037,0.0134750343,0.00532846473,20.6822929,49.8205
267,1549.93677,142.41,1549.89247,102.853679,1.00010705,0.999999854,0.0141884324,0.106820649,21.871315,57.0526
268,1565.71265,121.05,1565.84404,60.2926399,0.999996915,1.00000005,0.0148560159,0.0153202065,23.1355171,50.5434
269,1581.33105,72.37,1581.2083,54.243092,1.00004723,1.00000026,0.015485969,0.354629843,24.5358124,61.6767
270,1596.1554,69.46,1596.08057,49.7212912,1.00001351,0.999999821,0.0160807831,0.820853814,25.7198715,37.3656
271,1610.52539,61.57,1610.44894,57.4311447,1.00001782,1.00000024,0.0166457303,0.75850869,26.8553123,60.556
272,1624.45312,64.62,1624.3529,76.2471993,1.00006023,0.999999659,0.0171836923,0.735320602,27.9164734,47.704
273,1637.94995,83.1,1637.82997,62.3449926,1.00001875,0.999999723,0.0176960674,0.139690751,29.0729694,44.4351
274,1650.71619,56.99,1650.85566,80.6600061,1.00001501,1.00000051,0.0181875006,0.398298906,29.8610783,29.4654
275,1663.38452,81.32,1663.47128,81.4165259,1.00004914,1.00000019,0.0186589866,0.0286891057,30.8717098,8.46011
276,1675.65149,70.38,1675.70363,112.667322,0.999998941,0.999999906,0.0191134821,0.0303911012,31.9779949,2.23598
277,1687.526,94.07,1687.52375,144.773851,0.999986986,0.999999904,0.0195521109,0.0483059947,33.0184364,-38.8652
278,1699.01624,123.85,1698.96258,174.845439,1.00001286,0.999999983,0.0199768348,0.0586812806,33.9721909,-43.7133
279,1710.12976,151.95,1710.05159,206.649616,0.9999545,0.999999903,0.0203885565,0.0743915342,35.0198517,-40.7372
280,1720.87415,181.61,1720.75794,148.562539,1.00005594,1.00000001,0.0207885595,0.107725979,35.7939682,-39.3258
281,1731.25623,138.62,1731.17404,161.047184,1.00007343,1.00000027,0.0211776898,0.011891,36.6199799,49.0533
282,1741.28223,144.8,1741.26716,185.255497,0.999885055,1.00000005,0.0215562193,0.0021996278,37.7460136,-20.509
283,1750.95862,164.7,1750.94295,212.509799,1.00010084,1.00000027,0.0219284188,0.0158617642,38.2383919,-40.0445
284,1760.29089,188.97,1760.41406,239.123985,1.00011068,1.00000036,0.0222883511,0.0305119261,38.9229431,-44.4368
285,1769.57397,213.32,1769.58741,263.855121,0.99991429,0.999999626,0.0226396239,0.0414658637,40.1976166,-42.8607
286,1784.8429,236.23,1784.74672,286.440027,1.00012188,0.999999876,0.02236053,0.0487471795,39.7913666,-39.5985
287,1799.98218,258.47,1799.96847,308.098054,0.999879393,1.00000013,0.0221631579,0.0534657594,40.1189041,-36.2474
288,1814.99536,279.88,1814.97194,328.856703,0.999918966,0.999999812,0.0220425771,0.0563207004,40.1738739,-33.1587
289,1829.88525,300.44,1829.86375,242.537491,1.00011868,0.99999999,0.0219849176,0.031842876,40.0384903,-30.4602
290,1844.65503,224.96,1844.69487,256.633375,1.00011206,0.999999903,0.0219799982,0.00303598682,40.3044853,65.6272
291,1859.30737,234.48,1859.32562,275.822382,0.999899427,0.999999641,0.0220245388,0.00199952236,41.1154633,-30.894
292,1873.57202,251.04,1873.6152,296.990501,1.00009107,0.99999972,0.0221150442,0.0104037776,41.2249794,-40.7946
293,1887.72876,270.73,1887.7603,318.545864,0.999954879,1.00000009,0.0222400195,0.0205249974,42.0356026,-42.8619
294,1901.51099,291.38,1901.56096,306.13831,0.999979416,1.00000034,0.0223991877,0.016068966,42.581646,-41.2771
295,1915.19397,279.82,1915.09116,278.855017,1.00004184,1.00000033,0.0225876785,0.00720821403,43.2818909,-9.84216
296,1928.2489,253.72,1928.35086,253.493902,1.00002011,1.00000029,0.0228004865,0.00206037684,43.8274765,2.97375
297,1941.21606,229.37,1941.29375,229.361226,1.00003642,0.999999857,0.0230364483,7.81506099e-05,44.5736885,0.749358
298,1953.83521,207.2,1953.92324,207.058704,0.999968789,1.00000003,0.0232915247,0.000967273126,45.4813728,0.0232275
299,1966.11292,186.87,1966.18681,186.365001,0.999939406,0.999999881,0.023565759,0.00438222755,46.3770256,0.344969
300,1978.05566,168.02,1978.09562,167.009322,0.999948006,0.999999707,0.0238552028,0.0101872633,47.2482414,1.32636
301,1989.66931,150.4,1989.66736,148.8125,0.99999475,1.00000031,0.0241584326,0.0185167093,48.0794792,2.71089
302,2000.95972,133.88,2000.91751,131.660066,0.999957371,1.00000016,0.0244716045,0.0298631062,49.0910416,4.34419
303,2011.67786,118.37,2011.79872,116.85372,0.999957989,1.00000039,0.0247963349,0.0562682421,49.8468094,6.14976
304,2022.33923,105.78,2022.33524,103.554111,0.999996496,0.999999885,0.0251301228,0.0962185424,50.8324203,8.09448
305,2032.44092,94.86,2032.53854,89.6382732,0.999951079,0.99999961,0.0254702575,0.134548721,51.7686081,12.1942
306,2042.49255,82.94,2042.36854,72.4837588,0.999943477,0.999999847,0.0258167777,0.141256684,52.9638748,17.287
307,2051.99609,66.73,2051.84056,52.0483202,0.999973723,0.999999512,0.0261706723,0.083198828,53.9061241,20.6972
308,2060.95898,45.31,2060.97796,34.6078014,1.00004195,0.999999786,0.0265281301,0.0133355049,54.5706711,19.0077
309,2069.88306,25.68,2069.81292,21.4280959,0.999904123,0.999999714,0.0268885266,0.000491152143,55.9174614,11.1654
310,2078.27612,12.83,2078.22709,9.33519305,1.00004802,1.00000039,0.0272545803,4.80384768e-05,56.5931206,4.25846
311,2086.14478,8.13,2086.38005,2.15853311,1.0001077,0.99999971,0.0276199478,4.8717899e-05,57.1719666,3.49527
312,2094.47266,14.38,2094.23785,12.4047561,1.00008303,0.999999762,0.0279868339,2.38820534e-08,58.6768112,5.9686
313,2101.79346,24.36,2101.73562,23.1475551,1.0000961,1.00000024,0.028356352,3.91605214e-06,59.4590569,1.97305
314,2109.08887,35.33,2108.91046,34.4076964,1.00002501,0.999999535,0.0287258189,1.64133619e-05,60.7073364,1.21183
315,2115.87524,46.98,2115.71196,46.2065816,1.00011368,1.00000019,0.029095936,4.26831884e-05,61.4884834,0.918939
316,2122.15747,59.27,2122.23759,58.5683613,1.00011815,0.999999981,0.02946429,9.15926384e-05,62.2067337,0.777493
317,2128.4209,72.15,2128.45224,71.4834274,0.999916639,1.00000019,0.0298309438,0.000177678458,63.6344872,0.708261
318,2134.18652,85.67,2134.24354,85.0052481,1.00011929,0.999999694,0.0302000277,0.000327238638,64.1501999,0.680801
319,2139.93652,99.84,2139.83652,99.1625455,0.999993871,1.00000016,0.0305639957,0.000592289662,65.5146103,0.691773
320,2145.1936,114.73,2145.05434,114.020544,1.00002903,1.00000032,0.0309265648,0.00107064109,66.4179306,0.738629
321,2149.96191,130.41,2149.99312,129.677359,0.999980321,0.999999747,0.0312856809,0.00197350717,67.2739639,0.830913
322,2154.71948,146.99,2154.61984,146.27298,0.999969861,1.00000004,0.0316406853,0.00378873841,68.336235,0.991473
323,2158.99243,164.64,2158.95451,164.129334,0.999997481,1.00000019,0.0319915114,0.00777022041,69.1113205,1.27069
324,2163.25684,183.75,2163.02946,182.6729,0.999940889,0.999999483,0.0323376277,0.00981418553,70.2983017,1.78322
325,2166.56787,203.39,2166.79731,202.05437,1.00004436,0.99999996,0.0326790722,0.0110059975,70.4866104,2.86705
326,2170.3457,223.85,2170.37169,222.307405,0.99994173,1.00000001,0.0330119778,0.0115281389,71.7446747,3.55803
327,2173.64575,245.19,2173.62937,243.482325,0.999998999,1.00000027,0.033341933,0.0115691746,72.4914551,4.10675
328,2176.47046,267.46,2176.66935,265.629841,0.999972505,1.00000019,0.03366423,0.0112852257,73.1347961,4.52474
329,2179.29175,278.49,2179.46033,231.533964,0.999983954,1.00000032,0.0339799524,0.00015441236,73.923111,4.82977
330,2182.10913,252.81,2182.02408,212.047367,1.00003349,1.00000035,0.0342893641,0.0125255226,74.8347015,46.9899
331,2184.4541,230.34,2184.37906,194.588046,0.999998991,0.999999867,0.034591161,0.0437364108,75.6372299,43.4184
332,2186.32837,209.85,2186.49749,178.539688,1.00000255,1.00000001,0.0348859162,0.0941995261,76.1035004,44.2645
333,2188.20117,190.7,2188.41286,163.824736,1.00004417,1.00000023,0.0351726574,0.166981987,76.6671829,48.1246
334,2190.07227,172.77,2190.14749,150.812087,0.999879651,1.00000005,0.0354506774,0.267501872,77.8212967,54.2268
335,2191.47437,156.27,2191.59803,140.139269,1.00011932,1.00000003,0.0357252403,0.40192335,77.9197083,62.301
336,2192.87573,141.81,2192.98437,132.733062,0.999908984,0.999999647,0.0359854363,0.573133163,78.9992371,72.456
337,2194.27612,130.22,2194.07799,129.430127,1.00010252,1.00000032,0.0362408543,0.774780246,79.4968567,85.153
338,2195.20923,122.61,2195.08925,28.0759045,1.00009006,0.999999689,0.0364850421,0.285846205,80.0172729,101.071
339,2196.14209,13.7,2195.92963,65.2947593,1.00011555,0.999999782,0.0367207464,0.207835679,80.6041946,102.563
340,2196.6084,48.2,2196.61204,92.8208518,0.999935013,1.00000038,0.0369472767,0.122271342,81.29245,-38.0285
341,2197.07446,74.14,2197.05612,120.115929,1.00003656,0.999999645,0.0371673682,0.0861962476,81.5998917,-33.2692
342,2197.54053,100.07,2197.40862,147.69488,1.00005389,0.999999762,0.0373758544,0.0752959466,82.1479492,-35.6271
343,2197.54053,126.14,2197.63157,124.094115,1.00010907,1.00000041,0.0375753371,0.175755152,82.254837,-36.509
344,2197.54053,117.63,2197.75812,131.419683,1.00008033,0.999999514,0.0377641848,0.0185064935,82.6091461,23.8602
345,2197.54053,117.22,2197.75214,155.389435,0.999968316,1.0000004,0.0379431179,0.00204910626,83.2449417,-11.3624
346,2201.73022,136.45,2201.76151,183.735765,1.0000166,0.999999558,0.0376230366,0.0215706093,82.7704468,-37.8476
347,2205.91211,161.49,2205.8607,211.709878,0.999980972,1.00000028,0.0373433446,0.0418504089,82.4660263,-43.321
348,2210.08594,187.09,2209.98722,237.600768,0.999983373,0.999999574,0.0371036425,0.056063298,82.1328049,-41.3649
349,2214.25195,211.09,2214.14242,261.060271,1.00002382,1.00000039,0.0369015372,0.0648593984,81.7641983,-37.1924
350,2218.41016,232.97,2218.32917,282.195669,0.999980125,1.00000037,0.0367331687,0.0698286634,81.6096497,-33.0364
351,2222.56079,253.9,2222.48469,266.158087,0.999974382,1.00000002,0.0365974253,0.0531328984,81.4682541,-29.5171
352,2226.70337,238.84,2226.61217,181.445238,1.00000677,0.999999936,0.0364913404,0.126151339,81.3289032,1.88109
353,2230.83838,171.27,2230.71759,160.331256,0.999955075,1.00000002,0.0364121887,0.133782822,81.4425659,80.2885
354,2234.96582,151.19,2234.74236,140.79606,0.999941436,1.00000001,0.0363602512,0.146069653,81.6055069,32.3887
355,2238.62817,132.75,2238.6875,122.700935,0.999965937,1.00000016,0.0363311874,0.164566875,81.3484116,30.9554
356,2242.74121,115.9,2242.58023,105.988798,1.00002838,1.00000027,0.0363222274,0.191844242,81.5552139,30.246
357,2246.39087,100.61,2246.41271,90.6646589,1.00000696,0.999999957,0.0363333517,0.232166274,81.5828247,30.2434
358,2250.03467,86.95,2250.14619,78.1493495,1.00002355,1.00000026,0.0363635667,0.304717409,81.6607056,30.9936
359,2253.67261,76.7,2253.78858,59.233413,1.00007798,1.00000042,0.0364105112,0.330238903,81.7763519,32.6167
360,2257.30469,58.99,2257.34937,33.3699792,1.00004818,1.0000005,0.0364702918,0.224054713,82.1766968,37.0315
361,2260.93066,32.32,2260.77619,13.7149597,1.00005639,1.0000004,0.0365457468,0.0292160773,82.6532898,33.0921
362,2264.09888,11.29,2264.08384,1.61639011,1.00010241,1.00000021,0.0366340794,0.00228158399,82.7344284,19.0069
363,2267.2627,12.18,2267.29511,9.51117954,1.0000642,1.00000041,0.0367328863,5.20713254e-08,83.1118011,9.67498
364,2270.42188,21.47,2270.36105,20.1200485,1.00006395,1.00000004,0.0368427878,2.13387138e-06,83.567421,2.66626
365,2273.12646,32.22,2273.2912,31.2406429,1.00010166,1.00000032,0.0369612984,1.18528375e-05,83.6364822,1.35062
366,2276.27759,43.7,2276.12063,42.8941732,1.00005504,0.999999669,0.0370876479,3.36330918e-05,84.4523773,0.979421
367,2278.9751,55.82,2278.78145,55.1038526,1.00004633,1.00000012,0.037222995,7.5127684e-05,84.9150085,0.807826
368,2281.2207,68.54,2281.30285,67.8615991,1.0000755,1.00000039,0.0373648564,0.000148767033,84.9926987,0.722519
369,2283.91235,81.88,2283.71355,81.2196557,0.999898861,0.999999961,0.0375103845,0.000276959456,86.0842972,0.684114
370,2285.70508,95.88,2285.88803,95.2046739,1.00000459,0.999999588,0.037663271,0.000503256044,85.9009171,0.685577
371,2287.94409,110.57,2288.00066,109.868429,1.00002677,1.00000043,0.0378171928,0.000908933925,86.410408,0.721901
372,2290.18066,126.04,856.26068,125.306326,0.999964756,0.999999573,0.511239396,0.00166274388,1871.68896,0.800464
373,763.82196,142.37,763.893865,141.634611,1.00005775,0.999999848,0.417413788,0.0031489811,318.762299,0.93897
374,715.988831,159.71,715.950432,159.103975,1.00002543,1.00000032,0.315666779,0.00632457352,226.027679,1.17792
375,686.137024,178.36,686.091922,134.2448,0.999940178,0.999999833,0.226421895,0.00853495312,155.423019,1.60825
376,672.571167,149.69,672.553885,116.176197,0.999897293,0.999999968,0.154925253,0.0816832554,104.27124,45.2645
377,672.666321,127.14,672.712507,105.015531,1.00001068,1.00000039,0.102110458,0.24493556,68.638382,43.0078
378,683.613953,110.72,683.578332,101.146385,1.00004273,0.999999842,0.0656050538,0.492243851,44.8544731,47.8452
379,702.361755,100.99,702.349982,104.265561,1.00001151,0.999999856,0.0415477952,0.776529405,29.1851273,59.3617
380,726.724182,98.25,726.794087,113.023342,1.00006628,1.00000053,0.0261161747,0.95993361,18.8642635,77.6898
381,755.396606,101.87,755.393116,125.665712,0.999996932,1.00000053,0.016336473,0.749229405,12.3462105,93.7185
382,787.095947,110.46,787.084237,140.705977,1.00008815,0.999999424,0.0101662675,0.592810678,7.9447484,70.352
383,821.31604,122.43,821.264634,157.022504,1.00001979,1.0000004,0.00627244944,0.477671272,5.18660498,53.1657
384,857.456726,136.37,857.487352,173.874774,0.999965006,0.999999579,0.00381213096,0.392496101,3.26812696,40.4143
385,894.427185,151.33,894.456993,35.6575656,1.00010125,0.999999714,0.0022250544,0.0854177144,1.8700788,30.7437
386,931.441895,20.73,931.492161,74.7815416,0.999998959,1.00000038,0.00119964957,0.168159266,1.06817138,118.714
387,968.363586,57.09,968.374102,101.608234,0.999963226,0.999999777,0.000560803362,0.115668719,0.568127811,-41.4752
388,1005.07513,82.44,1005.03635,127.69829,1.00005694,1.00000021,0.000197050474,0.0910116421,0.179601625,-32.7689
389,1041.35291,107.16,1041.45481,154.074484,0.999979153,1.00000007,3.51914356e-05,0.0857451779,-0.0435727686,-33.6311
390,1077.59729,132.03,1077.5047,129.082682,1.00004034,0.999999805,2.61183711e-05,0.127416397,0.0772684515,-33.6989
391,1113.1217,120.69,1113.17891,118.375344,0.999942788,0.999999941,0.000138083221,0.0757381399,0.160162196,19.3972
392,1148.43896,108.17,1148.37643,102.82199,1.00000063,1.00000043,0.000350699915,0.0989251341,0.464448839,11.2778
393,1183.13477,94.24,1183.1182,88.7611022,0.999919087,0.999999908,0.000650059338,0.136288304,0.881363034,15.5185
394,1217.26245,82.14,1217.30202,71.3329296,1.00001384,0.999999848,0.00102697456,0.139749365,1.19373918,17.5782
395,1251.07312,65.56,1250.97417,50.8465839,0.99999207,0.99999955,0.00147487237,0.0779734064,1.95387709,20.7738
396,1283.99377,43.97,1284.03254,33.7395396,1.00004965,0.999999797,0.00198931652,0.0112652895,2.45193195,18.6795
397,1316.4801,24.71,1316.48776,20.6732351,1.00001658,1.00000004,0.00256698287,0.000401112791,3.34996986,10.6131
398,1348.18396,12.24,1348.25309,8.60895747,1.00009011,1.00000001,0.00320586595,4.59346953e-05,4.13209009,4.04855
399,1379.34473,8.31,1379.34852,2.85941178,0.999978639,1.00000043,0.00390415318,2.39588308e-05,5.41067457,3.62834
400,1409.63538,15.03,1409.60239,13.1470636,0.999879103,0.99999985,0.00465547516,8.08592877e-08,6.76501989,5.45404
