cluster	n_insns	n_members	member_rvas
0	4	9	00413bb0 00418f30 00418f40 004210f0 00425bf0 00487140 00487d60 00487de0 005bc880
1	5	7	00404820 0041a3d0 0041c2c0 0041da80 0041de70 00425ed0 0048bc10
2	19	6	0047a1b0 0047a580 0047a5b0 0047a5e0 0047a880 0047aaa0
3	9	5	00418e30 0041c0e0 0041d870 0041d890 004222d0
4	11	5	004943d0 00494c60 0049eab0 0049ebf0 0049ec80
5	17	5	004d7250 004d72a0 004d72f0 004d7340 004d7c10
6	4	5	005aeb80 005b3540 005b7430 005bbc00 005bc850
7	5	4	0041b440 0041beb0 0041cb00 0041d6d0
8	12	4	00421560 0048fce0 0048fd10 0048fd40
9	27	4	0042a5d0 0042a640 0042a7f0 0042a860
10	29	4	0048d360 0048d540 0048d720 0048e180
11	19	4	004b41b0 004b41f0 004b4230 004b4280
12	16	4	004d7200 004d7390 004d73e0 004d7430
13	14	4	005a6280 005a7f70 005b8570 005b9e30
14	5	3	0040ab40 0040ac80 0040acd0
15	8	3	00419fd0 004215a0 00456c70
16	4	3	00431b20 00431b50 00431b60
17	34	3	0048db20 0048dd40 0048df60
18	6	3	00493c60 00494b20 0049ebc0
19	6	3	004b4000 004b4140 004b4270
20	14	3	004c5da0 004c7690 005bb820
21	37	2	00402240 00402590
22	10	2	00417370 004173b0
23	7	2	004189a0 004189c0
24	13	2	0041b4d0 0041cb80
25	13	2	0041b660 0041ccf0
26	59	2	0041bf20 0041d730
27	12	2	00421720 00422290
28	10	2	00422140 0048cf70
29	5	2	00426c50 00426c90
30	28	2	00448820 0044caa0
31	16	2	004548a0 00458360
32	14	2	00457610 00486f50
33	17	2	004671d0 00467210
34	112	2	00473220 004733b0
35	8	2	004758d0 004b5580
36	12	2	00476880 004768a0
37	63	2	0047a280 0047a4a0
38	21	2	0047a540 0047a6b0
39	13	2	0047acd0 0047ad00
40	6	2	0047b880 005571c0
41	38	2	0047c270 0047c2d0
42	9	2	00490f50 00490f80
43	13	2	00490fb0 00491030
44	12	2	004935a0 004935d0
45	23	2	00493c00 00494ac0
46	34	2	00496d60 00496db0
47	8	2	0049a0a0 0049a150
48	22	2	0049d920 0049d960
49	20	2	004b4cd0 004b4e70
50	16	2	004c0830 004c4430
51	40	2	004c1340 004c1480
52	36	2	004c5ae0 004c5b50
53	11	2	004c79f0 004cb2c0
54	16	2	004cb0b0 004cb0f0
55	24	2	004d3a10 004d3a60
56	21	2	005a6110 005a6150
57	8	2	005a6c90 005ad8b0
58	45	2	005aab00 005aab70
59	19	2	005aeb30 005bbbb0
