# CLEARED — non-leaf C2, all callees C2+, reachable. Ready to hand off.
rva	name	subsystem	size	n_callees	n_callers_c2plus	best_caller	shape_hint	blocking_callees
00412880	thunk_FUN_00412190	render	5	1	1	0040bd80	other	
004189e0	thunk_FUN_004196f0	boot	5	1	1	00402a40	other	
004189f0	thunk_FUN_00419760	frontend	5	1	1	00422fd0	other	
00421590	thunk_FUN_004210f0	boot	5	1	1	00402a40	other	
0045bfd0	thunk_FUN_00426060	gameplay	5	1	5	00455060	other	
00476430	thunk_FUN_00475ef0	util	5	1	2	0040bd80	other	
0047ba10	thunk_FUN_00496970	boot	5	1	1	00402a40	other	
00487e20	thunk_FUN_00535700	render	5	1	2	0048a130	other	
00487e30	thunk_FUN_00535910	render	5	1	2	0048a130	other	
00494ee0	thunk_FUN_004d8560	util	5	1	1	00473c20	other	
00494f00	thunk_FUN_00494a80	util	5	1	1	0043dfd0	other	
00494f10	thunk_FUN_00494480	util	5	1	1	0043dfd0	other	
00494f20	thunk_FUN_00494460	boot	5	1	1	00402a40	other	
004951e0	thunk_FUN_00495780	render	5	1	1	00493710	other	
004955c0	thunk_FUN_00495580	boot	5	1	1	004954f0	other	
004963d0	thunk_FUN_00496370	input	5	1	1	004954f0	other	
0049ead0	thunk_FUN_0049fac0	particle	5	1	1	0049eab0	other	
004b5360	thunk_FUN_005507b0	render	5	1	1	0047b8d0	other	
004b5370	thunk_FUN_00550910	render	5	1	1	0047b8d0	other	
004b5380	thunk_FUN_00550950	render	5	1	1	0047b8d0	other	
004b5390	thunk_FUN_005509b0	render	5	1	1	0047b8d0	other	
004b53a0	thunk_FUN_00550bc0	render	5	1	1	0047b8d0	other	
004b6550	thunk_FUN_004b6700	boot	5	1	1	00402a40	other	
004b6590	thunk_FUN_004b67a0	render	5	1	1	004952f0	other	
004b65b0	thunk_FUN_004b68f0	vehicle	5	1	3	00411f30	other	
004b7200	thunk_FUN_004b7fd0	input	5	1	3	0047b980	other	
004c4670	thunk_FUN_004c4680	render	5	1	5	00457100	other	
004c7a60	thunk_FUN_004cfa00	render	5	1	1	004c32b0	other	
004cc9e0	thunk_FUN_004cc820	render	5	1	10	004c07b0	other	
005ab180	thunk_FUN_005ab620	audio	5	1	2	005ab150	other	
005ae4b0	thunk_FUN_004522d0	audio	5	1	2	005ae330	other	
005b10d0	thunk_FUN_005b10a0	audio	5	1	3	005af600	other	
005b15d0	thunk_FUN_005b1500	audio	5	1	1	005b7880	other	
005c9220	thunk_FUN_005abcf0	audio	5	1	2	0045e040	other	
0049b300	DirectInput8Create	input	6	0	1	00495530	other	
0041e8d0	FUN_0041e8d0	gameplay	9	0	1	004270f0	other	
0041e8e0	FUN_0041e8e0	gameplay	9	0	1	004270f0	other	
0041e900	FUN_0041e900	gameplay	9	0	1	00426b40	other	
0041e910	FUN_0041e910	gameplay	9	0	1	00426c30	other	
0041e920	FUN_0041e920	gameplay	9	0	1	00426c10	other	
0041e930	FUN_0041e930	gameplay	9	0	1	00426c70	other	
0041e940	FUN_0041e940	gameplay	9	0	1	00426c50	other	
0041e950	FUN_0041e950	gameplay	9	0	1	00426640	other	
0041e960	FUN_0041e960	ai	9	0	1	00426c90	other	
00467010	FUN_00467010	boot	10	2	1	00402a40	other	
0041b440	FUN_0041b440	render	11	1	1	0041b660	other	
00489240	SkySecondaryDispatch	sky	11	0	1	004492b0	read_global_u32	
00495110	FUN_00495110	util	11	1	1	00492770	other	
004cbb50	FUN_004cbb50	render	11	0	2	0049ab10	arg_getter	
005aea50	FUN_005aea50	audio	11	0	3	005aadc0	read_global_u32	
00413bb0	FUN_00413bb0	hud	12	1	1	0040bd00	other	
00418f30	FUN_00418f30	gameplay	12	1	1	00419530	other	
00418f40	FUN_00418f40	gameplay	12	1	1	004196f0	other	
004210f0	FUN_004210f0	gameplay	12	1	1	00421590	other	
00425bf0	FUN_00425bf0	frontend	12	1	2	00407800	other	
004522d0	FUN_004522d0	audio	12	0	35	005a71f0	other	
00487140	FUN_00487140	particle	12	1	1	0040bd00	other	
00487d60	FUN_00487d60	particle	12	1	1	00481a30	other	
00487de0	FUN_00487de0	particle	12	1	1	0040bde0	other	
00495780	FUN_00495780	boot	12	1	1	004951e0	other	
005aea00	FUN_005aea00	audio	12	0	24	005a71f0	other	
005bc880	FUN_005bc880	audio	12	1	1	005ba760	other	
00404820	FUN_00404820	hud	13	1	1	0045b930	read_global_u32	
0041a3d0	FUN_0041a3d0	boot	13	1	1	00402a40	read_global_u32	
0041c2c0	FUN_0041c2c0	boot	13	1	1	00402a40	read_global_u32	
0041da80	FUN_0041da80	boot	13	1	1	00402a40	read_global_u32	
0041de70	FUN_0041de70	boot	13	1	1	00402a40	read_global_u32	
00425ed0	FUN_00425ed0	boot	13	1	1	00402a40	read_global_u32	
0048bc10	FUN_0048bc10	particle	13	1	1	0040bd00	read_global_u32	
0041beb0	FUN_0041beb0	render	14	1	1	0041c0e0	other	
0041cb00	FUN_0041cb00	render	14	1	1	0041ccf0	other	
0041d6d0	FUN_0041d6d0	render	14	1	1	0041d890	other	
00491490	FUN_00491490	render	14	1	1	00426ab0	other	
005aeb80	FUN_005aeb80	audio	14	1	1	005a65a0	other	
0042f020	FUN_0042f020	frontend	15	0	1	0043dfd0	other	
005b0f40	FUN_005b0f40	audio	15	1	2	005b7010	arg_getter	
005b8080	FUN_005b8080	audio	15	0	1	005b1500	arg_getter	
00417740	FUN_00417740	gameplay	16	1	3	0040b460	arg_getter	
004764e0	FUN_004764e0	util	16	1	1	004764f0	arg_getter	
004b4000	FUN_004b4000	particle	16	1	1	00479330	arg_getter	
004b4120	FUN_004b4120	render	16	1	1	0048a4e0	arg_getter	
004b4270	FUN_004b4270	render	16	1	1	00478cf0	arg_getter	
0042a470	FUN_0042a470	render	17	0	3	00426340	other	
004790e0	FUN_004790e0	track	17	1	1	00479330	other	
005bf670	FUN_005bf670	audio	17	0	5	005be1b0	arg_getter	
0040acd0	FUN_0040acd0	frontend	18	0	1	0043dfd0	read_global_u32	
00429240	FUN_00429240	frontend	18	0	1	00429290	other	
00499cc0	sub_00499cc0	boot	18	0	1	00492370	read_global_u32	
005a6df0	FUN_005a6df0	audio	18	1	5	005a6710	arg_getter	
005b1080	FUN_005b1080	audio	18	0	2	005b7110	arg_getter	
004219a0	FUN_004219a0	ai	19	1	2	004219f0	other	
00478cd0	FUN_00478cd0	render	19	1	1	004270f0	other	
0047b9e0	FUN_0047b9e0	track	19	1	1	00410b30	other	
0049f210	FUN_0049f210	particle	19	0	1	004a06c0	other	
004cc4f0	FUN_004cc4f0	render	19	0	1	004cc400	arg_getter	
0041a960	FUN_0041a960	vehicle	20	1	1	00411ce0	other	
0042fab0	FUN_0042fab0	frontend	20	0	4	004335f0	arg_getter	
00487e00	FUN_00487e00	particle	20	1	1	0040bbb0	other	
004b6570	FUN_004b6570	render	20	1	1	00495280	arg_getter	
0052bf20	FUN_0052bf20	util	20	0	2	0052a9c0	arg_getter	
0040d020	FUN_0040d020	track	21	1	1	0040d270	other	
00421690	FUN_00421690	render	22	1	1	00424eb0	arg_getter	
00423670	FUN_00423670	ai	22	0	1	00423b00	read_global_u32	
00426c50	FUN_00426c50	frontend	22	2	1	0040ddb0	other	
00426c90	FUN_00426c90	ai	22	2	1	004103a0	other	
00454f80	FUN_00454f80	render	22	1	1	00407800	read_global_u32	
004671a0	sub_004671a0	render	22	2	36	00401000	other	
0047b860	FUN_0047b860	input	22	2	1	0047b9b0	other	
00556ca0	FUN_00556ca0	hud	22	0	4	00427e00	other	
005af430	FUN_005af430	audio	22	0	1	005af2d0	other	
004039c0	FUN_004039c0	vehicle	23	1	1	0045bae0	other	
004430c0	FUN_004430c0	frontend	23	2	1	00448730	arg_getter	
00458630	FUN_00458630	frontend	23	0	2	004588c0	arg_getter	
00477e40	FUN_00477e40	render	23	2	1	0040bbb0	other	
00491780	FUN_00491780	render	23	1	1	00426e10	read_global_u32	
005b7e20	FUN_005b7e20	audio	23	1	1	005b7880	other	
004189a0	FUN_004189a0	util	24	3	1	0040fc00	other	
004189c0	FUN_004189c0	render	24	3	1	00410b30	other	
00419fd0	FUN_00419fd0	gameplay	24	1	1	0041a180	other	
0041e1c0	FUN_0041e1c0	gameplay	24	1	1	0041e1e0	other	
004215a0	FUN_004215a0	util	24	1	1	0040fc00	other	
00452140	FUN_00452140	gameplay	24	1	2	0045c350	other	
00456c70	FUN_00456c70	gameplay	24	1	1	00456c90	other	
00486350	FUN_00486350	particle	24	1	1	0040bd00	other	
004b5580	FUN_004b5580	vehicle	24	1	2	00411f30	other	
005aabe0	FUN_005aabe0	audio	24	1	3	005aa7e0	arg_getter	
005ae380	FUN_005ae380	audio	24	1	1	005ae330	arg_getter	
005af470	FUN_005af470	audio	24	0	1	005af2d0	other	
0045c010	PowerupPickupWrapper	powerups	25	1	1	0045bba0	other	
0047b880	FUN_0047b880	input	25	1	1	0047b9b0	read_global_u32	
00497190	FUN_00497190	input	25	1	2	004971b0	other	
005571c0	FontSys_ShutdownFontPool	hud	25	1	1	00552b90	read_global_u32	
005a6c90	FUN_005a6c90	audio	25	1	2	005a6b70	arg_getter	
005ad8b0	FUN_005ad8b0	audio	25	1	2	005ad770	arg_getter	
00418e30	FUN_00418e30	render	26	1	1	004194f0	other	
00419a00	FUN_00419a00	gameplay	26	0	1	00419fd0	other	
00421980	FUN_00421980	render	26	2	3	004219a0	other	
0045c880	FUN_0045c880	gameplay	26	0	1	0045d1e0	arg_getter	
00476860	FUN_00476860	render	26	1	6	004039f0	other	
004b44f0	FUN_004b44f0	util	26	1	8	0045e990	other	
0044b000	FUN_0044b000	render	27	1	1	0045faa0	arg_getter	
00496ce0	FUN_00496ce0	boot	27	1	1	00402a40	read_global_u32	
004d7480	FUN_004d7480	render	27	0	1	004d07b0	other	
0045bac0	PowerupSlotDeactivate	powerups	28	0	3	0045bba0	other	
00474d60	FUN_00474d60	vehicle	28	1	11	00453210	arg_getter	
00474fb0	FUN_00474fb0	render	28	1	2	00474fd0	other	
0048cf70	FUN_0048cf70	particle	28	1	1	0040bd00	other	
004c7600	FUN_004c7600	render	28	0	2	004c6ba0	read_global_u32	
005b3b60	FUN_005b3b60	audio	28	1	2	005aba20	other	
005bc860	FUN_005bc860	audio	28	1	1	005ba720	other	
005bc900	FUN_005bc900	audio	28	0	4	005c0320	other	
005bcd80	FUN_005bcd80	audio	28	1	2	005bcc70	other	
00407600	Player::GetPositionPtr	util	29	1	2	00446520	arg_getter	
0041c0e0	FUN_0041c0e0	boot	29	1	1	00402a40	other	
0041d890	FUN_0041d890	boot	29	1	1	00402a40	other	
004222d0	FUN_004222d0	util	29	1	1	0040fc00	other	
00423b00	FUN_00423b00	frontend	29	4	1	00425a40	other	
00496470	sub_00496470	boot	29	1	1	00499820	read_global_u32	
004b4050	FUN_004b4050	render	29	1	1	004b4080	arg_getter	
005b1140	FUN_005b1140	audio	29	1	3	005af7a0	other	
00421960	FUN_00421960	audio	30	2	1	00421d20	other	
004770a0	FUN_004770a0	render	30	0	19	00413f50	arg_getter	
004960e0	sub_004960e0	boot	30	0	1	00499820	read_global_u32	
005ae7e0	FUN_005ae7e0	audio	30	1	4	005a9d00	arg_getter	
005af300	FUN_005af300	audio	30	0	1	005af2d0	arg_getter	
004218b0	FUN_004218b0	render	31	2	1	004218d0	other	
00422140	FUN_00422140	render	31	1	1	0040cf80	other	
00476880	FUN_00476880	util	31	1	5	00421d20	other	
004929d0	FUN_004929d0	util	31	1	1	00492290	other	
004b7fd0	FUN_004b7fd0	render	31	1	1	004b7200	other	
004c0ed0	FUN_004c0ed0	render	31	1	32	00405ab0	other	
005a7a40	FUN_005a7a40	audio	31	1	2	005a79a0	other	
005a9f10	FUN_005a9f10	audio	31	1	1	005aa7a0	arg_getter	
005b0b40	FUN_005b0b40	audio	31	1	3	005afcf0	other	
005ba760	FUN_005ba760	audio	31	2	2	005ba1d0	arg_getter	
005bf350	FUN_005bf350	audio	31	1	1	005bdad0	arg_getter	
004752d0	FUN_004752d0	render	32	1	2	00404fa0	other	
00478200	FUN_00478200	track	32	2	1	00479330	other	
00490000	FUN_00490000	render	32	1	1	0040cfd0	other	
00494460	sub_00494460	frontend	32	2	2	00494f20	other	
0049cb00	FUN_0049cb00	particle	32	0	1	0049ea70	other	
00409790	FUN_00409790	gameplay	33	1	1	00441820	other	
00421720	FUN_00421720	render	33	1	1	004219c0	other	
00422290	FUN_00422290	render	33	1	1	004222d0	other	
00458fd0	FUN_00458fd0	gameplay	33	2	1	00426460	other	
00489910	FUN_00489910	gameplay	33	1	2	00486220	other	
004b9600	FUN_004b9600	input	33	1	1	004b9730	other	
004cc7f0	FUN_004cc7f0	render	33	1	11	004c8690	other	
005a8e70	FUN_005a8e70	audio	33	1	1	004627f0	other	
005aeed0	FUN_005aeed0	audio	33	0	2	005ab560	arg_getter	
005b1110	FUN_005b1110	audio	33	1	2	005af040	other	
00426d90	FUN_00426d90	frontend	34	1	1	004270f0	other	
00496970	FUN_00496970	render	34	1	1	0047ba10	read_global_u32	
004b9aa0	FUN_004b9aa0	input	34	1	8	004b7250	other	
004cbb20	FUN_004cbb20	render	34	0	1	0049aae0	other	
004d8770	RwStringGetSizeAligned	render	34	0	2	004cf460	arg_getter	
005a61b0	FUN_005a61b0	audio	34	0	4	005ad6f0	arg_getter	
005a6dc0	FUN_005a6dc0	audio	34	1	39	0045d460	arg_getter	
005adf60	FUN_005adf60	audio	34	0	1	005a7aa0	arg_getter	
005b0b10	FUN_005b0b10	audio	34	1	3	005afcf0	arg_getter	
00418db0	FUN_00418db0	render	35	0	1	00419530	other	
0041c2d0	FUN_0041c2d0	hud	35	0	2	0041a3e0	other	
00421930	FUN_00421930	render	35	1	1	00421a90	arg_getter	
0042c2a0	FUN_0042c2a0	boot	35	2	1	00402a40	read_global_u32	
0045bfa0	PowerupSlotActivate	powerups	35	1	1	0045c010	other	
004853f0	FUN_004853f0	smplfzx	35	3	1	00478cf0	other	
0048fef0	FUN_0048fef0	particle	35	1	1	0048ff20	other	
004c1be0	sub_004c1be0	frontend	35	1	6	004026d0	other	
004c5770	FUN_004c5770	render	35	0	2	004593b0	arg_getter	
004d1640	FUN_004d1640	render	35	0	1	004d1d20	arg_getter	
005af200	FUN_005af200	audio	35	0	4	005a8560	arg_getter	
0041f290	FUN_0041f290	gameplay	36	1	9	004039f0	arg_getter	
00451730	FUN_00451730	gameplay	36	1	1	00485460	other	
0048bbe0	FUN_0048bbe0	particle	36	2	1	0040bbb0	other	
004c2d90	FUN_004c2d90	render	36	1	4	00472380	other	
004c7620	FUN_004c7620	render	36	0	1	004de1b0	read_global_u32	
004c79f0	FUN_004c79f0	render	36	0	1	004d07b0	arg_getter	
005a60b0	FUN_005a60b0	audio	36	4	1	0045d3f0	const_setter	
005ab150	FUN_005ab150	audio	36	2	1	005b1500	other	
0040e560	FUN_0040e560	util	37	5	1	004103a0	other	
00421c50	FUN_00421c50	render	37	1	1	00422120	other	
0049ff30	FUN_0049ff30	particle	37	0	1	0049cd70	other	
004b7250	FUN_004b7250	input	37	2	3	0047b980	other	
005af7a0	FUN_005af7a0	audio	37	1	1	005af510	other	
00412100	FUN_00412100	render	38	0	1	0040bde0	other	
00451060	FUN_00451060	gameplay	38	3	1	004492b0	other	
00458dd0	FUN_00458dd0	gameplay	38	3	2	00458e00	other	
00487150	FUN_00487150	particle	38	2	1	00487e00	other	
00494480	FUN_00494480	video	38	3	2	00494f10	other	
00495080	FUN_00495080	frontend	38	1	1	0043dfd0	other	
004c3d60	FUN_004c3d60	render	38	0	2	00471780	other	
004c3dc0	FUN_004c3dc0	render	38	0	1	00426810	other	
005a60e0	FUN_005a60e0	audio	38	2	2	0045d430	other	
005b10a0	FUN_005b10a0	audio	38	0	2	005b10d0	other	
005b10e0	FUN_005b10e0	audio	38	0	2	005b1030	other	
005b3b30	FUN_005b3b30	audio	38	1	2	005abd30	other	
00421560	FUN_00421560	render	39	1	1	0040bde0	read_global_u32	
004292d0	sub_004292d0	util	39	1	3	0040b090	other	
0045d430	FUN_0045d430	util	39	1	2	00429290	read_global_u32	
0047b9b0	FUN_0047b9b0	physics	39	3	5	00426340	other	
00481750	FUN_00481750	vehicle	39	2	4	004039f0	arg_getter	
0048fce0	FUN_0048fce0	particle	39	1	1	0040bde0	read_global_u32	
0048fd10	FUN_0048fd10	particle	39	1	1	0040bde0	read_global_u32	
0048fd40	FUN_0048fd40	particle	39	1	1	0040bde0	read_global_u32	
0049cc40	FUN_0049cc40	particle	39	0	3	0049e600	other	
004c7690	FUN_004c7690	render	39	1	1	004cfa00	other	
004ce6c0	FUN_004ce6c0	render	39	1	1	004c6750	other	
004e4320	FUN_004e4320	render	39	1	5	004013f0	other	
00557220	FontSys_ShutdownDataPools	hud	39	1	1	00552b90	read_global_u32	
005a6280	FUN_005a6280	audio	39	1	1	0045d460	other	
005a7f70	FUN_005a7f70	audio	39	1	1	00462dd0	other	
005a9de0	FUN_005a9de0	audio	39	1	1	005a62b0	other	
005b3550	FUN_005b3550	audio	39	2	1	005a9d00	other	
005b8570	FUN_005b8570	audio	39	1	1	0045d460	other	
005b9e30	FUN_005b9e30	audio	39	1	1	004627f0	other	
0040dba0	FUN_0040dba0	util	40	2	1	0040fc00	other	
00418a70	FUN_00418a70	render	40	1	1	00419530	other	
0041b660	FUN_0041b660	boot	40	2	1	00402a40	other	
00429290	FUN_00429290	frontend	40	5	1	004669b0	other	
0045da60	FUN_0045da60	audio	40	1	1	0045e040	other	
00496940	FUN_00496940	render	40	1	1	0047ba00	read_global_u32	
0049f1e0	FUN_0049f1e0	particle	40	0	1	004a0570	other	
004c76c0	FUN_004c76c0	render	40	0	1	004de1b0	other	
00534920	FUN_00534920	util	40	1	1	00493640	other	
005be160	FUN_005be160	audio	40	3	1	005bc640	other	
00425b90	FUN_00425b90	frontend	41	1	1	00425c00	other	
00428760	FUN_00428760	hud	41	1	5	00403050	other	
00467070	FUN_00467070	boot	41	3	1	00402a40	read_global_u32	
0046cc10	FUN_0046cc10	ai	41	1	8	0040ca00	other	
004725c0	FUN_004725c0	render	41	1	1	00410b30	other	
0047d150	FUN_0047d150	gameplay	41	1	5	004064c0	arg_getter	
00483a40	FUN_00483a40	vehicle	41	0	1	004114e0	other	
00485380	FUN_00485380	vehicle	41	2	1	00485420	other	
00489c30	FUN_00489c30	particle	41	1	1	00406130	read_global_u32	
0048ffd0	FUN_0048ffd0	particle	41	2	1	0040bd00	other	
00492d30	FUN_00492d30	util	41	3	1	00492290	other	
0049ff60	FUN_0049ff60	particle	41	0	1	0049ce10	other	
004cb840	FUN_004cb840	render	41	0	2	004f13d0	other	
004cd550	FUN_004cd550	render	41	0	1	004e19f0	arg_getter	
00550950	FUN_00550950	audio	41	0	2	004b5380	other	
005ab040	FUN_005ab040	util	41	0	5	005a6ea0	read_global_u32	
004219c0	FUN_004219c0	render	42	1	1	00410b30	read_global_u32	
00474db0	FUN_00474db0	render	42	1	5	004759b0	read_global_u32	
00495580	FUN_00495580	input	42	1	1	004955c0	other	
00495fe0	FUN_00495fe0	input	42	1	1	004967e0	read_global_u32	
004cde20	FUN_004cde20	render	42	0	1	004db2e0	other	
005a5d60	FUN_005a5d60	audio	42	1	1	005a5910	other	
005ab190	FUN_005ab190	audio	42	1	1	005b2190	arg_getter	
005af040	FUN_005af040	audio	42	2	1	005a8750	arg_getter	
005bcbb0	FUN_005bcbb0	audio	42	1	2	005be450	other	
00413b80	FUN_00413b80	hud	43	3	1	0040bbb0	other	
0041ccf0	FUN_0041ccf0	boot	43	2	1	00402a40	other	
00448700	FUN_00448700	vehicle	43	1	3	00403250	other	
00477580	FUN_00477580	render	43	3	1	00477870	other	
004b5320	FUN_004b5320	vehicle	43	1	4	00401000	other	
004c3d90	FUN_004c3d90	render	43	0	20	0040c690	other	
005ae300	FUN_005ae300	audio	43	1	2	005ae250	other	
005bc020	FUN_005bc020	audio	43	0	2	005b8c40	other	
00417370	FUN_00417370	gameplay	44	1	1	00422ba0	read_global_f32	
00426640	FUN_00426640	render	44	3	1	00410b30	read_global_u32	
00454bd0	FUN_00454bd0	render	44	2	1	00454c60	other	
0048aa20	FUN_0048aa20	render	44	1	2	00405ab0	other	
0049d1d0	FUN_0049d1d0	particle	44	0	2	0049d200	other	
004c1b10	FUN_004c1b10	render	44	2	8	00426810	other	
0055c810	PhysicsBodySetLinearVelocity	vehicle	44	1	3	0047d3c0	other	
005ad080	FUN_005ad080	audio	44	0	4	005a6110	other	
005bcc70	FUN_005bcc70	audio	44	2	3	005be260	other	
005c9490	FUN_005c9490	audio	44	2	1	005c1140	other	
0041a980	FUN_0041a980	render	45	2	1	0040cf80	other	
004672d0	FUN_004672d0	render	45	2	1	0040cda0	other	
00475010	FUN_00475010	render	45	1	1	00426780	other	
00493c60	FUN_00493c60	render	45	1	1	004943d0	other	
00494b20	FUN_00494b20	render	45	1	1	00494c60	other	
004954f0	FUN_004954f0	boot	45	6	1	00493560	other	
0049ebc0	FUN_0049ebc0	particle	45	1	3	00493c60	other	
004d8060	FUN_004d8060	render	45	0	9	004c0c20	other	
00552b60	FontSys_InitSeq	hud	45	7	1	00427ca0	const_setter	
005a6c60	FUN_005a6c60	audio	45	1	1	005a6b70	field_get_cdecl	
005bbf30	FUN_005bbf30	audio	45	0	5	005b9460	other	
00406130	FUN_00406130	gameplay	46	2	1	004072e0	other	
0041f060	FUN_0041f060	gameplay	46	1	1	0045bba0	arg_getter	
00452f00	FUN_00452f00	gameplay	46	2	1	00452f30	other	
00496010	FUN_00496010	input	46	2	1	004954f0	other	
005a7e70	FUN_005a7e70	audio	46	1	1	005abcf0	other	
005adbe0	FUN_005adbe0	audio	46	1	2	005aa200	other	
005af010	FUN_005af010	audio	46	2	1	005a8560	other	
005c9740	FUN_005c9740	audio	46	1	1	005c7ee0	other	
00410d10	FUN_00410d10	vehicle	47	1	1	00411170	other	
00425ea0	FUN_00425ea0	frontend	47	1	1	00426b40	other	
0045cc50	FUN_0045cc50	audio	47	2	1	0045d330	other	
0047b8a0	FUN_0047b8a0	input	47	1	1	0047b8d0	other	
0047f450	FUN_0047f450	gameplay	47	4	1	00426b40	read_global_u32	
004b40f0	FUN_004b40f0	render	47	1	5	0048a490	other	
004b7a70	FUN_004b7a70	input	47	2	1	0047b8a0	other	
004c5860	FUN_004c5860	render	47	0	1	00483fa0	other	
004c7730	FUN_004c7730	render	47	1	1	004c1be0	read_global_u32	
005a6d90	FUN_005a6d90	audio	47	0	1	005a6e10	other	
005af230	FUN_005af230	audio	47	0	1	005af260	arg_getter	
005af2d0	FUN_005af2d0	audio	47	3	1	005af010	other	
005b81d0	FUN_005b81d0	audio	47	0	1	005b3300	other	
0046be50	FUN_0046be50	gameplay	48	0	2	00420e00	other	
00477730	FUN_00477730	render	48	1	1	0040bd80	const_return	
00482900	FUN_00482900	vehicle	48	2	3	004113b0	other	
004b6770	FUN_004b6770	render	48	1	1	004b67a0	other	
004cbad0	FUN_004cbad0	render	48	0	1	0049aae0	other	
004d5310	FUN_004d5310	render	48	0	2	004c6ba0	read_global_u32	
005a6d60	FUN_005a6d60	audio	48	0	26	0045daf0	other	
00457610	FUN_00457610	gameplay	49	1	1	0040bde0	read_global_u32	
0045d330	FUN_0045d330	util	49	7	1	0045d3a0	other	
00486f50	FUN_00486f50	particle	49	1	1	0040bde0	read_global_u32	
0048f740	FUN_0048f740	util	49	3	2	0040bd80	other	
0049fc80	FUN_0049fc80	particle	49	0	1	0049ceb0	other	
004b5190	FUN_004b5190	vehicle	49	4	13	00407800	arg_getter	
005571e0	FontSys_InitFontPool	hud	49	1	1	00552b60	read_global_u32	
0040ddb0	FUN_0040ddb0	util	50	6	1	0040de10	other	
0045b990	FUN_0045b990	render	50	2	1	00410b30	other	
00474fd0	FUN_00474fd0	render	50	1	1	00479330	other	
004898d0	FUN_004898d0	gameplay	50	1	1	00489c60	other	
004c3270	sub_004c3270	render	50	2	2	00493710	other	
005a6e10	FUN_005a6e10	audio	50	1	3	005a6670	other	
005ba720	FUN_005ba720	audio	50	2	1	005ba1d0	arg_getter	
0040b930	FUN_0040b930	gameplay	51	1	4	0041b540	other	
004194f0	FUN_004194f0	gameplay	51	4	1	00418990	const_return	
0041f1e0	FUN_0041f1e0	util	51	1	4	00412f30	arg_getter	
0041f220	FUN_0041f220	gameplay	51	1	2	00421630	arg_getter	
0042f660	DefaultViewportCameraInit	render	51	4	1	004921d0	other	
00442a20	Camera::InitWithMatrix	util	51	1	1	00446520	read_global_f32	
00444ff0	FUN_00444ff0	ai	51	0	1	00448730	other	
00448730	FUN_00448730	render	51	3	1	00410b30	other	
00452ec0	FUN_00452ec0	gameplay	51	2	1	00452f30	other	
004548a0	FUN_004548a0	vehicle	51	2	2	004548e0	other	
00472650	FUN_00472650	util	51	1	59	00405ab0	other	
004b4510	FUN_004b4510	util	51	1	5	004219f0	other	
004cb0b0	FUN_004cb0b0	render	51	0	1	004db770	read_global_u32	
004cb0f0	FUN_004cb0f0	render	51	0	1	004db770	read_global_u32	
004ccde0	FUN_004ccde0	util	51	1	2	0040d270	other	
004d38b0	rwD3D8CheckTextureFormat	render	51	0	1	004dee40	read_global_u32	
004d52d0	FUN_004d52d0	render	51	0	2	00498810	read_global_u32	
005a7b00	FUN_005a7b00	audio	51	2	1	005aba20	other	
0041f2c0	FUN_0041f2c0	gameplay	52	2	1	00459620	arg_getter	
00485070	FUN_00485070	util	52	2	1	0040fc00	read_global_u32	
004853b0	FUN_004853b0	smplfzx	52	2	1	004853f0	other	
00485e10	FUN_00485e10	particle	52	1	1	0040bd00	other	
00490490	FUN_00490490	render	52	1	2	0040bde0	read_global_u32	
00493bc0	FUN_00493bc0	util	52	0	2	004944c0	other	
00495150	FUN_00495150	input	52	3	1	00493540	other	
004b71c0	FUN_004b71c0	render	52	2	2	004b7b30	other	
004d8090	FUN_004d8090	render	52	0	1	004c2bf0	other	
005a6070	FUN_005a6070	audio	52	0	1	005a6030	other	
005a7ea0	FUN_005a7ea0	audio	52	3	1	005a79a0	other	
0045d3f0	FUN_0045d3f0	util	53	2	2	00429290	read_global_u32	
0047c1f0	FUN_0047c1f0	camera	53	1	1	0047c2d0	other	
004b4080	FUN_004b4080	render	53	2	4	00401000	other	
00550910	FUN_00550910	save	53	0	3	004b5370	other	
005aaac0	FUN_005aaac0	audio	53	0	2	005aa8a0	other	
005ad8d0	FUN_005ad8d0	audio	53	1	2	005ad770	other	
005adef0	FUN_005adef0	audio	53	0	1	005aabe0	other	
00403660	FUN_00403660	boot	54	1	1	00402a40	read_global_u32	
00442600	CameraPath::InitForTrack	util	54	1	1	00446520	other	
004671d0	FUN_004671d0	render	54	2	3	0045a190	other	
00467210	sub_00467210	render	54	2	16	004019d0	other	
0047c230	FUN_0047c230	camera	54	1	1	0047c270	other	
00484130	FUN_00484130	boot	54	0	1	00402a40	other	
004b67a0	FUN_004b67a0	render	54	3	1	004b6590	other	
004b7df0	FUN_004b7df0	input	54	2	12	004b9600	other	
004ba210	FUN_004ba210	input	54	6	2	004b7480	other	
004c76f0	FUN_004c76f0	render	54	0	1	004c6ba0	other	
004c7860	FUN_004c7860	render	54	0	3	004c6ba0	other	
00556ce0	FontSys_ShutdownBuffers	hud	54	1	1	00552b90	read_global_u32	
004210b0	FUN_004210b0	gameplay	55	4	1	0040bbb0	other	
00458880	FUN_00458880	gameplay	55	3	1	0045b930	other	
00489890	FUN_00489890	gameplay	55	2	4	00453100	other	
00494a80	sub_00494a80	frontend	55	2	2	00494f00	other	
00496370	FUN_00496370	input	55	1	1	004963d0	read_global_u32	
004b4010	FUN_004b4010	render	55	1	1	00479330	other	
004b9850	FUN_004b9850	input	55	1	1	004b7480	other	
004d1d70	FUN_004d1d70	render	55	0	1	004c9ad0	other	
004dba60	FUN_004dba60	render	55	1	1	004d07b0	other	
005ad6f0	FUN_005ad6f0	audio	55	2	1	005ad770	arg_getter	
005ad730	FUN_005ad730	audio	55	2	1	005ad8d0	other	
005ae470	FUN_005ae470	audio	55	1	1	005ae300	other	
004778e0	FUN_004778e0	render	56	1	2	00477920	other	
0047f480	FUN_0047f480	gameplay	56	3	1	00426b40	read_global_u32	
00482820	FUN_00482820	vehicle	56	4	1	0047f450	other	
00489250	FUN_00489250	boot	56	2	1	00402a40	read_global_u32	
004b7140	FUN_004b7140	input	56	1	19	004bfeb0	other	
004cb070	FUN_004cb070	render	56	0	1	004db770	read_global_u32	
00554010	FUN_00554010	hud	56	3	2	00554010	other	
005ab1c0	FUN_005ab1c0	audio	56	1	2	005b2190	arg_getter	
005aef30	FUN_005aef30	audio	56	1	3	005a8060	other	
005af260	FUN_005af260	audio	56	3	3	005af170	other	
0040cf40	FUN_0040cf40	gameplay	57	1	1	0040cf80	read_global_u32	
0042d560	FUN_0042d560	render	57	4	1	004921d0	other	
00475ef0	FUN_00475ef0	render	57	1	2	00476390	other	
004b4cd0	Bezier::QueryWrapper	util	57	1	10	00405920	other	
004b4e70	FUN_004b4e70	render	57	1	1	0041f2c0	other	
004e66d0	RpClumpForAllAtomics	render	57	0	12	0040cda0	arg_getter	
00429620	FUN_00429620	hud	58	2	2	00429660	other	
00475f50	FUN_00475f50	render	58	1	1	00475f90	other	
00493600	FUN_00493600	render	58	1	1	00493710	other	
004c06c0	FUN_004c06c0	input	58	2	1	004c0510	other	
005a6030	FUN_005a6030	audio	58	2	1	00466a50	other	
005a9ff0	FUN_005a9ff0	audio	58	1	3	005afa00	other	
005aca40	FUN_005aca40	audio	58	1	1	005ac7e0	other	
005ad2e0	FUN_005ad2e0	audio	58	1	4	005a6cb0	arg_getter	
005b8040	FUN_005b8040	audio	58	1	1	005b1260	other	
004777d0	FUN_004777d0	util	59	1	2	0040ce00	other	
0047a0f0	FUN_0047a0f0	track	59	2	1	00426e10	other	
00485420	FUN_00485420	vehicle	59	2	1	004694e0	other	
004b4b20	FUN_004b4b20	render	59	1	1	0045b390	other	
004c7a20	FUN_004c7a20	render	59	0	1	004d07b0	arg_getter	
004b41b0	FUN_004b41b0	render	60	1	1	00484580	other	
004b41f0	FUN_004b41f0	render	60	1	1	00479330	other	
004b4230	FUN_004b4230	render	60	1	1	004b4270	other	
004b4280	FUN_004b4280	render	60	1	1	00479330	other	
005aa7a0	FUN_005aa7a0	audio	60	2	1	005aa560	other	
005bf690	FUN_005bf690	audio	60	2	7	005be160	other	
00412010	FUN_00412010	gameplay	61	1	1	0045b930	other	
004624c0	FUN_004624c0	audio	61	3	1	004627f0	other	
004b7570	FUN_004b7570	input	61	1	19	004b7110	arg_getter	
004d7c60	FUN_004d7c60	render	61	1	1	004c32b0	read_global_u32	
005a7520	FUN_005a7520	audio	61	3	2	005a6670	other	
005bf6d0	FUN_005bf6d0	audio	61	1	7	005be1b0	other	
004417e0	FUN_004417e0	util	62	1	12	0045d7a0	other	
004c2c90	FUN_004c2c90	render	62	0	13	004c2de0	other	
004c7650	FUN_004c7650	render	62	1	14	00403660	other	
005a6110	FUN_005a6110	audio	62	1	1	004627f0	other	
005a6150	FUN_005a6150	audio	62	1	1	00466a50	other	
005a66d0	FUN_005a66d0	audio	62	1	34	0045da60	other	
005abcf0	FUN_005abcf0	audio	62	4	4	005a79a0	other	
005af740	FUN_005af740	audio	63	2	2	005af510	other	
005b92e0	FUN_005b92e0	audio	63	1	2	005b9460	other	
00413a00	FUN_00413a00	render	64	1	1	00410b30	read_global_u32	
00413f50	FUN_00413f50	hud	64	1	1	0040bde0	read_global_u32	
00421c10	FUN_00421c10	render	64	1	1	00421c50	other	
00454ff0	FUN_00454ff0	render	64	3	2	00455030	other	
004b7960	FUN_004b7960	input	64	1	1	004b7a70	other	
004c59c0	FUN_004c59c0	render	64	0	2	004b4280	other	
005bbb70	FUN_005bbb70	audio	64	1	2	00466a50	other	
005be5f0	FUN_005be5f0	audio	64	1	1	005bd6f0	other	
00411530	Replay::GetTimeAtIdx	vehicle	65	1	2	00411580	arg_getter	
004215e0	FUN_004215e0	render	65	1	1	00421630	arg_getter	
00432800	FUN_00432800	frontend	65	0	1	0043d2a0	other	
0045cd30	FUN_0045cd30	audio	65	0	1	0045d1e0	other	
0047a130	FUN_0047a130	render	65	1	1	004264d0	other	
004e6680	RpClumpRender	render	65	1	12	004013f0	arg_getter	
005b1030	FUN_005b1030	audio	65	2	1	005afcf0	other	
004b4d10	FUN_004b4d10	render	66	1	1	00406160	other	
004b68f0	FUN_004b68f0	render	66	1	1	004b65b0	read_global_u32	
005aacf0	FUN_005aacf0	audio	66	1	1	005aaa00	other	
0041de80	FUN_0041de80	hud	67	0	1	0041ded0	other	
00427880	FUN_00427880	frontend	67	4	1	00427ca0	other	
00475ea0	FUN_00475ea0	render	67	1	1	0040bd00	other	
0049f030	FUN_0049f030	particle	67	0	3	0049ca60	field_get_thiscall	
004c9f60	FUN_004c9f60	render	67	0	1	00493710	other	
004da430	FUN_004da430	render	67	1	2	004d9530	other	
00556e40	FUN_00556e40	hud	67	1	1	00427620	other	
005a7aa0	FUN_005a7aa0	audio	67	1	2	0045d460	arg_getter	
005ad6a0	FUN_005ad6a0	audio	67	1	4	005a71f0	other	
0040cfd0	FUN_0040cfd0	boot	68	10	2	00402a40	other	
004593b0	FUN_004593b0	gameplay	68	4	1	0045b930	other	
0045dff0	FUN_0045dff0	gameplay	68	1	1	0045d0e0	other	
00467020	FUN_00467020	boot	68	3	3	00402a40	other	
004759b0	FUN_004759b0	render	68	1	1	0040bbb0	other	
004b4b60	FUN_004b4b60	render	68	1	3	0045bba0	other	
005aeb30	FUN_005aeb30	audio	68	3	1	005a62b0	other	
00498810	FUN_00498810	util	69	5	1	00498860	other	
004161e0	FUN_004161e0	ai	70	2	3	00416250	other	
00428400	FUN_00428400	boot	70	2	1	00402a40	other	
00477f00	FUN_00477f00	render	70	1	1	0047bb10	other	
00480d60	FUN_00480d60	vehicle	70	2	2	00422ba0	other	
00492290	sub_00492290	boot	70	8	1	00492370	other	
004b4e20	FUN_004b4e20	render	70	1	1	004b4e70	other	
005581f0	FUN_005581f0	boot	70	3	1	00402a40	arg_getter	
00558470	sub_00558470	render	70	0	1	004938c0	read_global_u32	
004b4ad0	FUN_004b4ad0	render	71	1	1	00422570	other	
004b5030	FUN_004b5030	render	71	1	1	00478660	other	
005aefc0	FUN_005aefc0	audio	71	1	1	005a8390	other	
005bbb20	FUN_005bbb20	audio	71	2	1	004627f0	other	
005be0f0	FUN_005be0f0	audio	71	1	1	005bc470	other	
0041ad60	FUN_0041ad60	render	72	3	1	0041b450	other	
004891f0	FUN_004891f0	render	72	0	1	00410b30	read_global_u32	
004b4a80	FUN_004b4a80	render	72	1	3	004b4ad0	other	
004b4c80	FUN_004b4c80	render	72	1	2	004b4cd0	other	
0040e4b0	Race::GetSoleFinishedPlayer	util	73	1	3	00414220	other	
00418de0	FUN_00418de0	vehicle	73	2	2	00418e30	other	
004262f0	FUN_004262f0	render	73	4	1	00426e10	other	
00556d20	FontSys_InitBuffers	hud	73	1	1	00552b60	read_global_u32	
0040ad40	FUN_0040ad40	gameplay	74	2	1	0040b090	other	
0040be50	FUN_0040be50	gameplay	74	0	1	0040c5b0	other	
004661a0	FUN_004661a0	audio	74	3	3	00406160	other	
00472380	FUN_00472380	render	74	2	1	00493640	other	
004728a0	FUN_004728a0	util	74	1	1	0045d7a0	other	
00550be0	FUN_00550be0	util	74	0	2	0045d3f0	other	
005bc640	FUN_005bc640	audio	74	2	2	005bb000	other	
0040cf80	FUN_0040cf80	boot	75	6	2	00402a40	other	
00454fa0	FUN_00454fa0	render	75	3	1	00455030	other	
0049cc80	FUN_0049cc80	particle	75	1	1	0049e4b0	other	
005ae330	FUN_005ae330	audio	75	2	4	005a9d00	other	
0041ebb0	FUN_0041ebb0	render	76	2	1	00410b30	read_global_u32	
0042a8d0	FUN_0042a8d0	render	76	0	5	0040cea0	read_global_u32	
00496d60	FUN_00496d60	util	76	6	1	00496e40	other	
00496db0	FUN_00496db0	util	76	6	1	00496e40	other	
004c0510	FUN_004c0510	input	76	5	1	0047b860	other	
004cba80	FUN_004cba80	render	76	0	4	004db3e0	other	
0055c4f0	PhysicsBodySetFriction	vehicle	76	1	9	004218d0	other	
005a89d0	FUN_005a89d0	audio	76	1	1	0045da90	read_global_u32	
004657b0	FUN_004657b0	util	77	1	1	0045d3a0	other	
0048a490	FUN_0048a490	particle	77	3	2	0048a5d0	other	
00496490	sub_00496490	boot	77	2	1	00499820	other	
005b0970	FUN_005b0970	audio	77	1	1	005afcf0	other	
005b3620	FUN_005b3620	audio	77	1	2	005adbe0	arg_getter	
0041af00	FUN_0041af00	render	78	1	1	0041af50	other	
004cd170	FUN_004cd170	render	78	0	4	00478220	read_global_u32	
005a7560	FUN_005a7560	audio	78	2	1	005a7520	other	
00404650	FUN_00404650	render	79	3	1	00410b30	other	
00475e50	FUN_00475e50	render	79	1	2	0040bde0	read_global_u32	
00486220	FUN_00486220	particle	79	1	1	0040bde0	read_global_u32	
004c2f60	FUN_004c2f60	render	79	2	1	004938c0	read_global_u32	
004d3090	rwD3D8RasterDestroy	render	79	2	1	004d3b00	read_global_u32	
005bdef0	FUN_005bdef0	audio	79	0	3	005bd6f0	other	
005bf610	FUN_005bf610	audio	79	3	7	005be0f0	other	
004220d0	FUN_004220d0	render	80	2	1	0040d110	other	
004780c0	FUN_004780c0	render	80	1	1	0047c230	other	
004781b0	FUN_004781b0	vehicle	80	5	4	00407800	other	
0047f1e0	FUN_0047f1e0	gameplay	80	1	1	0046cb30	other	
004cc790	FUN_004cc790	render	80	3	5	00478110	other	
004d8300	FUN_004d8300	render	80	1	2	004d80d0	other	
005ad980	FUN_005ad980	audio	80	1	1	005adc10	other	
005ada40	FUN_005ada40	audio	80	6	2	005ada40	other	
004570a0	FUN_004570a0	gameplay	81	1	1	00457100	other	
0045a130	FUN_0045a130	gameplay	81	2	1	0045b990	read_global_u32	
00475d30	FUN_00475d30	render	81	1	2	0040bde0	read_global_u32	
004950b0	FUN_004950b0	util	81	2	7	0040d270	other	
00455fe0	FUN_00455fe0	render	82	4	1	00456c70	other	
0045bed0	PowerupRoundCleanup	powerups	82	2	2	00403250	other	
00497310	FUN_00497310	input	82	0	1	00496530	other	
004cc580	FUN_004cc580	render	82	1	8	004096a0	other	
005aa060	FUN_005aa060	audio	82	1	4	004627f0	other	
00420230	FUN_00420230	track	83	1	1	0040d110	other	
00421100	FUN_00421100	render	83	1	1	00421160	other	
00441700	Camera::SetupFOV	util	83	1	4	00441760	other	
00482030	FUN_00482030	vehicle	83	0	1	00482140	other	
004826d0	PhysicsCollisionBodyCreate	vehicle	83	3	1	0047d3c0	other	
00498b60	FUN_00498b60	render	83	1	2	004951f0	read_global_u32	
004c57a0	FontCtxMatrix_AllocInit	hud	83	0	6	00459290	read_global_u32	
004d8000	FUN_004d8000	frontend	83	0	10	004c0b70	other	
00557250	FontSys_InitDataPools	hud	83	1	1	00552b60	read_global_u32	
0041e0d0	FUN_0041e0d0	boot	84	4	1	00402a40	other	
004547c0	FUN_004547c0	gameplay	84	4	2	00454820	other	
004952f0	ClosePizFile	util	84	5	10	00407800	const_return	
004d4250	FUN_004d4250	render	84	2	3	004e2420	arg_getter	
004dab70	FUN_004dab70	render	84	1	2	004daaf0	other	
0045d080	FUN_0045d080	gameplay	85	2	1	0045d250	other	
0048fe70	FUN_0048fe70	render	85	1	1	00490500	other	
00425e40	FUN_00425e40	render	86	2	1	00410b30	other	
0045a530	FUN_0045a530	gameplay	86	1	1	0045ae80	other	
0045b930	FUN_0045b930	boot	86	6	1	00402a40	other	
004852e0	FUN_004852e0	smplfzx	86	3	1	004853f0	other	
004cc230	FUN_004cc230	frontend	86	0	24	004096a0	read_global_u32	
004cdd00	FUN_004cdd00	render	86	1	10	00498810	other	
005a6710	FUN_005a6710	audio	86	1	4	0045d460	arg_getter	
00401630	FUN_00401630	track	87	3	1	004025f0	other	
00411350	Replay::TimeFormat	vehicle	87	1	4	00411530	arg_getter	
0041a180	FUN_0041a180	gameplay	87	6	1	004189a0	other	
004218d0	FUN_004218d0	render	87	7	1	00421a90	other	
0042c220	FUN_0042c220	util	87	2	2	004324a0	other	
0048ab70	FUN_0048ab70	particle	87	0	1	0040ce00	other	
0048aff0	FUN_0048aff0	particle	87	0	1	0048b230	read_global_f32	
004b5260	FUN_004b5260	render	87	2	4	0041a400	other	
004b6710	FUN_004b6710	render	87	1	1	004b6940	other	
004b7aa0	FUN_004b7aa0	input	87	2	1	004b7a70	other	
004cdca0	FUN_004cdca0	render	87	1	9	00498810	read_global_u32	
005a5f00	FUN_005a5f00	audio	87	2	1	004627f0	other	
0041f710	FUN_0041f710	gameplay	88	1	1	00420870	other	
004391b0	FUN_004391b0	frontend	88	2	1	00439210	other	
004972b0	FUN_004972b0	input	88	4	1	004967e0	other	
0049f0a0	FUN_0049f0a0	particle	88	1	1	004a0550	other	
004b4880	FUN_004b4880	boot	88	4	2	00402a40	other	
004d3d50	rwD3D8RasterClose	render	88	2	1	004d8550	read_global_u32	
004d83d0	RwFrameSyncDirtyChildren	render	88	2	2	004d8350	other	
004db550	FUN_004db550	render	88	1	2	004c8c70	read_global_u32	
00402240	FUN_00402240	render	89	9	1	004025f0	other	
00402590	FUN_00402590	render	89	9	1	004025f0	other	
0041fe10	FUN_0041fe10	gameplay	89	3	1	00420420	other	
0048fd70	FUN_0048fd70	render	89	1	2	0040bde0	read_global_u32	
00491530	FUN_00491530	render	89	0	1	00426b40	read_global_u32	
004c7760	FUN_004c7760	render	89	0	2	0042d4a0	other	
005bbed0	FUN_005bbed0	audio	89	0	2	005bbdb0	other	
00458020	FUN_00458020	gameplay	90	4	1	00458360	other	
004987b0	FUN_004987b0	input	90	2	25	00402b70	other	
004c5a00	FUN_004c5a00	render	90	1	2	00483ed0	read_global_u32	
004cb130	FUN_004cb130	render	90	0	2	00499d90	other	
004d42b0	FUN_004d42b0	render	90	2	1	004e2bf0	arg_getter	
00417750	FUN_00417750	gameplay	91	3	1	0040ddb0	other	
0041c320	FUN_0041c320	render	91	3	1	0041cb10	other	
004595c0	FUN_004595c0	gameplay	91	2	2	00455060	other	
00475a00	FUN_00475a00	render	91	2	1	0040bbb0	arg_getter	
004820e0	FUN_004820e0	vehicle	91	1	1	00482140	other	
004ba1b0	FUN_004ba1b0	input	91	4	25	004b7330	other	
00489c60	FUN_00489c60	particle	92	1	1	004074a0	other	
0041ad00	FUN_0041ad00	vehicle	93	5	1	00411ae0	other	
004762c0	FUN_004762c0	util	93	2	1	00476320	other	
0048a5d0	FUN_0048a5d0	particle	93	2	1	0040bd80	other	
00493c00	FUN_00493c00	util	93	1	1	004944c0	arg_getter	
00494ac0	FUN_00494ac0	util	93	1	1	00494c80	arg_getter	
004b4150	FUN_004b4150	render	93	3	1	004775b0	other	
004d38f0	rwD3D8CreateTextureWithFormat	render	93	0	1	004d3b00	other	
004d39b0	rwD3D8CreateCubeTexture	render	93	0	1	004d3b00	other	
005ae3a0	FUN_005ae3a0	audio	93	2	1	005bc920	other	
00422470	FUN_00422470	frontend	94	4	1	0041f770	other	
00426b40	FUN_00426b40	frontend	94	10	1	0040cfd0	arg_getter	
00427620	FontText_HudShutdown	hud	94	5	1	00402a40	read_global_u32	
0044c490	FUN_0044c490	render	94	1	1	0044c5f0	other	
00477810	FUN_00477810	render	94	1	2	0040bde0	read_global_u32	
0048fdd0	FUN_0048fdd0	particle	94	1	1	0040bd00	other	
00495e80	FUN_00495e80	input	94	1	1	00496010	read_global_u32	
0049f300	FUN_0049f300	particle	94	3	1	0049fac0	other	
0049fac0	FUN_0049fac0	particle	94	1	1	0049ead0	other	
005bf470	FUN_005bf470	audio	94	0	1	005bf4d0	arg_getter	
0040e500	FUN_0040e500	gameplay	95	2	1	0045d250	other	
00421630	FUN_00421630	render	95	4	2	00405ab0	other	
00448dc0	FUN_00448dc0	render	95	5	1	00448ef0	other	
0045daf0	FUN_0045daf0	audio	95	2	7	00463c80	other	
00483fa0	FUN_00483fa0	vehicle	95	5	1	00484060	other	
00419090	FUN_00419090	gameplay	96	4	1	0041a060	other	
00486270	FUN_00486270	particle	96	1	1	0040bd80	other	
005bbd50	FUN_005bbd50	audio	96	0	2	005ba1d0	other	
005bbf60	FUN_005bbf60	audio	96	1	1	005b9460	arg_getter	
00402750	sub_00402750	boot	97	2	1	00492370	other	
00419ff0	FUN_00419ff0	gameplay	97	6	1	0041a060	other	
004216b0	FUN_004216b0	render	97	2	1	00421720	other	
00454170	FUN_00454170	gameplay	97	4	4	00454350	other	
0049c990	FUN_0049c990	particle	97	0	1	0049de90	other	
005aab00	FUN_005aab00	audio	97	0	4	005a60b0	other	
005aab70	FUN_005aab70	audio	97	0	3	005a60e0	other	
005ad910	FUN_005ad910	audio	97	1	1	005adc10	other	
005af690	FUN_005af690	audio	97	2	1	005af510	other	
00431d00	FUN_00431d00	frontend	98	1	1	0043dfd0	other	
0045bf30	PowerupTeardownAll	powerups	98	2	3	00403250	other	
004b51d0	FUN_004b51d0	render	98	2	6	0041a1e0	other	
005a9be0	FUN_005a9be0	audio	98	3	2	005a9ab0	other	
005ad9d0	FUN_005ad9d0	audio	98	1	1	005adc10	other	
005c8910	FUN_005c8910	audio	98	2	1	005c90a0	arg_getter	
00407b00	FUN_00407b00	gameplay	99	1	1	00408610	other	
00421ba0	FUN_00421ba0	render	99	3	1	004220d0	other	
00449b30	FUN_00449b30	particle	99	6	1	00449ba0	other	
00477870	FUN_00477870	render	99	3	1	0040bd00	other	
00495280	OpenPizFile	util	99	5	9	00409710	other	
004b9650	FUN_004b9650	input	99	2	1	004b9730	other	
004d87a0	RwStringStreamWrite	render	99	2	1	004cf4a0	other	
0042a5d0	FUN_0042a5d0	render	100	3	20	004039c0	read_global_u32	
0042a640	FUN_0042a640	frontend	100	3	1	00479330	read_global_u32	
0042a7f0	FUN_0042a7f0	render	100	3	1	00479330	read_global_u32	
0042a860	FUN_0042a860	render	100	3	1	00479330	read_global_u32	
00466b50	FUN_00466b50	util	100	6	2	00429290	read_global_u32	
00484580	FUN_00484580	debug-overlay	100	3	1	00478cd0	read_global_u32	
0048b440	FUN_0048b440	particle	100	0	1	0048b960	other	
0048e7b0	FUN_0048e7b0	particle	100	1	1	0040bde0	read_global_u32	
005bcd10	FUN_005bcd10	audio	100	0	2	005bcd80	other	
0045dce0	FUN_0045dce0	audio	101	2	1	00406160	other	
004da480	FUN_004da480	render	101	2	2	004d9530	other	
005509b0	FUN_005509b0	audio	101	0	3	004b5390	arg_getter	
0041a840	FUN_0041a840	gameplay	102	0	1	0041a960	other	
0041adb0	FUN_0041adb0	render	102	1	1	0041b4d0	other	
0049c620	FUN_0049c620	particle	102	0	1	0049e5c0	other	
004c1c10	Camera::SetProjection	util	102	4	9	0040de30	other	
004c3040	sub_004c3040	render	102	1	2	00493710	read_global_u32	
004d4170	FUN_004d4170	render	102	2	6	00496d60	read_global_u32	
005b36f0	FUN_005b36f0	audio	102	1	2	005b3a00	other	
005bc890	FUN_005bc890	audio	102	0	4	005c0320	other	
0041dc30	FUN_0041dc30	frontend	103	1	1	0041dca0	other	
00476320	FUN_00476320	render	103	2	2	00405ab0	other	
0049ec10	FUN_0049ec10	util	103	2	2	00493c00	other	
00425a40	FUN_00425a40	util	104	6	1	0040fc00	other	
0046bf50	FUN_0046bf50	gameplay	104	1	7	00405ab0	other	
0048e820	FUN_0048e820	particle	104	1	1	0040bbb0	other	
0049cbd0	FUN_0049cbd0	particle	104	0	1	0049de90	other	
0042a6b0	FUN_0042a6b0	vehicle	105	3	8	0040bbb0	read_global_u32	
0044ecc0	FUN_0044ecc0	gameplay	105	3	1	0044f830	other	
0045cbe0	FUN_0045cbe0	gameplay	105	2	4	0045cc50	other	
0047d080	FUN_0047d080	physics	105	4	9	00406ce0	arg_getter	
00426d20	FUN_00426d20	frontend	106	3	1	004270f0	other	
0044bbc0	FUN_0044bbc0	render	106	2	1	0044bfa0	other	
0045d1e0	FUN_0045d1e0	util	106	5	1	0045d3a0	other	
00477490	FUN_00477490	render	106	3	1	004777d0	read_global_f32	
00550390	sub_00550390	render	106	1	2	00493710	other	
005ab090	FUN_005ab090	audio	106	1	1	005b1260	other	
0048bb70	FUN_0048bb70	particle	107	1	1	0040bd80	other	
004d5340	FUN_004d5340	render	107	0	1	004c6750	other	
005bcca0	FUN_005bcca0	audio	107	0	1	005be5f0	other	
0041ce00	FUN_0041ce00	render	108	1	1	0041d830	other	
0045c6b0	FUN_0045c6b0	audio	108	1	1	0045d330	other	
004943f0	FUN_004943f0	audio	108	1	1	0045dbe0	other	
005a73b0	FUN_005a73b0	audio	108	3	1	00466a50	read_global_u32	
005beae0	FUN_005beae0	audio	108	3	2	005be260	other	
004196f0	FUN_004196f0	gameplay	109	6	1	004189e0	other	
0046d780	FUN_0046d780	ai	109	1	1	004103a0	other	
004d2340	rwD3D8RasterCreate	render	109	0	1	004d3b00	read_global_u32	
005a5f60	FUN_005a5f60	audio	109	0	1	005a5f00	other	
005af600	FUN_005af600	audio	109	4	1	005af510	other	
00409290	FUN_00409290	util	110	2	1	00424eb0	other	
0040bde0	FUN_0040bde0	render	110	18	1	00410b30	read_global_u32	
00457ba0	FUN_00457ba0	gameplay	110	2	3	00458020	other	
00477760	FUN_00477760	render	110	1	3	00453730	other	
004942b0	FUN_004942b0	video	110	0	1	00494480	read_global_u32	
005ae400	FUN_005ae400	audio	110	3	3	005a9f60	other	
005be8c0	FUN_005be8c0	audio	110	3	1	005beaa0	other	
0041b7a0	FUN_0041b7a0	render	111	0	1	0041c090	other	
00426460	FUN_00426460	frontend	111	3	1	004264d0	other	
0047c0f0	FUN_0047c0f0	track	111	3	1	00426e10	other	
00487d70	FUN_00487d70	particle	111	2	1	00487de0	other	
004c4600	RwMatrixMultiply	render	111	0	10	004b42c0	other	
004d41e0	FUN_004d41e0	render	111	1	9	00496ce0	other	
005be080	FUN_005be080	audio	111	0	1	005bdf40	other	
00419480	FUN_00419480	gameplay	112	0	1	00419530	other	
0041f880	FUN_0041f880	gameplay	112	1	1	00420870	other	
004324a0	FUN_004324a0	frontend	112	3	1	0043dfd0	other	
0045e0f0	FUN_0045e0f0	audio	112	1	37	0045e460	other	
004670a0	FUN_004670a0	render	112	5	1	00467110	other	
00493f00	FUN_00493f00	util	112	2	3	004944c0	other	
00419760	FUN_00419760	vehicle	113	2	1	004189f0	other	
004e1df0	FUN_004e1df0	render	113	3	1	004cf5a0	other	
00554050	FontCanvas_Shutdown	hud	113	3	1	00552b90	other	
00485d90	FUN_00485d90	particle	114	3	1	0040bbb0	other	
00406950	FUN_00406950	gameplay	115	2	1	00406ce0	other	
004914b0	RainRender	render	115	1	1	004270f0	read_global_u32	
00497230	FUN_00497230	input	115	5	1	004982a0	other	
005b0a90	FUN_005b0a90	audio	115	1	4	005afcf0	other	
004daaf0	FUN_004daaf0	render	116	2	3	004c6580	other	
00441760	Camera::Apply	util	117	4	3	00441990	read_global_f32	
0048baf0	FUN_0048baf0	particle	117	1	1	0040bde0	read_global_u32	
00453eb0	FUN_00453eb0	gameplay	118	2	6	00406160	other	
00477500	FUN_00477500	render	118	3	1	00477810	other	
0047e9c0	PhysicsSceneInitSequence	vehicle	118	12	1	0047ea40	other	
004cd2d0	RwRenderIndexedSubmit	render	118	1	4	004228f0	other	
005b9320	FUN_005b9320	audio	118	1	2	005b9460	other	
00409710	FUN_00409710	render	119	7	1	00426e10	other	
00474de0	FUN_00474de0	render	119	1	6	00405ab0	other	
0040bd00	FUN_0040bd00	boot	120	14	1	00402a40	other	
00453210	FUN_00453210	gameplay	120	4	2	00453730	other	
00485460	FUN_00485460	smplfzx	120	4	2	00479330	other	
005af180	FUN_005af180	audio	120	1	4	005a8560	other	
005bde70	FUN_005bde70	audio	120	0	2	005bd6f0	other	
0042c010	FUN_0042c010	render	121	3	1	00433f40	other	
004785e0	FUN_004785e0	util	121	1	1	00478660	other	
004c5a60	FUN_004c5a60	render	121	2	9	0040cf40	other	
005ad570	FUN_005ad570	audio	121	2	7	005aeb30	other	
005b0360	FUN_005b0360	audio	121	3	1	005afcf0	arg_getter	
0041ecc0	FUN_0041ecc0	render	122	3	1	0040cea0	other	
004951f0	FUN_004951f0	render	122	5	1	00493710	read_global_u32	
004d8280	FUN_004d8280	render	122	2	2	004d80d0	other	
005540d0	FontCanvas_Init	hud	122	2	1	00552b60	read_global_u32	
0042d420	FUN_0042d420	render	123	5	2	0042d560	other	
00456140	FUN_00456140	gameplay	123	7	1	00405ab0	other	
0052a9c0	FUN_0052a9c0	util	123	1	2	00522ab0	other	
005bec10	FUN_005bec10	audio	124	3	2	005be450	other	
0040ce00	FUN_0040ce00	util	125	22	1	0040fc00	read_global_u32	
00425fa0	FUN_00425fa0	frontend	125	2	1	00459620	other	
00426700	FUN_00426700	render	125	1	1	00426ab0	other	
0046cb30	Player::GetOffset3D	util	126	1	8	0040ca00	other	
004862d0	FUN_004862d0	particle	126	4	1	0040bbb0	other	
005bcda0	FUN_005bcda0	audio	126	0	1	005bd6f0	other	
00411ce0	Ghost::SetupRender	vehicle	127	3	1	00410b30	other	
0047cea0	FUN_0047cea0	physics	127	5	1	00422ba0	arg_getter	
00489940	FUN_00489940	particle	127	3	1	00407800	other	
004d8350	FUN_004d8350	render	127	2	1	004c0ed0	other	
00552b90	FontSys_Shutdown	hud	127	7	1	00427620	other	
00428590	ViewportInit	boot	128	6	1	00492270	other	
00459400	FUN_00459400	gameplay	128	2	1	00412620	read_global_f32	
0048af70	FUN_0048af70	particle	128	5	1	0040bd00	other	
004015a0	FUN_004015a0	boot	129	1	1	00402a40	other	
005a6ea0	FUN_005a6ea0	audio	129	2	1	005a60b0	other	
005af860	FUN_005af860	audio	129	2	2	005afcf0	other	
0041c380	FUN_0041c380	render	130	1	1	0041cb80	other	
00478030	FUN_00478030	render	130	1	1	0047c1f0	other	
004c2fb0	FUN_004c2fb0	render	130	3	1	00493710	read_global_u32	
00486460	FUN_00486460	particle	131	1	4	004039f0	read_global_u32	
00426ab0	sub_00426ab0	render	132	12	1	0040fc00	other	
00462ec0	FUN_00462ec0	audio	132	4	1	00466a50	other	
004756e0	FUN_004756e0	render	132	3	1	00426700	arg_getter	
004b7be0	FUN_004b7be0	input	132	2	3	004b7330	other	
004d94a0	FUN_004d94a0	render	132	0	1	004d9050	other	
0052b750	FUN_0052b750	util	132	1	2	00522b00	other	
00426780	FUN_00426780	render	133	1	1	00426ab0	other	
00465c10	FUN_00465c10	audio	133	5	1	00422160	other	
00467110	FUN_00467110	render	133	7	1	004921d0	other	
00494f40	FUN_00494f40	render	133	2	1	00494fd0	other	
004c5930	sub_004c5930	boot	133	2	16	00402a40	read_global_u32	
004c9cd0	RESET_FN	render	133	1	1	004d07b0	read_global_u32	
004ce8e0	FUN_004ce8e0	render	133	0	1	00498810	read_global_u32	
0041e630	FUN_0041e630	hud	134	0	1	0041e850	other	
0048ad50	FUN_0048ad50	particle	134	1	1	0040bde0	read_global_u32	
0041a8d0	FUN_0041a8d0	gameplay	135	2	1	0040d110	other	
005a7ee0	FUN_005a7ee0	audio	135	3	1	005a7b60	other	
005bdff0	FUN_005bdff0	audio	135	0	1	005bdf40	arg_getter	
0041b690	FUN_0041b690	render	136	4	1	0041bec0	other	
00458c70	FUN_00458c70	gameplay	136	1	3	0040d270	other	
004cc9f0	RwFreeListDestroy	render	136	0	16	004c0830	other	
005bfd10	FUN_005bfd10	audio	136	3	1	005bf230	other	
004b7ff0	FUN_004b7ff0	input	137	2	2	004b7fd0	other	
004c1680	FUN_004c1680	render	137	1	1	0041f8f0	other	
004584e0	FUN_004584e0	gameplay	138	2	1	00458a40	other	
0045c110	FUN_0045c110	gameplay	138	1	3	00457c10	arg_getter	
0047d330	FUN_0047d330	gameplay	138	8	1	0047f380	other	
004ccc50	FUN_004ccc50	render	138	0	4	004c8690	other	
005a9f60	FUN_005a9f60	audio	138	4	2	005aa560	other	
0041cd20	FUN_0041cd20	render	139	4	1	0041d6e0	other	
005b2190	FUN_005b2190	audio	139	2	1	005b2080	arg_getter	
0045ba10	FUN_0045ba10	vehicle	140	1	4	0045bae0	other	
005af7d0	FUN_005af7d0	audio	140	1	1	005af510	other	
0047c160	sub_0047c160	camera	141	3	1	00426ab0	other	
0048a6f0	FUN_0048a6f0	particle	141	6	1	0048a780	other	
0044e240	FUN_0044e240	gameplay	142	2	1	0044e2d0	other	
00481780	FUN_00481780	vehicle	142	1	1	0046bf50	other	
004d4f00	FUN_004d4f00	render	142	0	1	00496e40	other	
00474890	FUN_00474890	gameplay	144	2	2	0042e5b0	other	
0048e5f0	FUN_0048e5f0	particle	144	1	1	0040ce00	other	
005bcbe0	FUN_005bcbe0	audio	144	3	1	005be260	other	
004111c0	FUN_004111c0	util	145	6	1	0042c960	other	
0041ae60	FUN_0041ae60	render	145	1	1	0041af50	other	
00494fd0	FUN_00494fd0	render	145	2	1	00495080	other	
005b4150	FUN_005b4150	audio	145	1	3	005b3e60	other	
00494bc0	FUN_00494bc0	boot	146	0	1	00402a40	read_global_u32	
004c1340	FUN_004c1340	render	146	1	35	004011f0	other	
004c1480	FUN_004c1480	render	146	1	39	004011f0	other	
00421c80	FUN_00421c80	render	147	6	1	00422140	other	
0045cfe0	FUN_0045cfe0	audio	147	2	1	0045d330	other	
00463150	FUN_00463150	audio	147	4	1	004656e0	other	
00476440	FUN_00476440	util	147	2	2	0040ce00	other	
005b8130	FUN_005b8130	audio	147	0	1	005b2080	other	
00402fb0	FUN_00402fb0	hud	148	2	2	00403050	other	
0040ad90	FUN_0040ad90	gameplay	148	2	1	0040b090	other	
004cafd0	FUN_004cafd0	render	148	0	1	004d07b0	other	
00466100	FUN_00466100	audio	149	2	1	00486830	read_global_u32	
00476390	FUN_00476390	render	149	4	1	0040bbb0	other	
004cfe40	FUN_004cfe40	render	149	1	1	004c8c70	read_global_u32	
0041f120	Player::ComputeVehicleToCameraVec	util	150	1	2	00420290	arg_getter	
005aa330	FUN_005aa330	audio	151	2	1	005a9be0	other	
005aaa00	FUN_005aaa00	audio	151	2	7	00462ec0	other	
004c5890	RwTexDictionaryCreate	render	152	1	2	004cf7d0	read_global_u32	
0046d400	FUN_0046d400	render	153	1	3	00412f30	other	
00477e60	FUN_00477e60	render	154	1	2	00422570	other	
004c77c0	FUN_004c77c0	render	154	1	11	004034a0	read_global_u32	
004219f0	FUN_004219f0	util	155	3	1	00422ba0	other	
0041a400	FUN_0041a400	gameplay	156	4	1	0041a8d0	other	
00425c00	FUN_00425c00	frontend	156	5	1	004262f0	other	
00478110	FUN_00478110	render	156	5	2	00479330	other	
00482930	Replay::New	vehicle	156	3	2	00411d90	read_global_u32	
005a79a0	FUN_005a79a0	audio	156	4	3	0045e040	other	
00407cd0	FUN_00407cd0	gameplay	157	1	1	00407e20	other	
0041ffb0	FUN_0041ffb0	boot	157	4	1	00402a40	other	
0040cea0	FUN_0040cea0	track	158	8	1	0040d110	other	
0041f4f0	FUN_0041f4f0	gameplay	158	4	1	00420870	other	
004224d0	FUN_004224d0	frontend	158	1	1	00420420	other	
00485e50	FUN_00485e50	particle	158	1	1	0040ca00	other	
00550430	FUN_00550430	util	158	1	3	004624c0	read_global_u32	
004767c0	FUN_004767c0	render	159	1	1	004768a0	const_return	
004b47e0	FUN_004b47e0	render	159	2	6	00406ce0	other	
004d40d0	FUN_004d40d0	render	159	2	2	004cd070	other	
005b8090	FUN_005b8090	audio	159	0	2	005b2b00	other	
0041ac60	FUN_0041ac60	render	160	3	1	0041ad00	other	
0042a530	FUN_0042a530	render	160	2	7	00426e10	other	
005bc050	FUN_005bc050	audio	160	0	1	005bba60	other	
005bc0f0	FUN_005bc0f0	audio	160	0	1	005bbac0	other	
0049ecc0	FUN_0049ecc0	particle	161	2	1	0049c5d0	other	
004b7330	FUN_004b7330	input	161	3	1	0047b860	other	
005a9e60	FUN_005a9e60	audio	161	2	1	005aa7a0	other	
005b09c0	FUN_005b09c0	audio	161	1	1	005af8f0	other	
00476710	FUN_00476710	render	162	1	1	00476880	const_return	
005551d0	FUN_005551d0	hud	162	1	2	00554390	read_global_u32	
005ae250	FUN_005ae250	audio	162	3	3	005a9e60	other	
005bdf40	FUN_005bdf40	audio	162	2	2	005bd6f0	other	
004b7480	FUN_004b7480	input	163	3	2	0047b880	other	
005aa3d0	FUN_005aa3d0	audio	163	2	1	005a9c50	other	
005ad5f0	FUN_005ad5f0	audio	163	3	7	005aeb80	other	
00421800	FUN_00421800	render	164	4	1	00421d20	other	
0048a780	FUN_0048a780	particle	164	2	1	0040ce00	other	
00412050	FUN_00412050	render	165	3	1	00426e10	other	
00421750	FUN_00421750	render	165	3	1	00421d20	other	
00554150	FUN_00554150	hud	166	3	2	00554150	other	
004074a0	FUN_004074a0	gameplay	167	3	3	0040d270	read_global_u32	
00443d10	FUN_00443d10	ai	167	1	1	00415d00	other	
0047b8d0	FUN_0047b8d0	input	168	9	1	0047b9b0	const_return	
00494320	FUN_00494320	video	168	0	1	00494460	read_global_u32	
0041c9a0	FUN_0041c9a0	hud	169	0	1	0041ccc0	other	
0045cc80	FUN_0045cc80	audio	169	2	1	0045d330	other	
00403910	FUN_00403910	render	170	2	1	00410b30	read_global_u32	
0048ff20	FUN_0048ff20	particle	170	8	1	0040bbb0	other	
00417cf0	FUN_00417cf0	ai	171	2	1	00417da0	other	
00427be0	FUN_00427be0	render	171	6	1	00433f40	other	
005a9c50	FUN_005a9c50	audio	171	2	1	005a9ab0	other	
005bc750	FUN_005bc750	audio	171	0	1	005ba7f0	other	
005be540	FUN_005be540	audio	171	0	1	005bd6f0	arg_getter	
00493640	FUN_00493640	render	172	18	1	00493710	other	
00491e50	FUN_00491e50	render	173	1	1	00491f00	other	
004926c0	AudioTickAndAvg	boot	173	5	1	00492290	other	
00406410	FUN_00406410	gameplay	174	5	1	00406ae0	other	
0042a740	FUN_0042a740	render	174	6	1	00479330	read_global_u32	
0049f420	FUN_0049f420	particle	174	0	2	0049f4d0	other	
00425ca0	FUN_00425ca0	frontend	175	2	1	00425d50	other	
00420290	FUN_00420290	gameplay	176	3	2	00420340	other	
0045e040	FUN_0045e040	audio	176	5	2	00426b40	read_global_u32	
0047cf20	FUN_0047cf20	gameplay	176	4	3	004064c0	arg_getter	
004daa40	FUN_004daa40	render	176	1	3	004c6580	other	
005a6cb0	FUN_005a6cb0	audio	176	3	2	005a71f0	other	
005a86a0	FUN_005a86a0	audio	176	2	1	004656e0	other	
00415220	FUN_00415220	ai	177	1	3	00416250	other	
0047d180	FUN_0047d180	gameplay	177	9	7	004073b0	other	
005aa7e0	FUN_005aa7e0	audio	177	1	2	005a9f60	other	
005b3020	FUN_005b3020	audio	177	1	1	005b30e0	other	
004b4430	Camera::BuildFrame	util	178	2	3	00406ce0	other	
00441c80	FUN_00441c80	util	179	2	2	00441d40	other	
00459480	FUN_00459480	gameplay	179	5	1	0045a190	other	
004c4530	FUN_004c4530	render	179	3	1	004c2a30	other	
004ce5d0	FUN_004ce5d0	render	179	2	1	004ce480	other	
004b6640	FUN_004b6640	boot	180	3	1	004b6540	read_global_u32	
004013f0	FUN_004013f0	hud	181	7	1	00429bd0	read_global_u32	
004278d0	FUN_004278d0	render	181	7	1	00433f40	other	
004014b0	FUN_004014b0	boot	182	7	1	00402a40	read_global_u32	
0041ec00	FUN_0041ec00	gameplay	182	6	2	0040cf80	other	
00418e70	FUN_00418e70	gameplay	183	6	1	0041a180	other	
004728f0	FUN_004728f0	gameplay	184	2	1	0044c4f0	other	
00475d90	FUN_00475d90	render	184	1	1	0040bd00	read_global_u32	
004b9730	FUN_004b9730	input	185	5	1	004c0510	other	
005a7460	FUN_005a7460	audio	185	3	3	005a6f30	other	
005ab560	FUN_005ab560	audio	185	2	3	005ab190	other	
005b6760	FUN_005b6760	audio	185	1	1	005b6710	other	
0040da50	FUN_0040da50	util	186	7	1	0040fc00	other	
00474e70	FUN_00474e70	render	186	1	2	00412620	other	
00475770	FUN_00475770	render	186	1	1	00405540	other	
004ce2d0	FUN_004ce2d0	render	186	2	6	004283a0	read_global_u32	
0042c090	FUN_0042c090	render	187	1	1	00433f40	other	
005a5d90	FUN_005a5d90	audio	187	3	1	005a5d60	other	
004cdd60	FUN_004cdd60	render	188	2	11	00498810	other	
0040ae30	FUN_0040ae30	gameplay	189	4	1	0040b090	other	
00465e80	FUN_00465e80	audio	189	5	3	00406070	other	
0042d4a0	FUN_0042d4a0	render	190	5	1	0042d560	other	
00471df0	FUN_00471df0	boot	190	1	2	0040cfd0	other	
0052aa40	FUN_0052aa40	util	190	0	1	00522b50	other	
005b9460	FUN_005b9460	audio	190	5	1	005b8be0	other	
00451990	FUN_00451990	gameplay	191	2	2	00451ad0	other	
0045cb20	FUN_0045cb20	gameplay	191	5	2	0045cc80	other	
00465f40	FUN_00465f40	audio	191	3	1	0045a590	other	
00476650	FUN_00476650	render	191	1	1	00476860	const_return	
0049cfb0	FUN_0049cfb0	util	191	0	1	0049ec10	other	
00406070	FUN_00406070	gameplay	192	3	1	00406410	other	
00419100	FUN_00419100	gameplay	192	0	1	0041a180	other	
005aa900	FUN_005aa900	audio	192	1	1	005aa560	other	
005bf710	FUN_005bf710	audio	192	4	1	005be260	other	
00434720	FUN_00434720	frontend	193	1	1	0043bf30	other	
00458d00	FUN_00458d00	gameplay	193	2	2	00458e00	other	
00483ed0	FUN_00483ed0	vehicle	193	11	1	00484000	other	
0048a060	FUN_0048a060	particle	194	1	1	0048a130	other	
005aac20	FUN_005aac20	audio	194	2	1	005aacf0	other	
00556d70	FUN_00556d70	hud	195	3	1	00427ca0	read_global_u32	
0043bf30	FUN_0043bf30	frontend	196	14	1	0043c5b0	read_global_u32	
004cd070	RwRenderPrimitiveSubmit	render	196	3	12	004228f0	other	
0040e590	FUN_0040e590	util	197	7	1	004102f0	read_global_u32	
004b48e0	FUN_004b48e0	render	197	9	1	0041eaa0	other	
004d7ca0	FUN_004d7ca0	render	197	2	2	004c3270	read_global_u32	
004072e0	FUN_004072e0	render	198	2	1	00410b30	other	
00492370	sub_00492370	boot	198	15	1	004a4bb7	other	
004cd430	FUN_004cd430	render	198	6	4	004729b0	other	
005bcab0	FUN_005bcab0	audio	198	1	1	005bc920	other	
0047a020	FUN_0047a020	vehicle	199	3	1	00426e10	other	
004cce20	FUN_004cce20	render	199	1	1	004c32b0	other	
005b03e0	FUN_005b03e0	audio	199	1	1	005b0360	other	
0042c960	CameraTransitionStateMachine	render	200	3	1	0043c000	read_global_u32	
0040d040	Course::ValidateCarsFinished	util	201	4	1	0040d270	other	
00496c10	FUN_00496c10	render	202	2	1	0047b9e0	other	
005acda0	FUN_005acda0	audio	202	3	1	005a6f30	other	
005b1500	FUN_005b1500	audio	203	3	2	005b1260	other	
0043df00	FUN_0043df00	frontend	204	4	1	004030d0	other	
0047ea60	FUN_0047ea60	vehicle	204	6	1	004704c0	abs_table_get_idx4	
0049ef60	FUN_0049ef60	particle	204	3	1	0049dcb0	other	
00555f20	FontCtx_BuildExtTable	hud	204	0	3	00555af0	arg_getter	
004491e0	SkyDomeUpdatePos	render	205	4	1	004492b0	other	
00553f40	FontGlyph_UploadData	hud	205	5	4	00553f40	other	
004656e0	FUN_004656e0	audio	206	5	1	0045d1e0	other	
0047f380	FUN_0047f380	gameplay	206	10	1	0047f450	read_global_u32	
00403c60	FUN_00403c60	hud	207	1	1	00404320	other	
00448e20	FUN_00448e20	render	207	3	1	00448ef0	other	
00458a40	FUN_00458a40	gameplay	207	3	1	00459000	other	
005a8890	FUN_005a8890	audio	207	2	1	00462dd0	read_global_u32	
005af070	FUN_005af070	audio	207	2	1	005aefc0	other	
0040c5b0	FUN_0040c5b0	gameplay	209	1	1	0040ce00	other	
0046c5f0	FUN_0046c5f0	vehicle	210	1	3	0046da80	other	
00472740	FUN_00472740	gameplay	210	1	1	0048b230	other	
004d3db0	FUN_004d3db0	render	210	4	1	004d8530	read_global_u32	
0045c030	FUN_0045c030	gameplay	211	3	1	00487280	other	
004768c0	FUN_004768c0	render	211	4	17	00413bb0	other	
005a9d00	FUN_005a9d00	audio	211	6	3	005a62b0	other	
00414220	FUN_00414220	util	213	2	1	00417750	other	
00477f50	FUN_00477f50	render	213	1	3	00422570	other	
004095a0	FUN_004095a0	gameplay	214	3	2	004096a0	other	
00414490	FUN_00414490	ai	214	3	1	00414c30	other	
004587a0	FUN_004587a0	vehicle	214	10	1	0045bae0	other	
00546b10	FUN_00546b10	vehicle	214	1	3	004829d0	other	
0045d250	FUN_0045d250	audio	215	7	1	0045d330	other	
00555830	FUN_00555830	hud	215	4	4	00427620	other	
00411f30	FUN_00411f30	vehicle	216	10	1	0045bae0	other	
0049de90	FUN_0049de90	particle	216	4	2	0049ebc0	other	
00555280	FontSys_ShutdownContextPool	hud	216	3	1	00552b90	other	
00420340	FUN_00420340	gameplay	217	5	1	00420870	other	
004892c0	FUN_004892c0	particle	218	3	2	00485d90	other	
00458b10	FUN_00458b10	gameplay	219	2	1	0045b990	read_global_u32	
0049f4d0	FUN_0049f4d0	particle	219	3	1	0049f5b0	other	
005554d0	FUN_005554d0	hud	219	1	4	00427680	other	
004dcaa0	FUN_004dcaa0	render	220	0	3	004dc9e0	read_global_u32	
0040b540	FUN_0040b540	util	221	1	2	0041cc50	other	
00405460	FUN_00405460	util	223	3	1	004102f0	read_global_u32	
00407be0	FUN_00407be0	gameplay	225	1	1	00407e20	other	
004c4dc0	FUN_004c4dc0	util	225	1	18	00406ce0	other	
004298e0	TimeDisplay::InitForLap	hud	226	2	1	0040e560	other	
00465940	FUN_00465940	audio	228	5	2	004064c0	other	
00465a30	FUN_00465a30	audio	228	5	1	004661f0	other	
0046d570	FUN_0046d570	ai	228	2	3	0040ca00	other	
00486370	FUN_00486370	particle	228	2	1	004864f0	other	
0047ba20	FUN_0047ba20	gameplay	230	1	1	0047bb10	other	
005b6820	FUN_005b6820	audio	230	1	1	005b66c0	other	
00477920	FUN_00477920	util	231	2	1	0040fc00	other	
004c5cb0	FUN_004c5cb0	render	231	2	8	0040bbb0	read_global_u32	
004cc400	FUN_004cc400	render	231	4	4	004cc5e0	other	
0041a9d0	FUN_0041a9d0	render	232	2	1	0041ad00	other	
00427f00	FUN_00427f00	hud	233	7	3	004335f0	other	
00465b20	FUN_00465b20	audio	233	5	1	004661f0	other	
0047f290	FUN_0047f290	gameplay	233	9	1	004074a0	read_global_u32	
005a6b70	FUN_005a6b70	audio	233	3	1	005a71f0	other	
005ab620	FUN_005ab620	audio	233	3	1	005ab180	arg_getter	
004c5680	FUN_004c5680	render	234	1	1	004c5470	other	
0047be80	FUN_0047be80	track	235	2	1	0047bf70	other	
0040b090	sub_0040b090	render	236	9	1	00426ab0	other	
00425d50	FUN_00425d50	util	236	3	1	0040fc00	arg_getter	
0047d240	VehiclePhysicsBodyPlace	vehicle	236	9	1	0047d3c0	other	
005af510	FUN_005af510	audio	236	7	1	005af010	other	
004073b0	FUN_004073b0	util	237	4	2	00407800	other	
004273e0	FUN_004273e0	frontend	237	2	1	0042c090	other	
00484cf0	FUN_00484cf0	world-objects	237	2	11	0041f710	read_global_u32	
0048a4e0	FUN_0048a4e0	particle	238	6	2	004818d0	other	
0044e0a0	FUN_0044e0a0	util	239	6	1	00422ba0	other	
00493390	FUN_00493390	util	239	1	1	00493480	other	
004ce390	FUN_004ce390	render	240	1	1	004ce970	read_global_u32	
004d8eb0	RwResourcesDrainArena	render	240	1	1	004d8b70	read_global_u32	
005ac650	FUN_005ac650	audio	240	1	4	005acda0	other	
0044d5e0	DepthChargePathSafetyCheck	powerups	241	2	2	00457650	other	
004b67e0	FUN_004b67e0	render	241	2	2	004b6940	other	
00412e30	FUN_00412e30	render	244	2	1	00412f30	other	
004cc5e0	FUN_004cc5e0	render	244	4	29	00409710	other	
00466a50	FUN_00466a50	audio	245	9	1	00467010	read_global_u32	
0041b340	FUN_0041b340	hud	246	0	1	0041b630	other	
00427e00	FUN_00427e00	frontend	246	9	23	00402fb0	other	
0045d0e0	FUN_0045d0e0	gameplay	247	4	1	0045d1e0	other	
00427680	FontText_ComputeScreenXY	hud	248	3	4	00427e00	other	
00492e90	FUN_00492e90	boot	248	4	1	00492290	other	
0049dd60	FUN_0049dd60	video	248	2	1	0049ec10	other	
00442ce0	VehicleRubberBandSpeedModifier	vehicle	249	2	1	0046ddb0	other	
0044c4f0	FUN_0044c4f0	render	250	4	1	0044c8b0	other	
00466000	FUN_00466000	audio	250	4	1	00486830	read_global_u32	
0048eac0	FUN_0048eac0	particle	250	2	1	0040bbb0	other	
005ad320	FUN_005ad320	audio	251	1	2	005a9de0	other	
00465ca0	FUN_00465ca0	audio	252	5	4	00405ab0	read_global_u32	
004db2e0	FUN_004db2e0	render	252	6	1	004df120	other	
0047f840	FUN_0047f840	physics	254	13	1	00480340	other	
00484f70	FUN_00484f70	world-objects	254	0	1	00485070	other	
004ccce0	FUN_004ccce0	render	254	0	1	004d7ca0	other	
005abd30	FUN_005abd30	audio	255	7	2	005abfa0	other	
00453100	FUN_00453100	gameplay	258	6	1	004538b0	other	
00558b40	FUN_00558b40	gameplay	258	1	3	004197e0	other	
0041c410	FUN_0041c410	render	260	1	1	0041cc50	other	
004b5080	FUN_004b5080	render	260	3	8	00418bd0	other	
00405f60	FUN_00405f60	gameplay	261	3	1	00406ae0	other	
00448cb0	FUN_00448cb0	render	261	3	1	00448ef0	other	
005bd500	FUN_005bd500	audio	261	1	2	005bd500	other	
00421a90	FUN_00421a90	render	262	6	1	00421ba0	other	
004069d0	FUN_004069d0	gameplay	264	3	1	00406ce0	other	
005b2080	FUN_005b2080	audio	266	3	1	005b7980	other	
004829d0	Replay::WriteFrame	vehicle	267	1	2	00411600	other	
005af8f0	FUN_005af8f0	audio	268	6	1	005af510	other	
004ceba0	FUN_004ceba0	render	271	2	1	004cdf20	other	
004d4910	FUN_004d4910	render	271	2	2	004d4380	other	
0041f770	FUN_0041f770	gameplay	272	4	1	00420870	other	
00490380	FUN_00490380	util	272	3	2	0040ce00	other	
00414f00	FUN_00414f00	ai	274	8	2	00416250	other	
00458e00	FUN_00458e00	gameplay	274	4	2	00405730	other	
00475c10	FUN_00475c10	util	274	5	2	0040ce00	read_global_u32	
0048f9f0	FUN_0048f9f0	particle	275	7	1	0040ce00	other	
00498c00	VideoModeTableInit	render	276	9	1	00499400	other	
005b29e0	FUN_005b29e0	audio	277	0	2	005b3300	other	
00403db0	FUN_00403db0	render	278	1	1	00404320	other	
0045a590	FUN_0045a590	gameplay	278	5	1	0045ae80	other	
00499ba0	sub_00499ba0	boot	278	3	1	00492370	other	
0044bc30	FUN_0044bc30	render	279	2	1	0044bfa0	other	
00426340	FUN_00426340	track	280	10	1	0040d270	other	
00459290	FUN_00459290	vehicle	280	9	1	0045bae0	other	
0041f3d0	FUN_0041f3d0	gameplay	281	4	1	00420870	other	
004864f0	FUN_004864f0	particle	282	3	2	00457100	other	
004b8340	FUN_004b8340	input	282	5	1	004b7250	other	
00487020	FUN_00487020	render	284	5	3	004064c0	other	
004927c0	FUN_004927c0	vehicle	284	0	1	004929d0	other	
004967e0	FUN_004967e0	input	284	7	2	00429290	other	
0041a060	FUN_0041a060	gameplay	285	13	1	00418980	other	
004729b0	FUN_004729b0	render	286	4	1	00472ad0	other	
0048f780	FUN_0048f780	particle	287	1	2	004064c0	other	
005ad420	FUN_005ad420	audio	287	3	7	005aeb30	other	
005bbdb0	FUN_005bbdb0	audio	287	1	3	005ba1d0	other	
0040d470	FUN_0040d470	util	288	5	2	0040fc00	read_global_u32	
00422160	FUN_00422160	render	289	6	1	00422290	other	
004430e0	FUN_004430e0	render	289	1	1	00443210	other	
00477a10	FUN_00477a10	render	290	5	1	00410b30	other	
005aa200	FUN_005aa200	audio	290	2	1	005a62b0	other	
005bf8f0	FUN_005bf8f0	audio	290	1	2	005c0360	other	
004d4dd0	FUN_004d4dd0	render	291	4	6	00496d60	other	
005b3a00	FUN_005b3a00	audio	291	4	2	005b3b30	other	
00402a40	sub_00402a40	boot	293	43	1	00492370	other	
005bac00	FUN_005bac00	audio	294	1	2	005ba1d0	other	
004880a0	FUN_004880a0	sky	295	4	1	004881d0	other	
005b6910	FUN_005b6910	audio	296	1	1	005b6710	other	
0042f8d0	MenuMenusBC	frontend	297	1	2	0043a610	other	
005a9ab0	FUN_005a9ab0	audio	297	3	1	005a62b0	other	
00418aa0	FUN_00418aa0	render	299	5	1	004197e0	other	
0042f530	sub_0042f530	render	299	4	1	0042f660	other	
00430120	FUN_00430120	frontend	300	1	1	0043bf30	other	
004b59c0	FUN_004b59c0	render	300	3	2	004072e0	other	
0042bcb0	FUN_0042bcb0	frontend	303	3	3	004335f0	other	
0045c350	Bezier::Interpolate	util	303	5	6	00405920	arg_getter	
004858c0	FUN_004858c0	smplfzx	305	1	1	004850e0	other	
00427990	FUN_00427990	render	306	7	1	00433f40	other	
005bbc10	FUN_005bbc10	audio	306	1	1	005ba1d0	other	
005ad770	FUN_005ad770	audio	307	7	4	005ad910	other	
0045e160	FUN_0045e160	render	308	1	1	00462950	other	
00401da0	FUN_00401da0	frontend	309	6	1	00401ee0	other	
0047bf70	FUN_0047bf70	track	309	5	1	0047c0f0	other	
00413a40	FUN_00413a40	render	310	0	1	00410b30	read_global_u32	
004d5190	FUN_004d5190	render	310	2	1	004d4f90	other	
004ccf20	FUN_004ccf20	render	312	0	2	004c3270	read_global_u32	
00412cf0	FUN_00412cf0	hud	313	3	1	00412f30	other	
0040d110	FUN_0040d110	track	320	11	1	0040d270	other	
00496ec0	FUN_00496ec0	render	320	2	1	00497060	other	
005adc10	FUN_005adc10	audio	321	9	1	005add60	other	
00491340	FUN_00491340	render	323	3	1	00491490	other	
004c51a0	RwMatrixTranslate	render	323	2	43	004019d0	other	
004011f0	FUN_004011f0	hud	325	9	1	004013f0	other	
004cf160	FUN_004cf160	render	325	1	1	004c2fb0	other	
00421160	FUN_00421160	render	327	4	1	004212b0	other	
0044c5f0	FUN_0044c5f0	render	328	5	1	0044c920	other	
004ce790	FUN_004ce790	render	328	0	1	00493600	other	
005abe30	FUN_005abe30	audio	328	6	1	005bbac0	other	
0041fcc0	TireMarkRender	render	329	9	1	00420050	other	
00472b10	FUN_00472b10	render	331	0	1	0042c010	other	
0049fcc0	FUN_0049fcc0	particle	331	1	1	0049e6c0	other	
0048f8a0	FUN_0048f8a0	particle	332	8	1	0040ce00	other	
004ce480	FUN_004ce480	render	333	2	2	004ce390	other	
00427ff0	FontText_DrawTextRotated	hud	334	11	1	0042ed70	other	
0040d8f0	FUN_0040d8f0	gameplay	337	9	1	0040da50	read_global_u32	
0048cf90	FUN_0048cf90	particle	337	2	1	0040c690	other	
004818d0	FUN_004818d0	vehicle	339	6	1	00481a30	other	
00428140	FUN_00428140	frontend	340	9	1	0043c5b0	other	
00499400	VideoSettingsDispatcher	save	341	5	1	004951f0	other	
004041c0	FUN_004041c0	render	343	2	1	00404320	other	
004cb330	FUN_004cb330	render	344	0	1	00499d90	other	
004764f0	FUN_004764f0	util	347	3	3	00476650	other	
00498a00	FUN_00498a00	render	349	2	3	00498d60	other	
004d9ba0	FUN_004d9ba0	render	349	1	2	004d9530	arg_getter	
0046da80	VehicleTrackInteraction	vehicle	350	5	1	00470c70	other	
00552e40	FontCtx_FlushMatrix	hud	350	5	2	00554940	read_global_u32	
004264d0	FUN_004264d0	track	351	12	1	0040d270	other	
004627f0	FUN_004627f0	audio	351	13	1	004669b0	other	
0046dc20	VehicleOOBDebugDraw	vehicle	351	1	1	00470c70	other	
00485c20	FUN_00485c20	smplfzx	353	1	2	00485e50	other	
00555360	FUN_00555360	hud	353	2	1	00552b60	read_global_u32	
005b3300	FUN_005b3300	audio	354	4	1	005b7e20	other	
0047fad0	FUN_0047fad0	gameplay	356	16	4	00407800	other	
004b42c0	FUN_004b42c0	render	356	6	7	004011f0	other	
00441820	CameraPath::SamplePoint	util	357	6	1	00446520	other	
0048ae00	FUN_0048ae00	particle	357	15	1	0040bbb0	other	
0048f420	FUN_0048f420	render	364	1	1	00490500	other	
0047fe00	FUN_0047fe00	physics	368	14	1	00480340	other	
0047bb10	FUN_0047bb10	gameplay	370	3	1	0047c160	other	
004775b0	FUN_004775b0	render	372	8	1	0040bbb0	other	
005ace70	FUN_005ace70	audio	374	3	3	005acda0	other	
004ce970	FUN_004ce970	render	375	4	1	004c6750	arg_getter	
004d6ce0	FUN_004d6ce0	render	375	0	3	004d07b0	other	
004046a0	FUN_004046a0	util	377	3	1	0040ddb0	other	
00453730	FUN_00453730	gameplay	377	9	1	004538b0	other	
004c52f0	RwMatrixCombine	render	378	2	11	00406ce0	other	
004cf2b0	FUN_004cf2b0	render	378	6	1	00478110	other	
00472dc0	FUN_00472dc0	frontend	379	2	2	00439210	other	
0041f590	FUN_0041f590	gameplay	384	2	1	00420870	other	
004288a0	FUN_004288a0	frontend	386	3	1	00428a30	other	
0047f940	FUN_0047f940	physics	386	14	1	00480340	other	
0047ff70	FUN_0047ff70	physics	386	14	1	00480340	other	
0048b960	FUN_0048b960	particle	387	8	1	0040ce00	other	
005bc920	FUN_005bc920	audio	387	4	2	005be260	other	
0048f290	FUN_0048f290	render	389	2	1	00490500	other	
00442440	FUN_00442440	util	391	4	1	004464c0	other	
00473220	FUN_00473220	render	394	2	2	00428d30	other	
004733b0	FUN_004733b0	render	394	2	1	00473ee0	other	
00484de0	FUN_00484de0	world-objects	394	0	1	00485070	other	
004cefd0	FUN_004cefd0	render	395	2	1	004c6ba0	arg_getter	
00554200	FUN_00554200	hud	397	7	2	00554200	read_global_u32	
00405920	FUN_00405920	gameplay	398	7	2	00405f60	other	
00414300	FUN_00414300	ai	398	2	2	00414a70	other	
004809e0	VehicleRespawnTeleport	vehicle	398	9	1	00470c70	other	
004228f0	FUN_004228f0	render	399	4	1	00420050	const_return	
0041aac0	FUN_0041aac0	render	403	2	1	0041ad00	other	
005baa60	FUN_005baa60	audio	404	1	2	005ba7f0	other	
00441990	FUN_00441990	util	407	4	1	00448220	other	
0048b7c0	FUN_0048b7c0	particle	407	8	1	0048b960	other	
0040aef0	FUN_0040aef0	gameplay	409	3	1	0040b090	other	
0042c7c0	FUN_0042c7c0	util	409	1	1	00429660	other	
00411d90	Replay::CreateOrLoad	vehicle	410	12	1	0040d270	other	
004034a0	FUN_004034a0	render	412	7	1	00403640	other	
004955d0	FUN_004955d0	boot	419	4	1	00495780	other	
004b55a0	FUN_004b55a0	render	421	1	3	00443440	other	
004704c0	FUN_004704c0	vehicle	427	7	1	00424eb0	other	
00484ac0	FUN_00484ac0	world-objects	427	3	1	00484cf0	read_global_u32	
005a71f0	FUN_005a71f0	audio	428	6	1	0045d460	other	
00493710	FUN_00493710	render	430	27	1	00492270	other	
004b53b0	FUN_004b53b0	render	431	2	2	00479030	other	
004cc820	FUN_004cc820	render	433	0	3	004cc7f0	read_global_u32	
0047bcc0	FUN_0047bcc0	track	434	1	1	0047bf70	other	
0047fc40	FUN_0047fc40	physics	435	15	1	00480340	other	
005b2820	FUN_005b2820	audio	439	0	1	005b3300	other	
00419530	FUN_00419530	gameplay	440	11	1	004189c0	other	
0045e2a0	FUN_0045e2a0	render	440	1	1	00462950	other	
0040d270	Course::Finish	track	441	23	1	0040d440	other	
004633d0	FUN_004633d0	audio	442	4	1	004039f0	other	
004da270	FUN_004da270	render	442	2	2	004d9530	other	
00483d10	Replay::Load	vehicle	445	5	1	00411d90	other	
00414a70	FUN_00414a70	ai	447	9	3	00416250	other	
004c30b0	FUN_004c30b0	render	447	4	1	00493710	read_global_u32	
00493900	sub_00493900	boot	448	4	1	00492370	other	
004b6940	FUN_004b6940	render	448	8	1	004b6570	other	
004368e0	FUN_004368e0	frontend	450	5	2	00439210	other	
00478220	FUN_00478220	render	450	4	1	004270f0	other	
0048fb10	FUN_0048fb10	particle	456	9	1	0040ce00	other	
004dcdc0	FUN_004dcdc0	render	456	1	2	004c8c70	other	
0048a850	FUN_0048a850	particle	457	3	2	0048aa20	other	
0041faf0	VehicleShadowRender	render	458	9	1	00420050	other	
00420870	FUN_00420870	gameplay	458	13	1	0040da50	other	
005bc470	FUN_005bc470	audio	458	3	1	005bb000	other	
0049ffe0	FUN_0049ffe0	particle	461	0	1	004a0380	other	
004d4a20	FUN_004d4a20	render	462	2	2	004d4380	other	
004c6580	FUN_004c6580	render	464	9	1	004c6ba0	const_return	
004cecb0	FUN_004cecb0	render	468	2	2	004c6750	arg_getter	
00420050	PerPlayerViewportRender	render	474	13	1	00410b30	other	
004d4bf0	FUN_004d4bf0	render	474	1	2	004d4380	other	
004d9d00	FUN_004d9d00	render	476	2	3	004d9530	arg_getter	
004715a0	FUN_004715a0	ai	477	1	1	00426e10	other	
004cb8a0	FUN_004cb8a0	render	480	0	4	004db3e0	other	
00401000	FUN_00401000	hud	482	18	1	0040bbb0	other	
004783f0	FUN_004783f0	ai	491	5	1	00478660	other	
00491590	FUN_00491590	render	491	3	1	00491780	other	
0052daf0	image_library_format_handler_registry	util	492	3	1	004b3de0	other	
00480b70	FUN_00480b70	vehicle	493	7	1	00470c70	other	
00489a40	FUN_00489a40	particle	494	5	1	00406160	other	
004093b0	FUN_004093b0	gameplay	496	4	1	0046c7d0	other	
00411ae0	Ghost::PlaybackTick	vehicle	497	4	2	004103a0	read_global_u32	
00407800	FUN_00407800	gameplay	498	20	1	0040d270	other	
004c9ad0	FUN_004c9ad0	render	499	7	1	004c9cd0	other	
0041f8f0	FUN_0041f8f0	render	500	14	1	00420050	other	
004850e0	FUN_004850e0	smplfzx	501	10	1	00479330	other	
00406ae0	FUN_00406ae0	gameplay	508	7	1	00406ce0	other	
004d4f90	FUN_004d4f90	render	508	4	6	00496d60	other	
004cf7d0	FUN_004cf7d0	render	514	10	1	004b3d20	other	
0045a190	FUN_0045a190	gameplay	515	9	1	0045bba0	other	
004d7de0	FUN_004d7de0	render	515	3	7	004c1710	read_global_u32	
00406160	FUN_00406160	gameplay	522	11	1	00406ce0	other	
0047f4c0	FUN_0047f4c0	physics	523	7	1	0047f840	other	
004c5470	FUN_004c5470	render	525	3	1	00406ce0	other	
00403fa0	FUN_00403fa0	render	529	1	1	00404320	other	
004197e0	FUN_004197e0	gameplay	530	5	1	0041a180	other	
00442a60	Spectator::ComputeDistances	util	531	7	1	00446520	other	
00496100	FUN_00496100	input	531	3	2	004967e0	other	
00477be0	FUN_00477be0	render	535	1	1	0040d8f0	other	
005b30e0	FUN_005b30e0	audio	540	3	1	005b2b00	other	
005ad0b0	FUN_005ad0b0	audio	545	3	2	005a6b70	other	
00483a70	FUN_00483a70	render	546	3	1	00411ce0	other	
004d3e90	FUN_004d3e90	render	546	0	2	004d41e0	other	
00471ac0	FUN_00471ac0	camera	547	6	1	00471ec0	other	
004270f0	CourseRenderFrame	render	548	16	1	00410b30	read_global_u32	
00479100	FUN_00479100	render	551	2	1	00426dc0	arg_getter	
00481e00	FUN_00481e00	vehicle	553	2	1	004826d0	other	
004739f0	TextSpriteScaled	frontend	557	2	11	0042fb70	other	
005b0740	FUN_005b0740	audio	558	7	2	005b04b0	other	
00480100	FUN_00480100	physics	562	12	2	00426c10	other	
00415e20	FUN_00415e20	ai	567	4	3	00416250	other	
005aa560	FUN_005aa560	audio	568	8	11	005a6280	other	
00429e10	FUN_00429e10	render	571	10	1	00410b30	other	
004414b0	FUN_004414b0	camera	581	3	1	0040d470	other	
005b04b0	FUN_005b04b0	audio	584	7	1	005afcf0	other	
00420e00	FUN_00420e00	gameplay	594	8	1	004215a0	other	
0045a950	FUN_0045a950	gameplay	594	6	1	0045ae80	other	
004427c0	Spectator::SelectCamera	util	598	4	1	00446520	other	
00401fe0	FUN_00401fe0	render	600	7	1	00402240	other	
004314b0	FUN_004314b0	frontend	602	9	1	0043bf30	read_global_u32	
0041bc50	FUN_0041bc50	hud	603	0	1	0041c0c0	other	
005a6340	FUN_005a6340	audio	604	2	1	005a62b0	other	
00412620	FUN_00412620	render	606	9	1	0040ce00	other	
004d8810	RwNativeRasterRead	render	609	5	1	004cf5a0	other	
005acaa0	FUN_005acaa0	audio	610	3	2	005ac210	other	
00491f00	FUN_00491f00	render	611	5	1	00448ef0	other	
005bc190	FUN_005bc190	audio	611	1	1	005baa60	other	
004036a0	FUN_004036a0	render	612	1	1	00403910	other	
004969a0	FUN_004969a0	render	612	1	1	00496c10	other	
0041a5d0	FUN_0041a5d0	gameplay	617	3	1	0041ad00	other	
005ab710	FUN_005ab710	audio	617	4	2	005ab560	other	
00413cb0	FUN_00413cb0	hud	622	14	1	0040ce00	other	
00431240	FUN_00431240	frontend	622	11	1	0043bf30	read_global_u32	
00411870	Replay::LapFinish	vehicle	623	7	2	0040e560	other	
004b5750	FUN_004b5750	render	623	1	1	0042bcb0	other	
004da000	FUN_004da000	render	624	1	1	004d9530	other	
00442e00	FUN_00442e00	util	627	4	1	00448220	other	
004847d0	FUN_004847d0	world-objects	628	3	1	00484cf0	other	
00493fd0	sub_00493fd0	frontend	631	1	1	00495350	other	
005555b0	FUN_005555b0	render	633	1	4	004278d0	other	
0047d3c0	VehiclePhysicsWorldCreate	vehicle	638	18	1	0047eb30	other	
005aba20	FUN_005aba20	audio	642	11	3	005ac210	other	
00471ec0	sub_00471ec0	camera	643	9	1	00426ab0	other	
00429310	TimeTrial::Tick	util	644	13	1	0040fc00	other	
00459000	FUN_00459000	gameplay	655	11	1	0045bba0	other	
004b5af0	FUN_004b5af0	render	661	3	1	00483a70	other	
005b3760	FUN_005b3760	audio	668	3	3	005b3760	other	
00426810	sub_00426810	render	672	6	1	00426ab0	other	
004212b0	FUN_004212b0	render	685	14	1	0040ce00	other	
0042c510	FUN_0042c510	vehicle	687	14	1	0042c960	other	
00476df0	FUN_00476df0	render	687	2	19	00413cb0	other	
00496530	FUN_00496530	input	687	3	1	004967e0	other	
005a6f30	FUN_005a6f30	audio	690	6	1	005a60b0	read_global_u32	
00473c20	FUN_00473c20	gameplay	697	6	1	0042e5b0	read_global_u32	
004b61c0	FUN_004b61c0	render	701	3	1	004844a0	other	
0045d7a0	FUN_0045d7a0	util	702	5	1	00466b50	other	
0041d410	FUN_0041d410	hud	703	0	1	0041d870	other	
00480720	VehicleRespawnPlace	vehicle	703	11	6	004039f0	other	
004709a0	VehicleCollisionBroadPhase	vehicle	705	9	1	00470c70	other	
00408b00	FUN_00408b00	util	707	7	2	00424eb0	other	
0041e1e0	FUN_0041e1e0	gameplay	719	9	1	0041e6c0	other	
00414c30	FUN_00414c30	ai	720	8	3	00416250	other	
00426e10	FUN_00426e10	render	723	36	1	0040d020	other	
005b3b80	FUN_005b3b80	audio	726	7	2	005abd30	other	
005b2b00	FUN_005b2b00	audio	736	2	1	005b7980	other	
0045bba0	FUN_0045bba0	util	738	11	1	0040fc00	other	
004022a0	FUN_004022a0	render	744	7	1	00402590	other	
005afa00	FUN_005afa00	audio	751	11	1	005af8f0	other	
00467350	VehicleSlipTimerTick	vehicle	767	2	1	00470c70	other	
004c32b0	FUN_004c32b0	render	768	10	1	00493710	other	
005a7b60	FUN_005a7b60	audio	770	16	2	0045d460	other	
00499d90	FUN_00499d90	render	779	4	2	0048ad50	other	
0043af10	FUN_0043af10	frontend	782	9	1	0043bf30	other	
00499890	FUN_00499890	boot	784	2	1	00499ba0	other	
004d9050	FUN_004d9050	render	784	2	3	004c6580	other	
0042e8b0	FUN_0042e8b0	frontend	801	4	1	004368e0	other	
004770c0	FUN_004770c0	vehicle	801	12	17	00413b80	other	
005ac210	FUN_005ac210	audio	804	14	1	005abfa0	other	
00485ef0	FUN_00485ef0	particle	808	10	1	0040ce00	other	
00475f90	FUN_00475f90	render	814	9	1	00476440	other	
00424b80	FUN_00424b80	frontend	815	4	1	00410860	other	
004b5d90	FUN_004b5d90	render	816	4	1	004b60c0	other	
00401690	FUN_00401690	render	820	2	1	004025f0	other	
00414570	FUN_00414570	ai	821	12	3	00416250	other	
0045d460	FUN_0045d460	audio	822	13	1	004669b0	other	
00478cf0	CourseAssetDestroy	track	827	14	1	00426b40	other	
00471780	FUN_00471780	gameplay	831	14	1	00471ec0	other	
005b2220	FUN_005b2220	audio	842	1	1	005b2080	other	
004332a0	FUN_004332a0	frontend	848	5	1	0043c000	read_global_u32	
00469aa0	VehicleContactScanUpdate	vehicle	848	4	1	004709a0	other	
0040d590	FUN_0040d590	frontend	850	3	1	0040eee0	other	
0046c7d0	FUN_0046c7d0	vehicle	852	7	1	00424eb0	other	
00481a30	FUN_00481a30	vehicle	861	15	1	0040ce00	other	
00490020	FUN_00490020	render	864	6	3	00420e00	other	
004944c0	FUN_004944c0	util	864	7	1	00494a80	other	
0040c690	FUN_0040c690	gameplay	874	6	1	0040ca00	other	
005bb000	FUN_005bb000	audio	883	9	3	005ba1d0	arg_getter	
00488e70	FUN_00488e70	util	888	7	1	0040fc00	other	
00422570	FUN_00422570	render	890	7	1	0041f8f0	const_return	

# NEAR-1 — one below-C2 callee blocks this caller (promote it to cascade).
rva	name	subsystem	size	n_callees	n_callers_c2plus	best_caller	shape_hint	blocking_callees

# NEAR-2 — two below-C2 callees block this caller.
rva	name	subsystem	size	n_callees	n_callers_c2plus	best_caller	shape_hint	blocking_callees

# CASCADE KEYS — C0/C1 callees ranked by callers unlocked (full=sole blocker on a NEAR-1; part=one of two on a NEAR-2).
callee	conf	name	subsystem	full_unlock	part_unlock	promotability
