address	outcome	detail
0x00402a24	SKIP_DEFINED_DATA	pointer
0x00402a2b	SKIP_NO_CODE	disassemble() produced no instruction
0x00407670	CREATED	FUN_00407670	size=364
0x00407a90	CREATED	FUN_00407a90	size=106
0x0040925c	SKIP_DEFINED_DATA	pointer
0x0040926c	SKIP_DEFINED_DATA	pointer
0x0040927c	SKIP_DEFINED_DATA	pointer
0x00409888	SKIP_DEFINED_DATA	pointer
0x0040ab9c	SKIP_DEFINED_DATA	pointer
0x0040acb8	SKIP_DEFINED_DATA	pointer
0x0040ad04	SKIP_DEFINED_DATA	pointer
0x0040b784	SKIP_DEFINED_DATA	pointer
0x0040b7f4	SKIP_DEFINED_DATA	pointer
0x0040bb10	CREATED	FUN_0040bb10	size=23
0x0040c58c	SKIP_DEFINED_DATA	pointer
0x0040db64	SKIP_DEFINED_DATA	pointer
0x0040db6c	SKIP_DEFINED_DATA	byte
0x0040dc4c	SKIP_DEFINED_DATA	pointer
0x0040dc5a	SKIP_NO_CODE	disassemble() produced no instruction
0x0040df98	SKIP_DEFINED_DATA	pointer
0x0040e0f4	SKIP_DEFINED_DATA	pointer
0x0040e102	SKIP_NO_CODE	disassemble() produced no instruction
0x0040e110	SKIP_DEFINED_DATA	pointer
0x0040e12c	SKIP_DEFINED_DATA	pointer
0x0040e13e	SKIP_NO_CODE	disassemble() produced no instruction
0x0040e14c	SKIP_DEFINED_DATA	pointer
0x0040e430	CREATED	switchdataD_0040e430	size=32
0x0040eecc	SKIP_DEFINED_DATA	pointer
0x0040fe70	SKIP_DEFINED_DATA	pointer
0x0040fe82	SKIP_NO_CODE	disassemble() produced no instruction
0x0040fe90	SKIP_DEFINED_DATA	pointer
0x004100ec	SKIP_DEFINED_DATA	pointer
0x004100fa	SKIP_NO_CODE	disassemble() produced no instruction
0x00410108	SKIP_DEFINED_DATA	pointer
0x004102b8	SKIP_DEFINED_DATA	pointer
0x004102c6	SKIP_NO_CODE	disassemble() produced no instruction
0x004102d4	SKIP_DEFINED_DATA	pointer
0x00410844	SKIP_DEFINED_DATA	pointer
0x0041114c	SKIP_DEFINED_DATA	pointer
0x00411324	SKIP_DEFINED_DATA	pointer
0x0041216c	SKIP_DEFINED_DATA	pointer
0x0041582c	SKIP_DEFINED_DATA	pointer
0x00418848	SKIP_DEFINED_DATA	pointer
0x00418cd0	CREATED	FUN_00418cd0	size=219
0x00419fbc	SKIP_DEFINED_DATA	pointer
0x0041c920	SKIP_DEFINED_DATA	pointer
0x0041cadc	SKIP_DEFINED_DATA	pointer
0x0041d370	SKIP_DEFINED_DATA	pointer
0x0041ed70	SKIP_DEFINED_DATA	pointer
0x0041f38c	SKIP_DEFINED_DATA	pointer
0x0041f390	SKIP_DEFINED_DATA	pointer
0x0041ff90	SKIP_DEFINED_DATA	pointer
0x0041ff94	SKIP_DEFINED_DATA	pointer
0x00420c3c	SKIP_DEFINED_DATA	pointer
0x004222f0	CREATED	FUN_004222f0	size=181
0x00423aec	SKIP_DEFINED_DATA	pointer
0x00424874	SKIP_DEFINED_DATA	pointer
0x004273a4	SKIP_DEFINED_DATA	pointer
0x0042755c	SKIP_DEFINED_DATA	pointer
0x00429274	SKIP_DEFINED_DATA	pointer
0x0042a44c	SKIP_DEFINED_DATA	pointer
0x0042a518	SKIP_DEFINED_DATA	pointer
0x0042d250	SKIP_DEFINED_DATA	pointer
0x0042d26c	SKIP_DEFINED_DATA	pointer
0x0042ef10	SKIP_DEFINED_DATA	pointer
0x0042efd4	SKIP_DEFINED_DATA	pointer
0x0042eff8	SKIP_DEFINED_DATA	pointer
0x0042f00c	SKIP_DEFINED_DATA	byte
0x0042f084	SKIP_DEFINED_DATA	pointer
0x0042f3e4	SKIP_DEFINED_DATA	pointer
0x0042f724	SKIP_DEFINED_DATA	pointer
0x0042fb48	SKIP_DEFINED_DATA	pointer
0x004308e4	SKIP_DEFINED_DATA	pointer
0x0043099c	SKIP_DEFINED_DATA	pointer
0x004309a1	SKIP_NO_CODE	disassemble() produced no instruction
0x004309e8	SKIP_DEFINED_DATA	pointer
0x00430a3c	SKIP_DEFINED_DATA	pointer
0x00430a80	SKIP_DEFINED_DATA	pointer
0x00430ad0	SKIP_DEFINED_DATA	pointer
0x00432014	SKIP_DEFINED_DATA	pointer
0x00432058	SKIP_DEFINED_DATA	pointer
0x00432a8c	SKIP_DEFINED_DATA	pointer
0x00432aaf	SKIP_NO_CODE	disassemble() produced no instruction
0x00433060	SKIP_DEFINED_DATA	pointer
0x00433088	SKIP_DEFINED_DATA	pointer
0x004330b0	SKIP_DEFINED_DATA	pointer
0x004330d8	SKIP_DEFINED_DATA	pointer
0x00433100	SKIP_DEFINED_DATA	pointer
0x00433128	SKIP_DEFINED_DATA	pointer
0x00433150	SKIP_DEFINED_DATA	pointer
0x00433178	SKIP_DEFINED_DATA	pointer
0x00434328	SKIP_DEFINED_DATA	pointer
0x004367d8	SKIP_DEFINED_DATA	pointer
0x004367f0	SKIP_DEFINED_DATA	pointer
0x00439190	SKIP_DEFINED_DATA	pointer
0x0043919e	SKIP_NO_CODE	disassemble() produced no instruction
0x0043dec4	SKIP_DEFINED_DATA	pointer
0x00440aac	SKIP_DEFINED_DATA	pointer
0x00440ad0	SKIP_DEFINED_DATA	pointer
0x00440af8	SKIP_DEFINED_DATA	byte
0x00440b10	SKIP_DEFINED_DATA	pointer
0x00440b40	SKIP_DEFINED_DATA	pointer
0x00440b64	SKIP_DEFINED_DATA	pointer
0x00440b94	SKIP_DEFINED_DATA	pointer
0x00440bc0	CREATED	FUN_00440bc0	size=1063
0x00442760	SKIP_DEFINED_DATA	pointer
0x00442792	SKIP_NO_CODE	disassemble() produced no instruction
0x00445a84	SKIP_DEFINED_DATA	pointer
0x0044ba30	CREATED	FUN_0044ba30	size=389
0x0044c380	CREATED	FUN_0044c380	size=260
0x00453290	CREATED	FUN_00453290	size=88
0x00453c60	CREATED	FUN_00453c60	size=579
0x00454320	CREATED	FUN_00454320	size=47
0x00456878	SKIP_DEFINED_DATA	pointer
0x00457010	CREATED	FUN_00457010	size=129
0x00457e10	CREATED	FUN_00457e10	size=47
0x00458744	SKIP_DEFINED_DATA	pointer
0x00458920	CREATED	FUN_00458920	size=276
0x0045a420	CREATED	FUN_0045a420	size=269
0x0045c7cc	SKIP_DEFINED_DATA	pointer
0x0045c9f4	SKIP_DEFINED_DATA	pointer
0x0045ca09	SKIP_NO_CODE	disassemble() produced no instruction
0x0045cf64	SKIP_DEFINED_DATA	pointer
0x0045cf7c	SKIP_DEFINED_DATA	pointer
0x0045cf94	SKIP_DEFINED_DATA	pointer
0x0045cfac	SKIP_DEFINED_DATA	pointer
0x0045cfc4	SKIP_DEFINED_DATA	pointer
0x0045dbcc	SKIP_DEFINED_DATA	pointer
0x00462374	SKIP_DEFINED_DATA	pointer
0x004623ac	SKIP_DEFINED_DATA	byte
0x0046257c	SKIP_DEFINED_DATA	pointer
0x00462740	SKIP_DEFINED_DATA	pointer
0x004627d4	SKIP_DEFINED_DATA	pointer
0x004627db	SKIP_NO_CODE	disassemble() produced no instruction
0x00463134	SKIP_DEFINED_DATA	pointer
0x00463c34	SKIP_DEFINED_DATA	pointer
0x00463c64	SKIP_DEFINED_DATA	pointer
0x00464a0c	SKIP_DEFINED_DATA	pointer
0x00464a30	SKIP_DEFINED_DATA	pointer
0x00465928	SKIP_DEFINED_DATA	pointer
0x00466f88	SKIP_DEFINED_DATA	pointer
0x00466fa8	SKIP_DEFINED_DATA	pointer
0x00466fe0	SKIP_DEFINED_DATA	byte
0x00468b80	CREATED	FUN_00468b80	size=509
0x0046bf2c	SKIP_DEFINED_DATA	pointer
0x0046d3a0	CREATED	FUN_0046d3a0	size=86
0x00472150	CREATED	FUN_00472150	size=95
0x004721e0	CREATED	FUN_004721e0	size=256
0x00472330	CREATED	FUN_00472330	size=40
0x00472360	CREATED	FUN_00472360	size=21
0x00474d18	SKIP_DEFINED_DATA	pointer
0x00474d30	CREATED	FUN_00474d30	size=36
0x00474f50	CREATED	FUN_00474f50	size=52
0x00474f90	CREATED	FUN_00474f90	size=32
0x0047f7d0	CREATED	FUN_0047f7d0	size=105
0x00481720	SKIP_DEFINED_DATA	pointer
0x004820d0	SKIP_DEFINED_DATA	pointer
0x004827a0	CREATED	FUN_004827a0	size=29
0x004827c0	CREATED	FUN_004827c0	size=58
0x00482800	CREATED	FUN_00482800	size=29
0x004842d0	CREATED	FUN_004842d0	size=58
0x00484360	CREATED	FUN_00484360	size=309
0x00484778	SKIP_DEFINED_DATA	pointer
0x004847a9	SKIP_NO_CODE	disassemble() produced no instruction
0x00486630	CREATED	FUN_00486630	size=500
0x00487180	CREATED	FUN_00487180	size=247
0x00488060	SKIP_DEFINED_DATA	undefined *
0x0048cf50	SKIP_DEFINED_DATA	pointer
0x0048cf5b	SKIP_NO_CODE	disassemble() produced no instruction
0x0048fe30	CREATED	FUN_0048fe30	size=61
0x0048fed0	CREATED	FUN_0048fed0	size=12
0x0048fee0	CREATED	FUN_0048fee0	size=12
0x004929b4	SKIP_DEFINED_DATA	pointer
0x00492ce8	SKIP_DEFINED_DATA	pointer
0x00492e3c	SKIP_DEFINED_DATA	pointer
0x00493368	SKIP_DEFINED_DATA	pointer
0x004936f0	CREATED	FUN_004936f0	size=12
0x00493700	CREATED	FUN_00493700	size=12
0x00493ac0	CREATED	FUN_00493ac0	size=127
0x00493b40	CREATED	FUN_00493b40	size=6
0x004951c8	SKIP_DEFINED_DATA	pointer
0x00495ee0	CREATED	FUN_00495ee0	size=249
0x00496d10	CREATED	FUN_00496d10	size=12
0x00496e00	CREATED	FUN_00496e00	size=17
0x00496e20	CREATED	FUN_00496e20	size=17
0x00497438	SKIP_DEFINED_DATA	pointer
0x004976a0	CREATED	FUN_004976a0	size=1124
0x00497fd0	CREATED	FUN_00497fd0	size=639
0x00498360	CREATED	FUN_00498360	size=406
0x004991f0	CREATED	FUN_004991f0	size=454
0x004a23d0	CREATED	FUN_004a23d0	size=9
0x004a3ce9	CREATED	FUN_004a3ce9	size=36
0x004a3fb0	CREATED	FUN_004a3fb0	size=34
0x004a57c4	SKIP_DEFINED_DATA	pointer
0x004a5a0c	CREATED	FUN_004a5a0c	size=75
0x004a5a57	CREATED	FUN_004a5a57	size=26
0x004a78f4	CREATED	FUN_004a78f4	size=61
0x004ab054	SKIP_DEFINED_DATA	pointer
0x004ab0d0	SKIP_DEFINED_DATA	pointer
0x004ab13c	SKIP_DEFINED_DATA	pointer
0x004ab1e0	SKIP_DEFINED_DATA	pointer
0x004ab288	SKIP_DEFINED_DATA	pointer
0x004ab2d8	SKIP_DEFINED_DATA	pointer
0x004ac660	CREATED	FUN_004ac660	size=189
0x004acd64	SKIP_DEFINED_DATA	pointer
0x004acde0	SKIP_DEFINED_DATA	pointer
0x004ace4c	SKIP_DEFINED_DATA	pointer
0x004acef0	SKIP_DEFINED_DATA	pointer
0x004acf98	SKIP_DEFINED_DATA	pointer
0x004acfe8	SKIP_DEFINED_DATA	pointer
0x004b3f20	CREATED	FUN_004b3f20	size=34
0x004b4070	CREATED	FUN_004b4070	size=13
0x004b49b0	CREATED	FUN_004b49b0	size=206
0x004b4bb0	CREATED	FUN_004b4bb0	size=196
0x004b4d60	CREATED	FUN_004b4d60	size=188
0x004b4eb0	CREATED	FUN_004b4eb0	size=384
0x004b5300	CREATED	FUN_004b5300	size=29
0x004b5560	CREATED	FUN_004b5560	size=23
0x004b6630	CREATED	FUN_004b6630	size=16
0x004b6ba0	CREATED	FUN_004b6ba0	size=81
0x004b6c00	CREATED	FUN_004b6c00	size=195
0x004b6cd0	CREATED	FUN_004b6cd0	size=498
0x004b6ed0	CREATED	FUN_004b6ed0	size=131
0x004b6f60	CREATED	FUN_004b6f60	size=46
0x004b6f90	CREATED	FUN_004b6f90	size=36
0x004b73e0	CREATED	FUN_004b73e0	size=106
0x004b79a0	CREATED	FUN_004b79a0	size=25
0x004b7a20	CREATED	FUN_004b7a20	size=68
0x004b7d08	SKIP_DEFINED_DATA	pointer
0x004b92b8	SKIP_DEFINED_DATA	pointer
0x004b9b40	SKIP_DEFINED_DATA	pointer
0x004ba898	SKIP_DEFINED_DATA	pointer
0x004ba93c	SKIP_DEFINED_DATA	pointer
0x004bb070	SKIP_DEFINED_DATA	pointer
0x004bb0ad	SKIP_DEFINED_DATA	byte
0x004bb728	SKIP_DEFINED_DATA	pointer
0x004bb73d	SKIP_DEFINED_DATA	byte
0x004bba60	SKIP_DEFINED_DATA	pointer
0x004bba7e	SKIP_NO_CODE	disassemble() produced no instruction
0x004bbd48	SKIP_DEFINED_DATA	pointer
0x004bbd60	SKIP_DEFINED_DATA	byte
0x004bc13c	SKIP_DEFINED_DATA	pointer
0x004bc2cc	SKIP_DEFINED_DATA	pointer
0x004bc2f7	SKIP_NO_CODE	disassemble() produced no instruction
0x004bc470	CREATED	FUN_004bc470	size=4
0x004bc818	SKIP_DEFINED_DATA	pointer
0x004bc820	SKIP_DEFINED_DATA	byte
0x004bc92c	SKIP_DEFINED_DATA	pointer
0x004bc933	SKIP_NO_CODE	disassemble() produced no instruction
0x004bcea4	SKIP_DEFINED_DATA	pointer
0x004bcec4	SKIP_DEFINED_DATA	byte
0x004bd3a4	SKIP_DEFINED_DATA	pointer
0x004bd3b8	SKIP_DEFINED_DATA	byte
0x004bd714	SKIP_DEFINED_DATA	pointer
0x004bd724	SKIP_DEFINED_DATA	byte
0x004bdaa4	SKIP_DEFINED_DATA	pointer
0x004bdab6	SKIP_NO_CODE	disassemble() produced no instruction
0x004bf660	SKIP_DEFINED_DATA	pointer
0x004bf6b8	SKIP_DEFINED_DATA	pointer
0x004bfdac	SKIP_DEFINED_DATA	pointer
0x004bfdef	SKIP_NO_CODE	disassemble() produced no instruction
0x004bfe20	SKIP_DEFINED_DATA	pointer
0x004c0560	CREATED	FUN_004c0560	size=65
0x004c07b0	CREATED	FUN_004c07b0	size=124
0x004c0830	CREATED	FUN_004c0830	size=61
0x004c1940	CREATED	FUN_004c1940	size=61
0x004c1980	CREATED	FUN_004c1980	size=100
0x004c1de0	CREATED	FUN_004c1de0	size=401
0x004c2b80	CREATED	FUN_004c2b80	size=47
0x004c2bb0	CREATED	FUN_004c2bb0	size=57
0x004c2d50	SKIP_DEFINED_DATA	pointer
0x004c35b0	CREATED	FUN_004c35b0	size=21
0x004c35d0	CREATED	FUN_004c35d0	size=25
0x004c3670	CREATED	FUN_004c3670	size=183
0x004c37d0	CREATED	FUN_004c37d0	size=163
0x004c3e20	CREATED	FUN_004c3e20	size=110
0x004c3e90	CREATED	FUN_004c3e90	size=543
0x004c40e0	CREATED	FUN_004c40e0	size=314
0x004c4430	CREATED	FUN_004c4430	size=61
0x004c4470	CREATED	FUN_004c4470	size=191
0x004c5e00	CREATED	FUN_004c5e00	size=340
0x004c5f60	CREATED	FUN_004c5f60	size=471
0x004c78a0	CREATED	FUN_004c78a0	size=63
0x004c78e0	CREATED	FUN_004c78e0	size=272
0x004c856c	SKIP_DEFINED_DATA	undefined *
0x004c85bf	SKIP_NO_CODE	disassemble() produced no instruction
0x004c85c8	SKIP_DEFINED_DATA	undefined *
0x004c85db	SKIP_DEFINED_DATA	byte
0x004c85e4	SKIP_DEFINED_DATA	pointer
0x004c8600	SKIP_DEFINED_DATA	pointer
0x004c8603	SKIP_NO_CODE	disassemble() produced no instruction
0x004c861f	SKIP_DEFINED_DATA	byte
0x004c8628	SKIP_DEFINED_DATA	pointer
0x004c8c4c	SKIP_DEFINED_DATA	pointer
0x004c8c58	SKIP_DEFINED_DATA	byte
0x004c926c	SKIP_DEFINED_DATA	pointer
0x004c9274	SKIP_DEFINED_DATA	byte
0x004c9290	CREATED	FUN_004c9290	size=2107
0x004c9e8c	SKIP_DEFINED_DATA	pointer
0x004c9e98	SKIP_DEFINED_DATA	byte
0x004ca160	CREATED	FUN_004ca160	size=2482
0x004cab30	CREATED	FUN_004cab30	size=223
0x004cac10	CREATED	FUN_004cac10	size=639
0x004cbca0	CREATED	FUN_004cbca0	size=96
0x004cbd00	CREATED	FUN_004cbd00	size=43
0x004cbe70	SKIP_DEFINED_DATA	pointer
0x004cc040	SKIP_DEFINED_DATA	pointer
0x004cc14c	SKIP_DEFINED_DATA	pointer
0x004cc214	SKIP_DEFINED_DATA	pointer
0x004cc3e8	SKIP_DEFINED_DATA	pointer
0x004cc50c	SKIP_DEFINED_DATA	pointer
0x004cca80	CREATED	FUN_004cca80	size=286
0x004ccef0	CREATED	FUN_004ccef0	size=14
0x004ccf00	CREATED	FUN_004ccf00	size=19
0x004cd2b0	SKIP_DEFINED_DATA	pointer
0x004cd410	SKIP_DEFINED_DATA	pointer
0x004cd7d4	SKIP_DEFINED_DATA	pointer
0x004cd7ec	SKIP_DEFINED_DATA	pointer
0x004cd810	CREATED	FUN_004cd810	size=61
0x004cd850	CREATED	FUN_004cd850	size=166
0x004cd900	CREATED	FUN_004cd900	size=608
0x004cdb60	CREATED	FUN_004cdb60	size=313
0x004ce6f0	CREATED	FUN_004ce6f0	size=145
0x004cfdd0	CREATED	FUN_004cfdd0	size=19
0x004cfdf0	CREATED	FUN_004cfdf0	size=40
0x004d026c	SKIP_DEFINED_DATA	pointer
0x004d0508	SKIP_DEFINED_DATA	pointer
0x004d0520	CREATED	FUN_004d0520	size=133
0x004d05b0	CREATED	FUN_004d05b0	size=132
0x004d0640	CREATED	FUN_004d0640	size=23
0x004d075c	SKIP_DEFINED_DATA	pointer
0x004d0774	SKIP_DEFINED_DATA	pointer
0x004d078c	SKIP_DEFINED_DATA	pointer
0x004d0fc0	CREATED	FUN_004d0fc0	size=23
0x004d0fe0	CREATED	FUN_004d0fe0	size=23
0x004d1000	CREATED	FUN_004d1000	size=19
0x004d15d4	SKIP_DEFINED_DATA	pointer
0x004d15f0	CREATED	FUN_004d15f0	size=51
0x004d1630	CREATED	FUN_004d1630	size=15
0x004d1d08	SKIP_DEFINED_DATA	pointer
0x004d1e14	SKIP_DEFINED_DATA	pointer
0x004d2328	SKIP_DEFINED_DATA	pointer
0x004d294c	SKIP_DEFINED_DATA	pointer
0x004d2964	SKIP_DEFINED_DATA	pointer
0x004d342c	SKIP_DEFINED_DATA	pointer
0x004d3450	CREATED	FUN_004d3450	size=117
0x004d34d0	CREATED	FUN_004d34d0	size=16
0x004d34e0	CREATED	FUN_004d34e0	size=45
0x004d6b18	SKIP_DEFINED_DATA	pointer
0x004d7a48	SKIP_DEFINED_DATA	pointer
0x004d7d70	CREATED	FUN_004d7d70	size=55
0x004d8430	CREATED	FUN_004d8430	size=59
0x004d8470	CREATED	FUN_004d8470	size=16
0x004d8530	CREATED	FUN_004d8530	size=25
0x004d8550	CREATED	FUN_004d8550	size=10
0x004d86d0	CREATED	FUN_004d86d0	size=42
0x004d8700	CREATED	FUN_004d8700	size=42
0x004d8730	CREATED	FUN_004d8730	size=26
0x004d8750	CREATED	FUN_004d8750	size=26
0x004d8a80	CREATED	FUN_004d8a80	size=240
0x004d8b70	CREATED	FUN_004d8b70	size=90
0x004d8fa0	CREATED	FUN_004d8fa0	size=96
0x004d9000	CREATED	FUN_004d9000	size=43
0x004d9030	CREATED	FUN_004d9030	size=16
0x004d9040	CREATED	FUN_004d9040	size=16
0x004dbc78	SKIP_DEFINED_DATA	pointer
0x004dd2e0	CREATED	FUN_004dd2e0	size=888
0x004dd660	CREATED	FUN_004dd660	size=1604
0x004de7d0	SKIP_DEFINED_DATA	pointer
0x004de7dc	SKIP_DEFINED_DATA	pointer
0x004dea34	SKIP_DEFINED_DATA	pointer
0x004dea6b	SKIP_NO_CODE	disassemble() produced no instruction
0x004deae4	SKIP_DEFINED_DATA	pointer
0x004deaf0	SKIP_DEFINED_DATA	pointer
0x004deb20	CREATED	FUN_004deb20	size=40
0x004deb50	CREATED	FUN_004deb50	size=40
0x004deb80	CREATED	FUN_004deb80	size=39
0x004debb0	CREATED	FUN_004debb0	size=50
0x004debf0	CREATED	FUN_004debf0	size=66
0x004dec40	CREATED	FUN_004dec40	size=41
0x004dec70	CREATED	FUN_004dec70	size=37
0x004deca0	CREATED	FUN_004deca0	size=37
0x004decd0	CREATED	FUN_004decd0	size=31
0x004decf0	CREATED	FUN_004decf0	size=29
0x004ded10	CREATED	FUN_004ded10	size=25
0x004ded30	CREATED	FUN_004ded30	size=33
0x004ded60	CREATED	FUN_004ded60	size=33
0x004ded90	CREATED	FUN_004ded90	size=21
0x004dedb0	CREATED	FUN_004dedb0	size=22
0x004dedd0	CREATED	FUN_004dedd0	size=41
0x004dee00	CREATED	FUN_004dee00	size=23
0x004df030	CREATED	FUN_004df030	size=204
0x004df6ac	SKIP_DEFINED_DATA	pointer
0x004df6bc	SKIP_DEFINED_DATA	pointer
0x004df740	SKIP_DEFINED_DATA	pointer
0x004df7c8	SKIP_DEFINED_DATA	pointer
0x004df7f3	SKIP_NO_CODE	disassemble() produced no instruction
0x004e0760	SKIP_DEFINED_DATA	pointer
0x004e078b	SKIP_NO_CODE	disassemble() produced no instruction
0x004e0804	SKIP_DEFINED_DATA	pointer
0x004e082f	SKIP_NO_CODE	disassemble() produced no instruction
0x004e2f70	CREATED	FUN_004e2f70	size=34
0x004e36a0	CREATED	FUN_004e36a0	size=225
0x004e3790	CREATED	FUN_004e3790	size=109
0x004e3800	CREATED	FUN_004e3800	size=67
0x004e3b30	CREATED	FUN_004e3b30	size=72
0x004e3b80	CREATED	FUN_004e3b80	size=80
0x004e3bd0	CREATED	FUN_004e3bd0	size=48
0x004e3dc0	CREATED	FUN_004e3dc0	size=119
0x004e3e40	CREATED	FUN_004e3e40	size=40
0x004e3e70	CREATED	FUN_004e3e70	size=41
0x004e3ea0	CREATED	FUN_004e3ea0	size=32
0x004e40d0	CREATED	FUN_004e40d0	size=85
0x004e4190	CREATED	FUN_004e4190	size=27
0x004e41e0	CREATED	FUN_004e41e0	size=18
0x004e4200	CREATED	FUN_004e4200	size=19
0x004e4220	CREATED	FUN_004e4220	size=27
0x004e4240	CREATED	FUN_004e4240	size=14
0x004e4250	CREATED	FUN_004e4250	size=19
0x004e4270	CREATED	FUN_004e4270	size=27
0x004e4290	CREATED	FUN_004e4290	size=14
0x004e44e0	CREATED	FUN_004e44e0	size=52
0x004e4520	CREATED	FUN_004e4520	size=71
0x004e4570	CREATED	FUN_004e4570	size=54
0x004e4650	CREATED	FUN_004e4650	size=155
0x004e46f0	CREATED	FUN_004e46f0	size=132
0x004e4780	CREATED	FUN_004e4780	size=45
0x004e4e60	CREATED	FUN_004e4e60	size=84
0x004e4f00	CREATED	FUN_004e4f00	size=100
0x004e5e20	CREATED	FUN_004e5e20	size=66
0x004e5e70	CREATED	FUN_004e5e70	size=121
0x004e5f70	CREATED	FUN_004e5f70	size=27
0x004e6250	CREATED	FUN_004e6250	size=152
0x004e64f0	CREATED	FUN_004e64f0	size=205
0x004e6610	CREATED	FUN_004e6610	size=23
0x004e6630	CREATED	FUN_004e6630	size=23
0x004e6d40	CREATED	FUN_004e6d40	size=52
0x004e7ed0	CREATED	FUN_004e7ed0	size=27
0x004e7ef0	CREATED	FUN_004e7ef0	size=100
0x004e7f60	CREATED	FUN_004e7f60	size=61
0x004e8540	CREATED	FUN_004e8540	size=25
0x004e8560	CREATED	FUN_004e8560	size=16
0x004e9990	CREATED	FUN_004e9990	size=27
0x004ea4c0	CREATED	FUN_004ea4c0	size=16
0x004ea4d0	CREATED	FUN_004ea4d0	size=16
0x004eb320	CREATED	FUN_004eb320	size=39
0x004eba70	CREATED	FUN_004eba70	size=137
0x004ecdd9	CREATED	FUN_004ecdd9	size=139
0x004ef893	SKIP_DEFINED_DATA	pointer
0x004efa93	SKIP_DEFINED_DATA	pointer
0x004efc39	SKIP_DEFINED_DATA	pointer
0x004efe6a	SKIP_DEFINED_DATA	pointer
0x004f08e0	CREATED	FUN_004f08e0	size=16
0x004f08f0	CREATED	FUN_004f08f0	size=16
0x004f0990	CREATED	FUN_004f0990	size=46
0x004f09c0	CREATED	FUN_004f09c0	size=282
0x004f2420	CREATED	FUN_004f2420	size=334
0x004f38c0	CREATED	FUN_004f38c0	size=567
0x004f4310	CREATED	FUN_004f4310	size=39
0x004f4540	CREATED	FUN_004f4540	size=48
0x004f4570	CREATED	FUN_004f4570	size=230
0x004f4660	CREATED	FUN_004f4660	size=51
0x004f57a4	SKIP_DEFINED_DATA	undefined *
0x004f5e84	SKIP_DEFINED_DATA	pointer
0x004f71b4	SKIP_DEFINED_DATA	pointer
0x004f77ac	SKIP_DEFINED_DATA	pointer
0x004f79d4	SKIP_DEFINED_DATA	undefined *
0x004f8168	SKIP_DEFINED_DATA	pointer
0x004f83c4	SKIP_DEFINED_DATA	pointer
0x004f8600	CREATED	FUN_004f8600	size=19
0x004f8620	CREATED	FUN_004f8620	size=16
0x004f8630	CREATED	FUN_004f8630	size=16
0x004fbe21	CREATED	FUN_004fbe21	size=20
0x004fc6f5	CREATED	FUN_004fc6f5	size=105
0x004fc75e	CREATED	FUN_004fc75e	size=53
0x004fc793	CREATED	FUN_004fc793	size=139
0x004fc81e	CREATED	FUN_004fc81e	size=95
0x004fc87d	CREATED	FUN_004fc87d	size=153
0x004fef85	SKIP_DEFINED_DATA	pointer
0x004ff498	SKIP_DEFINED_DATA	pointer
0x005003f7	SKIP_DEFINED_DATA	pointer
0x0050245e	CREATED	FUN_0050245e	size=172
0x0050398a	SKIP_DEFINED_DATA	pointer
0x005039fa	SKIP_DEFINED_DATA	byte
0x00505e60	CREATED	FUN_00505e60	size=62
0x00505e9e	CREATED	FUN_00505e9e	size=87
0x00505ef5	CREATED	FUN_00505ef5	size=55
0x00505ff8	CREATED	FUN_00505ff8	size=308
0x00506931	CREATED	FUN_00506931	size=93
0x0050698e	CREATED	FUN_0050698e	size=73
0x005069d7	CREATED	FUN_005069d7	size=82
0x00508cc0	CREATED	FUN_00508cc0	size=607
0x00508f20	CREATED	FUN_00508f20	size=581
0x00509180	CREATED	FUN_00509180	size=438
0x005093e0	CREATED	FUN_005093e0	size=797
0x00509700	CREATED	FUN_00509700	size=636
0x0050997c	CREATED	FUN_0050997c	size=153
0x00509a15	CREATED	FUN_00509a15	size=93
0x00509ab6	CREATED	FUN_00509ab6	size=540
0x00509cd2	CREATED	FUN_00509cd2	size=533
0x00509ee7	CREATED	FUN_00509ee7	size=197
0x0050a26e	CREATED	FUN_0050a26e	size=100
0x0050a379	CREATED	FUN_0050a379	size=165
0x0050ae57	CREATED	FUN_0050ae57	size=562
0x0050b089	CREATED	FUN_0050b089	size=207
0x0050b158	CREATED	FUN_0050b158	size=80
0x0050b1a8	CREATED	FUN_0050b1a8	size=235
0x0050b293	CREATED	FUN_0050b293	size=220
0x0050b36f	CREATED	FUN_0050b36f	size=99
0x0050b3d2	CREATED	FUN_0050b3d2	size=94
0x0050b430	CREATED	FUN_0050b430	size=89
0x0050b489	CREATED	FUN_0050b489	size=71
0x0050b4d0	CREATED	FUN_0050b4d0	size=111
0x0050b578	CREATED	FUN_0050b578	size=210
0x0050b64a	CREATED	FUN_0050b64a	size=181
0x0050ca3c	CREATED	FUN_0050ca3c	size=1332
0x0050e4bf	CREATED	FUN_0050e4bf	size=1016
0x0050ebeb	CREATED	FUN_0050ebeb	size=28
0x0050ec07	CREATED	FUN_0050ec07	size=113
0x0050ed3e	CREATED	FUN_0050ed3e	size=113
0x0050edaf	CREATED	FUN_0050edaf	size=212
0x0050ee83	CREATED	FUN_0050ee83	size=234
0x0050f32c	SKIP_DEFINED_DATA	pointer
0x0050f552	SKIP_DEFINED_DATA	pointer
0x0050f6a4	SKIP_DEFINED_DATA	pointer
0x0050f840	CREATED	FUN_0050f840	size=379
0x0050faad	CREATED	FUN_0050faad	size=152
0x0050fb45	CREATED	FUN_0050fb45	size=73
0x0050fb8e	CREATED	FUN_0050fb8e	size=67
0x0050fbd1	CREATED	FUN_0050fbd1	size=171
0x0050fc7c	CREATED	FUN_0050fc7c	size=130
0x0050fcfe	CREATED	FUN_0050fcfe	size=95
0x0050fd5d	CREATED	FUN_0050fd5d	size=306
0x0050fe8f	CREATED	FUN_0050fe8f	size=113
0x0050ff00	CREATED	FUN_0050ff00	size=200
0x0050ffc8	CREATED	FUN_0050ffc8	size=222
0x005100a6	CREATED	FUN_005100a6	size=67
0x005100e9	CREATED	FUN_005100e9	size=228
0x005101cd	CREATED	FUN_005101cd	size=190
0x005102ef	CREATED	FUN_005102ef	size=126
0x00513f14	SKIP_DEFINED_DATA	pointer
0x005142d0	CREATED	FUN_005142d0	size=26
0x005142f0	CREATED	FUN_005142f0	size=19
0x00514310	CREATED	FUN_00514310	size=32
0x00514740	SKIP_DEFINED_DATA	pointer
0x00514760	CREATED	FUN_00514760	size=32
0x005150bc	SKIP_DEFINED_DATA	pointer
0x005175a8	SKIP_DEFINED_DATA	pointer
0x00517d7c	SKIP_DEFINED_DATA	pointer
0x0051924c	SKIP_DEFINED_DATA	pointer
0x0051925f	SKIP_NO_CODE	disassemble() produced no instruction
0x005199c4	SKIP_DEFINED_DATA	pointer
0x005199d6	SKIP_NO_CODE	disassemble() produced no instruction
0x0051b704	SKIP_DEFINED_DATA	pointer
0x0051b720	SKIP_DEFINED_DATA	pointer
0x0051b737	SKIP_NO_CODE	disassemble() produced no instruction
0x0051bb20	SKIP_DEFINED_DATA	pointer
0x0051cf7c	SKIP_DEFINED_DATA	pointer
0x0051cf98	SKIP_DEFINED_DATA	pointer
0x0051cf9f	SKIP_NO_CODE	disassemble() produced no instruction
0x0051cfb0	SKIP_DEFINED_DATA	pointer
0x0051cfb7	SKIP_NO_CODE	disassemble() produced no instruction
0x005230d0	SKIP_DEFINED_DATA	pointer
0x0052389c	SKIP_DEFINED_DATA	pointer
0x005287f4	SKIP_DEFINED_DATA	pointer
0x0052b70c	SKIP_DEFINED_DATA	pointer
0x0052b734	SKIP_DEFINED_DATA	pointer
0x0052bef8	SKIP_DEFINED_DATA	pointer
0x0052d530	CREATED	FUN_0052d530	size=679
0x0052d910	CREATED	FUN_0052d910	size=50
0x0052d950	CREATED	FUN_0052d950	size=43
0x0052e3d0	CREATED	FUN_0052e3d0	size=185
0x0052e490	CREATED	FUN_0052e490	size=76
0x0052e4e0	CREATED	FUN_0052e4e0	size=18
0x0052e500	CREATED	FUN_0052e500	size=96
0x0052e560	CREATED	FUN_0052e560	size=19
0x0052e580	CREATED	FUN_0052e580	size=24
0x0052e5a0	CREATED	FUN_0052e5a0	size=21
0x0052e5c0	CREATED	FUN_0052e5c0	size=142
0x0052e6c0	CREATED	FUN_0052e6c0	size=75
0x0052e710	CREATED	FUN_0052e710	size=240
0x0052e800	CREATED	FUN_0052e800	size=609
0x0052ec50	CREATED	FUN_0052ec50	size=593
0x0052fd90	CREATED	FUN_0052fd90	size=19
0x00533740	CREATED	FUN_00533740	size=172
0x005337f0	CREATED	FUN_005337f0	size=33
0x00533820	CREATED	FUN_00533820	size=26
0x00533840	CREATED	FUN_00533840	size=188
0x00533900	CREATED	FUN_00533900	size=154
0x005339a0	CREATED	FUN_005339a0	size=290
0x00533ad0	CREATED	FUN_00533ad0	size=482
0x00533cc0	CREATED	FUN_00533cc0	size=59
0x00534950	CREATED	FUN_00534950	size=52
0x00534990	CREATED	FUN_00534990	size=229
0x00534ad0	CREATED	FUN_00534ad0	size=18
0x00534af0	CREATED	FUN_00534af0	size=107
0x00535690	CREATED	FUN_00535690	size=88
0x005357f8	SKIP_DEFINED_DATA	pointer
0x0053580c	SKIP_DEFINED_DATA	pointer
0x00535818	SKIP_DEFINED_DATA	pointer
0x00536630	CREATED	FUN_00536630	size=39
0x00536660	CREATED	FUN_00536660	size=40
0x005386b0	CREATED	FUN_005386b0	size=195
0x00538780	CREATED	FUN_00538780	size=124
0x00538800	CREATED	FUN_00538800	size=43
0x00538830	CREATED	FUN_00538830	size=63
0x00538870	CREATED	FUN_00538870	size=26
0x00538890	CREATED	FUN_00538890	size=82
0x005388f0	CREATED	FUN_005388f0	size=111
0x00538960	CREATED	FUN_00538960	size=21
0x00538980	CREATED	FUN_00538980	size=53
0x005389c0	CREATED	FUN_005389c0	size=182
0x00538c30	CREATED	FUN_00538c30	size=66
0x00538d4c	SKIP_DEFINED_DATA	pointer
0x0053a78c	SKIP_DEFINED_DATA	pointer
0x0053d1c0	CREATED	FUN_0053d1c0	size=34
0x0053d1f0	CREATED	FUN_0053d1f0	size=16
0x0053d230	CREATED	FUN_0053d230	size=31
0x0053d250	CREATED	FUN_0053d250	size=81
0x0053d2b0	CREATED	FUN_0053d2b0	size=292
0x0053d3e0	CREATED	FUN_0053d3e0	size=18
0x0053e5b8	SKIP_DEFINED_DATA	pointer
0x0053e6d0	CREATED	FUN_0053e6d0	size=27
0x0053ebb0	CREATED	FUN_0053ebb0	size=51
0x0053ebf0	CREATED	FUN_0053ebf0	size=80
0x0053ec40	CREATED	FUN_0053ec40	size=18
0x0053ec60	CREATED	FUN_0053ec60	size=64
0x0053ed0c	SKIP_DEFINED_DATA	pointer
0x0053ed20	CREATED	FUN_0053ed20	size=1043
0x0053f1a0	CREATED	FUN_0053f1a0	size=534
0x0053f3c0	CREATED	FUN_0053f3c0	size=1361
0x0053f920	CREATED	FUN_0053f920	size=141
0x0053f9b0	CREATED	FUN_0053f9b0	size=18
0x0053f9d0	CREATED	FUN_0053f9d0	size=29
0x0053f9f0	CREATED	FUN_0053f9f0	size=38
0x0053fa70	CREATED	FUN_0053fa70	size=21
0x0053fa90	CREATED	FUN_0053fa90	size=18
0x0053fab0	CREATED	FUN_0053fab0	size=29
0x0053fad0	CREATED	FUN_0053fad0	size=38
0x0053fb50	CREATED	FUN_0053fb50	size=21
0x0053fd14	SKIP_DEFINED_DATA	pointer
0x00543500	CREATED	FUN_00543500	size=504
0x00543950	CREATED	FUN_00543950	size=116
0x005439d0	CREATED	FUN_005439d0	size=101
0x005440c0	CREATED	FUN_005440c0	size=16
0x005440d0	CREATED	FUN_005440d0	size=16
0x005440e0	CREATED	FUN_005440e0	size=24
0x00544100	CREATED	FUN_00544100	size=239
0x005441f0	CREATED	FUN_005441f0	size=682
0x005444a0	CREATED	FUN_005444a0	size=588
0x005446f0	CREATED	FUN_005446f0	size=499
0x005448f0	CREATED	FUN_005448f0	size=244
0x00544dc0	CREATED	FUN_00544dc0	size=16
0x00544dd0	CREATED	FUN_00544dd0	size=16
0x00544de0	CREATED	FUN_00544de0	size=23
0x00544e00	CREATED	FUN_00544e00	size=261
0x00544f10	CREATED	FUN_00544f10	size=56
0x00544f50	CREATED	FUN_00544f50	size=100
0x00544fc0	CREATED	FUN_00544fc0	size=178
0x00545080	CREATED	FUN_00545080	size=325
0x005451d0	CREATED	FUN_005451d0	size=31
0x005451f0	CREATED	FUN_005451f0	size=33
0x00546560	CREATED	FUN_00546560	size=91
0x005465c0	CREATED	FUN_005465c0	size=715
0x005492b0	CREATED	FUN_005492b0	size=27
0x005492d0	CREATED	FUN_005492d0	size=56
0x00549310	CREATED	FUN_00549310	size=55
0x00549350	CREATED	FUN_00549350	size=56
0x00549390	CREATED	FUN_00549390	size=59
0x00549710	CREATED	FUN_00549710	size=216
0x005497f0	CREATED	FUN_005497f0	size=69
0x00549fe0	CREATED	FUN_00549fe0	size=26
0x0054a000	CREATED	FUN_0054a000	size=48
0x0054a030	CREATED	FUN_0054a030	size=57
0x0054a070	CREATED	FUN_0054a070	size=29
0x0054a090	CREATED	FUN_0054a090	size=50
0x0054a0d0	CREATED	FUN_0054a0d0	size=28
0x0054a0f0	CREATED	FUN_0054a0f0	size=33
0x00550c30	CREATED	FUN_00550c30	size=28
0x00550c50	CREATED	FUN_00550c50	size=298
0x00550d80	CREATED	FUN_00550d80	size=22
0x00550da0	CREATED	FUN_00550da0	size=369
0x00550f20	CREATED	FUN_00550f20	size=296
0x00551050	CREATED	FUN_00551050	size=62
0x00551180	CREATED	FUN_00551180	size=13
0x00551290	CREATED	FUN_00551290	size=23
0x005512d0	CREATED	FUN_005512d0	size=90
0x005514e0	CREATED	FUN_005514e0	size=40
0x00551610	CREATED	FUN_00551610	size=103
0x00551680	CREATED	FUN_00551680	size=59
0x005516c0	CREATED	FUN_005516c0	size=29
0x005516e0	CREATED	FUN_005516e0	size=130
0x00551770	CREATED	FUN_00551770	size=207
0x005518f0	CREATED	FUN_005518f0	size=339
0x00551bf0	CREATED	FUN_00551bf0	size=65
0x00552050	CREATED	FUN_00552050	size=159
0x005524c0	CREATED	FUN_005524c0	size=75
0x00552b50	CREATED	FUN_00552b50	size=6
0x005547f0	CREATED	FUN_005547f0	size=333
0x00557920	CREATED	FUN_00557920	size=317
0x00557a60	CREATED	FUN_00557a60	size=260
0x00557b70	CREATED	FUN_00557b70	size=113
0x00557bf0	CREATED	FUN_00557bf0	size=100
0x00557c60	CREATED	FUN_00557c60	size=71
0x00557cb0	CREATED	FUN_00557cb0	size=209
0x00557d90	CREATED	FUN_00557d90	size=181
0x00557e50	CREATED	FUN_00557e50	size=55
0x00557e90	CREATED	FUN_00557e90	size=33
0x00561f40	CREATED	FUN_00561f40	size=16
0x00561f50	CREATED	FUN_00561f50	size=39
0x00561f80	CREATED	FUN_00561f80	size=100
0x00561ff0	CREATED	FUN_00561ff0	size=21
0x005620c0	CREATED	FUN_005620c0	size=704
0x00562490	CREATED	FUN_00562490	size=99
0x00562ac0	CREATED	FUN_00562ac0	size=1021
0x00569140	CREATED	FUN_00569140	size=1359
0x005697f0	CREATED	FUN_005697f0	size=1686
0x0056b310	CREATED	FUN_0056b310	size=1157
0x0057c2e0	CREATED	FUN_0057c2e0	size=18
0x00583304	SKIP_DEFINED_DATA	pointer
0x00583318	SKIP_DEFINED_DATA	pointer
0x00585360	CREATED	FUN_00585360	size=23
0x00585d20	CREATED	FUN_00585d20	size=35
0x00585d50	CREATED	FUN_00585d50	size=23
0x0058d3c4	SKIP_DEFINED_DATA	pointer
0x0058d3df	SKIP_NO_CODE	disassemble() produced no instruction
0x0058d458	SKIP_DEFINED_DATA	pointer
0x0058d477	SKIP_NO_CODE	disassemble() produced no instruction
0x0058d4dc	SKIP_DEFINED_DATA	byte
0x0058d4f0	SKIP_DEFINED_DATA	pointer
0x0058d537	SKIP_DEFINED_DATA	byte
0x0058d554	SKIP_DEFINED_DATA	pointer
0x0058d5a8	SKIP_DEFINED_DATA	pointer
0x0058d5ec	SKIP_DEFINED_DATA	pointer
0x0058d655	SKIP_DEFINED_DATA	byte
0x0058d668	SKIP_DEFINED_DATA	pointer
0x0058f350	CREATED	FUN_0058f350	size=15
0x005960a8	SKIP_DEFINED_DATA	pointer
0x0059bd14	SKIP_DEFINED_DATA	pointer
0x0059dd50	CREATED	FUN_0059dd50	size=39
0x0059e6d0	CREATED	FUN_0059e6d0	size=74
0x0059e720	CREATED	FUN_0059e720	size=32
0x0059f564	SKIP_DEFINED_DATA	pointer
0x005a0d94	SKIP_DEFINED_DATA	pointer
0x005a1478	SKIP_DEFINED_DATA	pointer
0x005a1485	SKIP_NO_CODE	disassemble() produced no instruction
0x005a5790	CREATED	FUN_005a5790	size=129
0x005a5fd0	CREATED	FUN_005a5fd0	size=53
0x005a6010	CREATED	FUN_005a6010	size=19
0x005a6220	SKIP_DEFINED_DATA	pointer
0x005a6233	SKIP_NO_CODE	disassemble() produced no instruction
0x005a6640	CREATED	FUN_005a6640	size=42
0x005a66c0	CREATED	FUN_005a66c0	size=15
0x005a73a0	CREATED	FUN_005a73a0	size=15
0x005a8460	CREATED	FUN_005a8460	size=98
0x005a84d0	CREATED	FUN_005a84d0	size=131
0x005a8640	CREATED	FUN_005a8640	size=57
0x005a8680	CREATED	FUN_005a8680	size=19
0x005a91b0	CREATED	FUN_005a91b0	size=195
0x005aa180	CREATED	FUN_005aa180	size=82
0x005aa8d0	CREATED	FUN_005aa8d0	size=37
0x005aaaa0	CREATED	FUN_005aaaa0	size=30
0x005aac00	CREATED	FUN_005aac00	size=24
0x005ab100	CREATED	FUN_005ab100	size=310
0x005ac770	CREATED	FUN_005ac770	size=59
0x005ac930	CREATED	FUN_005ac930	size=71
0x005aead0	CREATED	FUN_005aead0	size=19
0x005aef70	CREATED	FUN_005aef70	size=40
0x005af140	CREATED	FUN_005af140	size=48
0x005af2a0	CREATED	FUN_005af2a0	size=43
0x005af414	SKIP_DEFINED_DATA	pointer
0x005af45c	SKIP_DEFINED_DATA	pointer
0x005af4f0	SKIP_DEFINED_DATA	pointer
0x005af670	CREATED	FUN_005af670	size=25
0x005af780	CREATED	FUN_005af780	size=25
0x005b0a70	CREATED	FUN_005b0a70	size=31
0x005b1240	CREATED	FUN_005b1240	size=13
0x005b1250	CREATED	FUN_005b1250	size=12
0x005b15e0	CREATED	FUN_005b15e0	size=2417
0x005b2e70	CREATED	FUN_005b2e70	size=337
0x005b45ec	SKIP_DEFINED_DATA	pointer
0x005b45fc	SKIP_DEFINED_DATA	pointer
0x005b460c	SKIP_DEFINED_DATA	pointer
0x005b6e60	CREATED	FUN_005b6e60	size=427
0x005b7040	CREATED	FUN_005b7040	size=127
0x005b7750	CREATED	FUN_005b7750	size=290
0x005b7a90	CREATED	FUN_005b7a90	size=145
0x005b8910	CREATED	FUN_005b8910	size=715
0x005b92d0	CREATED	FUN_005b92d0	size=15
0x005baa40	SKIP_DEFINED_DATA	pointer
0x005bafdc	SKIP_DEFINED_DATA	undefined *
0x005bb380	CREATED	FUN_005bb380	size=550
0x005bcef0	CREATED	FUN_005bcef0	size=1366
0x005bd640	CREATED	FUN_005bd640	size=175
0x005bdd00	CREATED	FUN_005bdd00	size=198
0x005be4d0	CREATED	FUN_005be4d0	size=102
0x005be790	CREATED	FUN_005be790	size=191
0x005be870	CREATED	FUN_005be870	size=77
0x005c6863	CREATED	FUN_005c6863	size=182
0x005c6f50	CREATED	FUN_005c6f50	size=278
0x005c70d0	CREATED	FUN_005c70d0	size=604
0x005c7d30	CREATED	FUN_005c7d30	size=429
0x005c8010	CREATED	FUN_005c8010	size=36
0x005c83a0	CREATED	FUN_005c83a0	size=1050
0x005c8810	CREATED	FUN_005c8810	size=159
0x005c89a0	CREATED	FUN_005c89a0	size=1284
0x005ca30b	CREATED	FUN_005ca30b	size=10
0x005ca32b	CREATED	FUN_005ca32b	size=10
0x005ca348	CREATED	FUN_005ca348	size=10
0x005ca370	CREATED	FUN_005ca370	size=10
0x005ca388	CREATED	FUN_005ca388	size=10
0x005ca3be	CREATED	FUN_005ca3be	size=10
0x005ca420	CREATED	FUN_005ca420	size=10
0x005ca443	CREATED	FUN_005ca443	size=10
0x005ca480	CREATED	FUN_005ca480	size=10
0x005ca4e8	CREATED	FUN_005ca4e8	size=10
0x005ca528	CREATED	FUN_005ca528	size=10
0x005ca548	CREATED	FUN_005ca548	size=10
0x005ca568	CREATED	FUN_005ca568	size=10
0x005ca5ab	CREATED	FUN_005ca5ab	size=10
0x005ca5d3	CREATED	FUN_005ca5d3	size=10
0x005ca608	CREATED	FUN_005ca608	size=10
0x005ca628	CREATED	FUN_005ca628	size=10
0x005ca668	CREATED	FUN_005ca668	size=10
0x005ca68b	CREATED	FUN_005ca68b	size=10
0x005ca695	CREATED	FUN_005ca695	size=10
