"ID","RVA","Conf","Blocks","Where"
"U-5551","0x004df9b0","C3","C2->C3","0x004df9b0 (FUN_004df9b0)"
"U-5552","0x004dfb60","C2","C2->C3","0x004dfb60 (FUN_004dfb60)"
"U-5553","0x004dfbc0","C2","C2->C3","0x004dfbc0 (FUN_004dfbc0)"
"U-5300","0x004d6910","C3","C2->C3","0x004d6910 (FUN_004d6910)"
"U-5301","0x004d6910","C3","C2->C3","0x004d6910 (FUN_004d6910)"
"U-5302","0x004d55b0","C2","C2->C3","0x004d55b0 (FUN_004d55b0)"
"U-0007","0x00402750","C2","C3","0x00402750 sub_00402750"
"U-0010","0x004c5930","C2","C3","0x004c5930 sub_004c5930"
"U-0011","0x004c5930","C2","C3","0x004c5930 sub_004c5930"
"U-0091","0x004c3040","C2","C3","0x004c3040 sub_004c3040"
"U-0125","0x005aea00","C2","C3","0x005aea00 FUN_005aea00"
"U-0191","0x004aac76","C2","C3","0x004aac76 ___sbh_alloc_block"
"U-0287","0x004b3bb0","C4","C3","0x004b3bb0 sub_004b3bb0"
"U-0288","0x004b3bb0","C4","C3","0x004b3bb0 sub_004b3bb0"
"U-4312","0x004019d0","C2","C3","0x004019d0 FUN_004019d0"
"U-4313","0x004019d0","C2","C3","0x004019d0 FUN_004019d0"
"U-4387","0x00467210","C3","C3","0x00467210 sub_00467210"
"U-4388","0x00472380","C2","C3","0x00472380 FUN_00472380"
"U-4390","0x00474d80","C3","C3","0x00474d80 FUN_00474d80"
"U-4391","0x00474db0","C2","C3","0x00474db0 FUN_00474db0"
"U-4398","0x00475180","C2","C3","0x00475180 FUN_00475180"
"U-4399","0x00475210","C2","C3","0x00475210 FUN_00475210"
"U-4401","0x004752f0","C2","C3","0x004752f0 FUN_004752f0"
"U-4412","0x004756e0","C2","C2->C3","0x004756e0 (FUN_004756e0)"
"U-4413","0x004756e0","C2","C2->C3","0x004756e0 (FUN_004756e0)"
"U-4414","0x00475770","C2","C2->C3","0x00475770 (FUN_00475770)"
"U-4415","0x00475830","C2","C2->C3","0x00475830 (FUN_00475830)"
"U-4416","0x004758d0","C2","C2->C3","0x004758d0 (FUN_004758d0)"
"U-4417","0x004759b0","C2","C2->C3","0x004759b0 (FUN_004759b0)"
"U-4418","0x00475a00","C2","C2->C3","0x00475a00 (FUN_00475a00)"
"U-4419","0x00475ab0","C2","C2->C3","0x00475ab0 (FUN_00475ab0)"
"U-4420","0x00475ab0","C2","C2->C3","0x00475ab0 (FUN_00475ab0)"
"U-4421","0x00475d90","C2","C2->C3","0x00475d90 (FUN_00475d90)"
"U-4423","0x00475ef0","C2","C2->C3","0x00475ef0 (FUN_00475ef0)"
"U-4424","0x00475f30","C3","C2->C3","0x00475f30 (FUN_00475f30)"
"U-4425","0x00475f30","C3","C2->C3","0x00475f30 (FUN_00475f30)"
"U-4426","0x00475f50","C2","C2->C3","0x00475f50 (FUN_00475f50)"
"U-4427","0x00475f90","C2","C2->C3","0x00475f90 (FUN_00475f90)"
"U-4428","0x00475f90","C2","C2->C3","0x00475f90 (FUN_00475f90)"
"U-4429","0x00476320","C2","C2->C3","0x00476320 (FUN_00476320)"
"U-4430","0x00476390","C2","C2->C3","0x00476390 (FUN_00476390)"
"U-4500","0x00477490","C2","C2->C3","0x00477490 (FUN_00477490)"
"U-4501","0x00477490","C2","C2->C3","0x00477490 (FUN_00477490)"
"U-4502","0x00477500","C2","C2->C3","0x00477500 (FUN_00477500)"
"U-4503","0x00477500","C2","C2->C3","0x00477500 (FUN_00477500)"
"U-4504","0x00477580","C2","C2->C3","0x00477580 (FUN_00477580)"
"U-4506","0x004775b0","C2","C2->C3","0x004775b0 (FUN_004775b0)"
"U-4507","0x00477760","C2","C2->C3","0x00477760 (FUN_00477760)"
"U-4508","0x00477760","C2","C2->C3","0x00477760 (FUN_00477760)"
"U-4509","0x00477870","C2","C2->C3","0x00477870 (FUN_00477870)"
"U-4510","0x004778e0","C2","C2->C3","0x004778e0 (FUN_004778e0)"
"U-4511","0x00477b60","C3","C2->C3","0x00477b60 (FUN_00477b60)"
"U-4512","0x00477be0","C2","C2->C3","0x00477be0 (FUN_00477be0)"
"U-4514","0x00477e40","C2","C2->C3","0x00477e40 (FUN_00477e40)"
"U-4515","0x00477e60","C2","C2->C3","0x00477e60 (FUN_00477e60)"
"U-4517","0x00478030","C2","C2->C3","0x00478030 (FUN_00478030)"
"U-4575","0x00487e20","C2","C2->C3","0x00487e20 (thunk_FUN_00535700)"
"U-4577","0x004891f0","C2","C2->C3","0x004891f0 (FUN_004891f0)"
"U-4578","0x0048aa20","C2","C2->C3","0x0048aa20 (FUN_0048aa20)"
"U-4580","0x0048ebf0","C2","C2->C3","0x0048ebf0 (FUN_0048ebf0)"
"U-4581","0x0048f290","C2","C2->C3","0x0048f290 (FUN_0048f290)"
"U-4583","0x0048fd70","C2","C2->C3","0x0048fd70 (FUN_0048fd70)"
"U-4584","0x0048fe70","C2","C2->C3","0x0048fe70 (FUN_0048fe70)"
"U-4586","0x00490020","C2","C2->C3","0x00490020 (FUN_00490020)"
"U-4600","0x00490e70","C2","C2->C3","0x00490e70 (FUN_00490e70)"
"U-4601","0x00490fb0","C2","C2->C3","0x00490fb0 (FUN_00490fb0)"
"U-4602","0x004910c0","C2","C2->C3","0x004910c0 (FUN_004910c0)"
"U-4603","0x004910c0","C2","C2->C3","0x004910c0 (FUN_004910c0)"
"U-4604","0x00491340","C2","C2->C3","0x00491340 (FUN_00491340)"
"U-4605","0x00491490","C2","C2->C3","0x00491490 (FUN_00491490)"
"U-4606","0x004914b0","C2","C2->C3","0x004914b0 (RainRender)"
"U-4607","0x004914b0","C2","C2->C3","0x004914b0 (RainRender)"
"U-4608","0x00491590","C2","C2->C3","0x00491590 (FUN_00491590)"
"U-4628","0x00491e50","C2","C2->C3","0x00491e50 (FUN_00491e50)"
"U-4700","0x00494b65","C2","C2->C3","0x00494b65 (FUN_00494b65)"
"U-4701","0x00494b65","C2","C2->C3","0x00494b65 (FUN_00494b65)"
"U-4702","0x00494c60","C2","C2->C3","0x00494c60 (FUN_00494c60)"
"U-4703","0x00494f40","C2","C2->C3","0x00494f40 (FUN_00494f40)"
"U-4704","0x00494fd0","C2","C2->C3","0x00494fd0 (FUN_00494fd0)"
"U-4705","0x00494fd0","C2","C2->C3","0x00494fd0 (FUN_00494fd0)"
"U-4706","0x004951e0","C2","C2->C3","0x004951e0 (thunk_FUN_00495780)"
"U-4707","0x00496940","C2","C2->C3","0x00496940 (FUN_00496940)"
"U-4708","0x004969a0","C2","C2->C3","0x004969a0 (FUN_004969a0)"
"U-4709","0x004969a0","C2","C2->C3","0x004969a0 (FUN_004969a0)"
"U-4710","0x00496c10","C2","C2->C3","0x00496c10 (FUN_00496c10)"
"U-4711","0x00496c10","C2","C2->C3","0x00496c10 (FUN_00496c10)"
"U-4712","0x00496ec0","C2","C2->C3","0x00496ec0 (FUN_00496ec0)"
"U-4713","0x00496ec0","C2","C2->C3","0x00496ec0 (FUN_00496ec0)"
"U-4714","0x00497060","C2","C2->C3","0x00497060 (FUN_00497060)"
"U-4715","0x00497060","C2","C2->C3","0x00497060 (FUN_00497060)"
"U-4716","0x00498a00","C2","C2->C3","0x00498a00 (FUN_00498a00)"
"U-4717","0x00498ea0","C2","C2->C3","0x00498ea0 (FUN_00498ea0)"
"U-4718","0x00498ea0","C2","C2->C3","0x00498ea0 (FUN_00498ea0)"
"U-4719","0x00498e40","C2","C2->C3","0x00498e40 (FUN_00498e40)"
"U-4725","0x00499d90","C2","C2->C3","0x00499d90 (FUN_00499d90)"
"U-4726","0x0049a0e0","C2","C2->C3","0x0049a0e0 (FUN_0049a0e0)"
"U-4727","0x0049aae0","C2","C2->C3","0x0049aae0 (FUN_0049aae0)"
"U-4728","0x004b3c60","C2","C2->C3","0x004b3c60 (FUN_004b3c60)"
"U-4729","0x004b4150","C2","C2->C3","0x004b4150 (FUN_004b4150)"
"U-4750","0x004b47e0","C2","C2->C3","0x004b47e0 (FUN_004b47e0)"
"U-4751","0x004b4a80","C2","C2->C3","0x004b4a80 (FUN_004b4a80)"
"U-4752","0x004b4c80","C2","C2->C3","0x004b4c80 (FUN_004b4c80)"
"U-4780","0x004b51d0","C2","C2->C3","0x004b51d0 (FUN_004b51d0)"
"U-4800","0x004b53b0","C2","C2->C3","0x004b53b0 (FUN_004b53b0)"
"U-4801","0x004b55a0","C2","C2->C3","0x004b55a0 (FUN_004b55a0)"
"U-4806","0x004b61c0","C2","C2->C3","0x004b61c0 (FUN_004b61c0)"
"U-4811","0x004b6710","C2","C2->C3","0x004b6710 (FUN_004b6710)"
"U-4825","0x004c07b0","C2","C2->C3","0x004c07b0 (sub_004c07b0 rwID_FRAMEMODULE ctor)"
"U-4826","0x004c0830","C2","C2->C3","0x004c0830 (sub_004c0830 rwID_FRAMEMODULE dtor)"
"U-4900","0x004c1a70","C2","C2->C3","0x004c1a70 (FUN_004c1a70)"
"U-4901","0x004c4270","C3","C2->C3","0x004c4270 (FUN_004c4270)"
"U-4925","0x004c42d0","C3","C2->C3","0x004c42d0 (FUN_004c42d0)"
"U-4926","0x004c42d0","C3","C2->C3","0x004c42d0 (FUN_004c42d0)"
"U-4927","0x004c4360","C3","C2->C3","0x004c4360 (FUN_004c4360)"
"U-4928","0x004c4360","C3","C2->C3","0x004c4360 (FUN_004c4360)"
"U-4929","0x004c4530","C2","C2->C3","0x004c4530 (FUN_004c4530)"
"U-4931","0x004c5470","C2","C2->C3","0x004c5470 (FUN_004c5470)"
"U-4975","0x004c75c0","C3","C2->C3","0x004c75c0 (FUN_004c75c0)"
"U-4976","0x004c7600","C3","C2->C3","0x004c7600 (FUN_004c7600)"
"U-4977","0x004c7620","C2","C2->C3","0x004c7620 (FUN_004c7620)"
"U-4978","0x004c7620","C2","C2->C3","0x004c7620 (FUN_004c7620)"
"U-4979","0x004c7650","C2","C2->C3","0x004c7650 (FUN_004c7650)"
"U-4980","0x004c7650","C2","C2->C3","0x004c7650 (FUN_004c7650)"
"U-4981","0x004c76c0","C2","C2->C3","0x004c76c0 (FUN_004c76c0)"
"U-4982","0x004c76f0","C3","C2->C3","0x004c76f0 (FUN_004c76f0)"
"U-4983","0x004c76f0","C3","C2->C3","0x004c76f0 (FUN_004c76f0)"
"U-4984","0x004c7760","C2","C2->C3","0x004c7760 (FUN_004c7760)"
"U-4985","0x004c7760","C2","C2->C3","0x004c7760 (FUN_004c7760)"
"U-4986","0x004c7860","C3","C2->C3","0x004c7860 (FUN_004c7860)"
"U-4987","0x004c79f0","C2","C2->C3","0x004c79f0 (FUN_004c79f0)"
"U-4988","0x004c7a20","C2","C2->C3","0x004c7a20 (FUN_004c7a20)"
"U-5025","0x004cb490","C2","C2->C3","0x004cb490 (FUN_004cb490)"
"U-5026","0x004cb4c0","C2","C2->C3","0x004cb4c0 (FUN_004cb4c0)"
"U-5029","0x004cb840","C2","C2->C3","0x004cb840 (FUN_004cb840)"
"U-5033","0x004cbb00","C2","C2->C3","0x004cbb00 (FUN_004cbb00)"
"U-5034","0x004cbb20","C2","C2->C3","0x004cbb20 (FUN_004cbb20)"
"U-5038","0x004cbbd0","C2","C2->C3","0x004cbbd0 (FUN_004cbbd0)"
"U-5100","0x004cc580","C2","C2->C3","0x004cc580 (FUN_004cc580)"
"U-5101","0x004cc790","C2","C2->C3","0x004cc790 (FUN_004cc790)"
"U-5103","0x004cc9e0","C2","C2->C3","0x004cc9e0 (thunk_FUN_004cc820)"
"U-5104","0x004ccce0","C2","C2->C3","0x004ccce0 (FUN_004ccce0)"
"U-5105","0x004cce20","C2","C2->C3","0x004cce20 (FUN_004cce20)"
"U-5106","0x004ccf20","C2","C2->C3","0x004ccf20 (FUN_004ccf20)"
"U-5107","0x004cd170","C2","C2->C3","0x004cd170 (FUN_004cd170)"
"U-5108","0x004cd500","C2","C2->C3","0x004cd500 (FUN_004cd500)"
"U-5125","0x004cd550","C2","C2->C3","0x004cd550 (FUN_004cd550)"
"U-5126","0x004cde50","C3","C2->C3","0x004cde50 (FUN_004cde50)"
"U-5127","0x004cdf20","C2","C2->C3","0x004cdf20 (FUN_004cdf20)"
"U-5128","0x004ce390","C2","C2->C3","0x004ce390 (FUN_004ce390)"
"U-5129","0x004ce480","C2","C2->C3","0x004ce480 (FUN_004ce480)"
"U-5130","0x004ce480","C2","C2->C3","0x004ce480 (FUN_004ce480)"
"U-5150","0x004ce690","C2","C2->C3","0x004ce690 (FUN_004ce690)"
"U-5151","0x004ce6c0","C2","C2->C3","0x004ce6c0 (FUN_004ce6c0)"
"U-5152","0x004ce790","C2","C2->C3","0x004ce790 (FUN_004ce790)"
"U-5153","0x004ce790","C2","C2->C3","0x004ce790 (FUN_004ce790)"
"U-5154","0x004ce8e0","C2","C2->C3","0x004ce8e0 (FUN_004ce8e0)"
"U-5155","0x004ceba0","C2","C2->C3","0x004ceba0 (FUN_004ceba0)"
"U-5156","0x004cecb0","C2","C2->C3","0x004cecb0 (FUN_004cecb0)"
"U-5157","0x004cf2b0","C2","C2->C3","0x004cf2b0 (FUN_004cf2b0)"
"U-5158","0x004cf430","C2","C2->C3","0x004cf430 (FUN_004cf430)"
"U-5159","0x004cf460","C2","C2->C3","0x004cf460 (FUN_004cf460)"
"U-5160","0x004cf4a0","C2","C2->C3","0x004cf4a0 (FUN_004cf4a0)"
"U-5161","0x004cf5a0","C2","C2->C3","0x004cf5a0 (FUN_004cf5a0)"
"U-5162","0x004cf5a0","C2","C2->C3","0x004cf5a0 (FUN_004cf5a0)"
"U-5190","0x004d1e30","C2","C2->C3","0x004d1e30 (FUN_004d1e30)"
"U-5375","0x004d84e0","C2","C2->C3","0x004d84e0 (RwResourcesEmptyArena_PopSlot)"
"U-5376","0x004d8570","C3","C2->C3","0x004d8570 (RwEngineRegisterStringFunctions)"
"U-5377","0x004d87a0","C2","C2->C3","0x004d87a0 (RwStringStreamWrite)"
"U-5378","0x004d8eb0","C2","C2->C3","0x004d8eb0 (RwResourcesDrainArena)"
"U-5379","0x004d8eb0","C2","C2->C3","0x004d8eb0 (RwResourcesDrainArena)"
"U-5380","0x004d8430","C2","C2->C3","0x004d8430 (rwID_ERRORMODULE_ctor)"
"U-5381","0x004d8470","C2","C2->C3","0x004d8470 (rwID_ERRORMODULE_dtor)"
"U-5382","0x004d8530","C2","C2->C3","0x004d8530 (rwID_PIPEMODULE_ctor)"
"U-5383","0x004d8530","C2","C2->C3","0x004d8530 (rwID_PIPEMODULE_ctor)"
"U-5384","0x004d8550","C2","C2->C3","0x004d8550 (rwID_PIPEMODULE_dtor)"
"U-5385","0x004d8550","C2","C2->C3","0x004d8550 (rwID_PIPEMODULE_dtor)"
"U-5386","0x004d8a80","C2","C2->C3","0x004d8a80 (rwID_RESOURCESMODULE_ctor)"
"U-5387","0x004d8a80","C2","C2->C3","0x004d8a80 (rwID_RESOURCESMODULE_ctor)"
"U-5388","0x004d8b70","C2","C2->C3","0x004d8b70 (rwID_RESOURCESMODULE_dtor)"
"U-5389","0x004d8b70","C2","C2->C3","0x004d8b70 (rwID_RESOURCESMODULE_dtor)"
"U-5390","0x004d8fa0","C2","C2->C3","0x004d8fa0 (rwID_CHUNKGROUPMODULE_ctor)"
"U-5391","0x004d8fa0","C2","C2->C3","0x004d8fa0 (rwID_CHUNKGROUPMODULE_ctor)"
"U-5392","0x004d8fa0","C2","C2->C3","0x004d8fa0 (rwID_CHUNKGROUPMODULE_ctor)"
"U-5403","0x004d9530","C2","C2->C3","0x004d9530 (FUN_004d9530)"
"U-5425","0x004db2e0","C2","C2->C3","0x004db2e0 (FUN_004db2e0)"
"U-5426","0x004db770","C2","C2->C3","0x004db770 (FUN_004db770)"
"U-5427","0x004dba60","C2","C2->C3","0x004dba60 (FUN_004dba60)"
"U-5428","0x004dc160","C2","C2->C3","0x004dc160 (FUN_004dc160)"
"U-5584","0x0041d410","C2","C2->C3","0x0041d410 (FUN_0041d410)"
"U-5585","0x0041d410","C2","C2->C3","0x0041d410 (FUN_0041d410)"
"U-5586","0x0041de80","C2","C2->C3","0x0041de80 (FUN_0041de80)"
"U-5587","0x0041de80","C2","C2->C3","0x0041de80 (FUN_0041de80)"
"U-5588","0x0041de80","C2","C2->C3","0x0041de80 (FUN_0041de80)"
"U-5589","0x0041e630","C2","C2->C3","0x0041e630 (FUN_0041e630)"
"U-5590","0x0041e630","C2","C2->C3","0x0041e630 (FUN_0041e630)"
"U-5591","0x00427f00","C2","C2->C3","0x00427f00 (FUN_00427f00)"
"U-5592","0x00427f00","C2","C2->C3","0x00427f00 (FUN_00427f00)"
"U-5595","0x00458630","C2","C2->C3","0x00458630 (FUN_00458630)"
"U-5596","0x00458630","C2","C2->C3","0x00458630 (FUN_00458630)"
"U-5614","0x00552b90","C2","C2->C3","0x00552b90 (FontSys_Shutdown)"
"U-5615","0x00552b90","C2","C2->C3","0x00552b90 (FontSys_Shutdown)"
"U-5616","0x00553f40","C2","C2->C3","0x00553f40 (FontGlyph_UploadData)"
"U-5617","0x00553f40","C2","C2->C3","0x00553f40 (FontGlyph_UploadData)"
"U-5618","0x00553f40","C2","C2->C3","0x00553f40 (FontGlyph_UploadData)"
"U-5619","0x00554050","C2","C2->C3","0x00554050 (FontCanvas_Shutdown)"
"U-5620","0x00554050","C2","C2->C3","0x00554050 (FontCanvas_Shutdown)"
"U-5621","0x005540d0","C2","C2->C3","0x005540d0 (FontCanvas_Init)"
"U-5622","0x005540d0","C2","C2->C3","0x005540d0 (FontCanvas_Init)"
"U-5623","0x005540d0","C2","C2->C3","0x005540d0 (FontCanvas_Init)"
"U-5625","0x00555280","C2","C2->C3","0x00555280 (FontSys_ShutdownContextPool)"
"U-5626","0x00555280","C2","C2->C3","0x00555280 (FontSys_ShutdownContextPool)"
"U-5644","0x005551d0","C2","C2->C3","0x005551d0 (FUN_005551d0)"
"U-5645","0x005551d0","C2","C2->C3","0x005551d0 (FUN_005551d0)"
"U-5646","0x00555360","C2","C2->C3","0x00555360 (FUN_00555360)"
"U-5647","0x00555360","C2","C2->C3","0x00555360 (FUN_00555360)"
"U-5648","0x00555360","C2","C2->C3","0x00555360 (FUN_00555360)"
"U-5650","0x00555af0","C2","C2->C3","0x00555af0 (FontCtx_LoadMetrics_Met)"
"U-5651","0x00555af0","C2","C2->C3","0x00555af0 (FontCtx_LoadMetrics_Met)"
"U-5652","0x00555af0","C2","C2->C3","0x00555af0 (FontCtx_LoadMetrics_Met)"
"U-5653","0x00555f20","C2","C2->C3","0x00555f20 (FontCtx_BuildExtTable)"
"U-5654","0x00555ff0","C2","C2->C3","0x00555ff0 (FontCtx_LoadMetrics_Atlas)"
"U-5655","0x00555ff0","C2","C2->C3","0x00555ff0 (FontCtx_LoadMetrics_Atlas)"
"U-5656","0x00555ff0","C2","C2->C3","0x00555ff0 (FontCtx_LoadMetrics_Atlas)"
"U-5674","0x00556ca0","C2","C2->C3","0x00556ca0 (FUN_00556ca0)"
"U-5675","0x00556ca0","C2","C2->C3","0x00556ca0 (FUN_00556ca0)"
"U-5678","0x00556ce0","C2","C2->C3","0x00556ce0 (FontSys_ShutdownBuffers)"
"U-5679","0x00556d20","C2","C2->C3","0x00556d20 (FontSys_InitBuffers)"
"U-5680","0x00556d20","C2","C2->C3","0x00556d20 (FontSys_InitBuffers)"
"U-5681","0x00556d20","C2","C2->C3","0x00556d20 (FontSys_InitBuffers)"
"U-5682","0x00556d70","C2","C2->C3","0x00556d70 (FUN_00556d70)"
"U-5683","0x00556d70","C2","C2->C3","0x00556d70 (FUN_00556d70)"
"U-5684","0x00556d70","C2","C2->C3","0x00556d70 (FUN_00556d70)"
"U-5685","0x00556d70","C2","C2->C3","0x00556d70 (FUN_00556d70)"
"U-5704","0x005571e0","C2","C2->C3","0x005571e0 (FontSys_InitFontPool)"
"U-5705","0x00557250","C2","C2->C3","0x00557250 (FontSys_InitDataPools)"
