rva	class	size	subsystem	chunk
0x00403050	never			c0
0x00407600	never			c0
0x0040cf40	never			c0
0x00421930	never			c0
0x004274e0	never			c0
0x0042bcb0	never			c0
0x0044b000	never			c0
0x0047b9e0	never			c0
0x004840b0	never			c0
0x004853b0	never			c0
0x00490f50	never			c0
0x00490f80	never			c0
0x004a2bf7	never			c0
0x004b4050	never			c0
0x004f8640	never			c0
0x004f8670	never			c0
0x00546bf0	never			c0
0x00546cb0	never			c0
0x0055a9a0	never			c0
0x00561280	never			c0
0x00565160	never			c0
0x00565ef0	never			c0
0x00565fa0	never			c0
0x00566200	never			c0
0x00566830	never			c1
0x0056b9d0	never			c1
0x0056bb80	never			c1
0x0056be80	never			c1
0x0056d350	never			c1
0x0056d3f0	never			c1
0x0056fb90	never			c1
0x0056fea0	never			c1
0x00570090	never			c1
0x005729a0	never			c1
0x005735f0	never			c1
0x00573670	never			c1
0x00579c00	never			c1
0x00579d50	never			c1
0x0057a250	never			c1
0x0057a660	never			c1
0x0057a9a0	never			c1
0x0057adb0	never			c1
0x0057ae20	never			c1
0x005a6e10	exercised_inrace			c1
0x005ad2e0	exercised_inrace			c1
0x005aeed0	exercised_inrace			c1
0x005b0f40	exercised_inrace			c1
0x005b8080	exercised_inrace			c1
