0x00407580	17	gameplay
0x0041e850	22	hud
0x0047cde0	27	gameplay
0x0047ce20	27	gameplay
0x004cfee0	28	render
0x0052ddc0	35	util
0x004292d0	39	util
0x00425b90	41	frontend
0x004cb490	42	render
0x005af040	42	audio
0x004672d0	45	render
0x0052df40	45	util
0x0045dfc0	46	util
0x0041f2c0	52	gameplay
0x00496d20	54	render
0x004058e0	62	gameplay
0x00471560	62	gameplay
0x005b1030	65	audio
0x004da430	67	render
0x005a7aa0	67	audio
0x005ad6a0	67	audio
0x004d8680	72	render
0x004dfb10	75	render
0x005b3620	77	audio
0x004dfb60	81	render
0x0040cda0	86	gameplay
0x00498e40	86	render
0x004dfab0	86	render
0x004173e0	99	render
0x005b36f0	102	audio
0x004d4310	108	render
0x005b9320	118	audio
0x00474de0	119	render
0x004dc280	127	render
0x004dc1f0	129	render
0x004cbbd0	130	render
0x005b4150	145	audio
0x0041f120	150	util
0x00407cd0	157	gameplay
0x005b09c0	161	audio
0x00474e70	186	render
0x005b03e0	199	audio
0x0046c5f0	210	vehicle
0x005b6260	211	audio
0x00477f50	213	render
0x005554d0	219	hud
0x00407be0	127	gameplay
0x0045c550	232	gameplay
0x0044d5e0	241	powerups
0x005ad320	251	audio
0x00558b40	258	gameplay
0x0044c740	259	render
0x0045ac40	298	gameplay
0x00482ae0	301	vehicle
0x005b5860	471	audio
0x004daff0	741	render
0x004c4680	968	render
0x00547bf0	1023	track
