0x0041b440	11	0x4e6e00
0x00495110	11	0x4950b0
0x00404820	13	0x4e6e00
0x0041a3d0	13	0x4e6e00
0x0041c2c0	13	0x4e6e00
0x0041da80	13	0x4e6e00
0x0041de70	13	0x4e6e00
0x00425ed0	13	0x4c5930
0x0048bc10	13	0x4c5a60
0x0041beb0	14	0x4e6e00
0x0041cb00	14	0x4e6e00
0x0041d6d0	14	0x4e6e00
0x004b4120	16	0x4b40f0
0x0040d020	21	0x426e10
0x00421690	22	0x421060
0x00454f80	22	0x4e6ab0
0x0047b860	22	0x4b7330|0x4c0510
0x004039c0	23	0x42a5d0
0x00491780	23	0x491590
0x005ae380	24	0x5ae920
0x0047b880	25	0x4b7480
0x005571c0	25	0x4cc9f0
0x005a6c90	25	0x5ae920
0x005ad8b0	25	0x5ae920
0x00496ce0	27	0x4d41e0
0x00496470	29	0x4a4368
0x004b7fd0	31	0x4b7ff0
0x004c0ed0	31	0x4d8350
0x00494460	32	0x494320|0x4c7650
0x004b9600	33	0x4b7df0
0x00496970	34	0x4c7650
0x0042c2a0	35	0x4c5930|0x4e5700
0x0048fef0	35	0x4e89a0
0x004c1be0	35	0x4c7730
0x0041f290	36	0x4c0ed0
0x00451730	36	0x4c1740
0x0048bbe0	36	0x4c5cb0|0x4ce2d0
0x005af7a0	37	0x5b1140
0x00451060	38	0x467210|0x4840d0|0x4c1480
0x00494480	38	0x4938e0|0x493fc0|0x4942b0
0x005a60e0	38	0x5aab70|0x5aad40
0x004292d0	39	0x55deb0
0x0045d430	39	0x5a60e0
0x004e4320	39	0x4c0e50
0x00557220	39	0x4cc9f0
0x005a9de0	39	0x5ad320
0x005b3550	39	0x4522d0|0x5ae030
0x0041b660	40	0x41b440|0x4c5930
0x0045da60	40	0x5a66d0
0x00496940	40	0x4c77c0
0x00534920	40	0x4c2d90
0x00425b90	41	0x4e66d0
0x00467070	41	0x4c0740|0x4c0c20|0x4c1cf0
0x004219c0	42	0x421720
0x00495fe0	42	0x495870
0x005af040	42	0x5af700|0x5b1110
0x0041ccf0	43	0x41cb00|0x4c5930
0x00477580	43	0x4c0c20|0x4e6920|0x4e7e30
0x005ae300	43	0x5ae470
0x00417370	44	0x4a2c48
0x004c1b10	44	0x4c0e50|0x4c1a70
0x0055c810	44	0x55c380
0x004672d0	45	0x42b930|0x42f510
0x005a6c60	45	0x5ae800
0x0041f060	46	0x4c0ed0
0x00496010	46	0x495e80|0x4b6520
0x005a7e70	46	0x5ade10
0x005af010	46	0x5af2d0|0x5af510
0x0045cc50	47	0x40e350|0x45cbe0
0x0047b8a0	47	0x4b7a70
0x0047f450	47	0x47f380|0x482820|0x55afc0|0x55dec0
0x00482900	48	0x4987b0|0x4a2c48
0x0048f740	49	0x48f6b0|0x48f6e0|0x48f710
0x004b5190	49	0x543d40|0x543d70|0x543df0|0x55deb0
0x005571e0	49	0x4cc9e0
0x004c3270	50	0x4ccf20|0x4d7ca0
0x005a6e10	50	0x5a6d90
0x0041f1e0	51	0x4c0ed0
0x0041f220	51	0x4c0ed0
0x00442a20	51	0x441700
0x004ccde0	51	0x4ccc50
0x0041f2c0	52	0x4b4e70|0x53d090
0x00485070	52	0x484de0|0x484f70
0x0045d3f0	53	0x550be0|0x5a60b0
0x00458880	55	0x4768c0|0x4c5930|0x4e6e00
0x00489890	55	0x476df0|0x489500
0x00494a80	55	0x4944c0|0x4c77c0
0x004b9850	55	0x4ba1b0
0x005ad6f0	55	0x5a61b0|0x5ae800
0x005ae470	55	0x5aea00
0x0047f480	56	0x4a2cbd|0x55dd60|0x562560
0x00489250	56	0x4c0c20|0x4e6920
0x004b7140	56	0x4b7570
0x005ab1c0	56	0x5509b0
0x0040cf40	57	0x4c5a60
0x0042d560	57	0x42d420|0x42d4a0|0x4c1a40|0x4c1b10
0x00475ef0	57	0x4b6520
0x005a6030	58	0x5a6070|0x5a60e0
0x005ad2e0	58	0x4522d0
0x0047a0f0	59	0x47b9b0|0x4b6520
0x00485420	59	0x485340|0x485380
0x005aa7a0	60	0x5a9e60|0x5a9f10
0x00412010	61	0x4e6e00
0x004624c0	61	0x4a2cbd|0x550430|0x551190
0x004d7c60	61	0x4cc9e0
0x005a7520	61	0x5a7460|0x5a7560|0x5a75b0
0x004417e0	62	0x4671a0
0x00413a00	64	0x4128f0
0x00421c10	64	0x421980
0x00454ff0	64	0x474d60|0x4e45b0|0x4e4800
0x00411530	65	0x411350
0x004215e0	65	0x420de0
0x005b1030	65	0x5b10d0|0x5b10e0
0x004b4d10	66	0x4b4c80
0x004b68f0	66	0x4b302f
0x005aacf0	66	0x5aac20
0x004da430	67	0x4da430
0x005a7aa0	67	0x5adf60
0x005ad6a0	67	0x5adf30
0x004593b0	68	0x4768c0|0x4c5770|0x4c5930|0x4e6e00
0x00467020	68	0x4c0c20|0x4c1cf0|0x4c7650
0x004759b0	68	0x474db0
0x004b4b60	68	0x4b4a80
0x00498810	69	0x4cdca0|0x4cdd00|0x4cdd60|0x4ce8e0|0x4d52d0
0x004161e0	70	0x443dc0|0x46d4a0
0x00428400	70	0x4c5a60|0x4ce2d0
0x00477f00	70	0x4c39b0
0x004b4ad0	71	0x4b4a80
0x005aefc0	71	0x5af070
0x005be0f0	71	0x5bf610
0x00418de0	73	0x413c70|0x4661a0
0x004661a0	74	0x45e0f0|0x492d10|0x5a66d0
0x00472380	74	0x4c2d90|0x4e7d40
0x005ae330	75	0x5ae380|0x5ae4b0
0x0055c4f0	76	0x55c4f0
0x005b3620	77	0x5adf30
0x005a7560	78	0x5a7460|0x5a75b0
0x00404650	79	0x41f290|0x4c1480|0x4e6680
0x004c2f60	79	0x4c2c90|0x4d8060
0x004220d0	80	0x421ba0|0x42a5d0
0x0047f1e0	80	0x57c210
0x005ad980	80	0x5ad770
0x004cc580	82	0x4cbe80
0x005aa060	82	0x5aa0c0
0x00441700	83	0x4c1c80
0x00498b60	83	0x4a460d
0x00557250	83	0x4cc9e0
0x0041e0d0	84	0x4c0c20|0x4e6920|0x4e6e00|0x4e7e30
0x004d4250	84	0x4d7ff0|0x4d8480
0x0045d080	85	0x45c640|0x45cbe0
0x0048fe70	85	0x538c80
0x0045a530	86	0x484cf0
0x005a6710	86	0x5a6df0
0x00411350	87	0x4a2c48
0x0042c220	87	0x40e470|0x496900
0x004b5260	87	0x4b4130|0x4b4140
0x005a5f00	87	0x5a5f60|0x5a6190
0x0041f710	88	0x484cf0
0x004972b0	88	0x495790|0x4957a0|0x496100|0x4b6520
0x004b4880	88	0x4c0740|0x4c0c20|0x4c1cf0|0x4c7650
0x004d3d50	88	0x4cc9f0|0x4e1780
0x004d83d0	88	0x4c4600|0x4d83d0
0x004d42b0	90	0x4d7ff0|0x4d8480
0x004595c0	91	0x474d60|0x4b5320
0x00475a00	91	0x474db0|0x4770c0
0x004820e0	91	0x5c1cb7
0x0048a5d0	93	0x474d80|0x48a490
0x00426b40	94	0x4074a0|0x41e900|0x41e9b0|0x41ea20|0x425ea0|0x45e040|0x478cf0|0x47f450|0x47f480|0x491530
0x0044c490	94	0x484cf0
0x0040e500	95	0x40b6d0|0x42f500
0x00421630	95	0x41f220|0x4215e0|0x4c3d90|0x4c4dc0
0x00483fa0	95	0x4c0c20|0x4c1cf0|0x4c5860|0x4c5a60|0x4c7650
0x00486270	96	0x4894f0
0x00454170	97	0x4c1210|0x4c15c0|0x4e43b0|0x4e4440
0x005af690	97	0x5af700|0x5b10d0
0x004b51d0	98	0x4b3fc0|0x4b5190
0x005ad9d0	98	0x5ad770
0x005c8910	98	0x5b92e0|0x5b93a0
0x00477870	99	0x477580|0x4e6e00|0x5495b0
0x0045dce0	101	0x492d10|0x5a6d60
0x004da480	101	0x4d9a60|0x4da480
0x005b36f0	102	0x5ac9e0
0x0041dc30	103	0x417730
0x00476320	103	0x4762c0|0x4c39b0
0x00425a40	104	0x418860|0x422ba0|0x423b00|0x424eb0|0x4252c0|0x470c70
0x0046bf50	104	0x481780
0x0044ecc0	105	0x47d180|0x4b5240|0x4c51a0
0x0045cbe0	105	0x45c4e0|0x45c640
0x0047d080	105	0x559c40|0x559ee0|0x55dec0|0x57c210
0x00426d20	106	0x4c1340|0x4c1520|0x4c15c0
0x0044bbc0	106	0x484cf0|0x4c0ed0
0x0045d1e0	106	0x45c880|0x45cbe0|0x45cd30|0x45d0e0|0x4656e0
0x005ab090	106	0x550670
0x0048bb70	107	0x4b6480
0x0045c6b0	108	0x45c640
0x005a73b0	108	0x4522d0|0x5a6cb0|0x5a6df0
0x0046d780	109	0x422b50
0x005af600	109	0x5af180|0x5af200|0x5af740|0x5b10d0
0x0040bde0	110	0x412100|0x413f50|0x421560|0x457610|0x475d30|0x475e50|0x477810|0x486220|0x486f50|0x487de0|0x48ad50|0x48baf0|0x48e7b0|0x48fce0|0x48fd10|0x48fd40|0x48fd70|0x490490
0x00457ba0	110	0x4e45b0|0x4e4800
0x00477760	110	0x477450
0x0047c0f0	111	0x47bf70|0x4b3fc0|0x4c0e50
0x0041f880	112	0x422aa0
0x0045e0f0	112	0x5a6dc0
0x00485d90	114	0x40bb30|0x4892c0|0x4893a0
0x00406950	115	0x458f20|0x45c330
0x005b0a90	115	0x5aea00
0x00441760	117	0x441700|0x4c1340|0x4c15c0|0x4c4d20
0x00453eb0	118	0x465940|0x487020
0x0047e9c0	118	0x47d640|0x47def0|0x55e200|0x55fe50|0x55fea0|0x55ff70|0x55ff90|0x561040|0x561390|0x561c50|0x561e60|0x561e80
0x005b9320	118	0x5bc020
0x00474de0	119	0x4671d0
0x0040bd00	120	0x413bb0|0x45b350|0x475d90|0x475ea0|0x477870|0x485e10|0x486350|0x487140|0x48af70|0x48bc10|0x48cf70|0x48fdd0|0x48ffd0|0x4c5930
0x00485460	120	0x451730|0x4c1800|0x4c1840|0x4c3d90
0x005ad570	121	0x5ae0b0|0x5ae800
0x005b0360	121	0x5b03e0|0x5b0a90|0x5b0b40
0x0042d420	123	0x467020|0x4c0740|0x4c0b30|0x4c1d30|0x4c77c0
0x00425fa0	125	0x4b3f90|0x4e5fc0
0x00426700	125	0x4756e0
0x0046cb30	126	0x47f1e0
0x004862d0	126	0x40bb30|0x476be0|0x476cb0|0x4770c0
0x0047cea0	127	0x55ac00|0x55ac50|0x55ad30|0x55b650|0x57c210
0x00489940	127	0x474db0|0x4892c0|0x4893a0
0x004d8350	127	0x4c4600|0x4d83d0
0x00459400	128	0x4e89e0|0x4e8a10
0x004015a0	129	0x4e6e00
0x005a6ea0	129	0x5ab040|0x5ab070
0x005af860	129	0x5a9e40|0x5aa560
0x0041c380	130	0x42f500
0x004c2fb0	130	0x4c2c90|0x4cf160|0x4d8000
0x00486460	131	0x472650
0x00462ec0	132	0x4627b0|0x4a2cbd|0x550be0|0x5aaa00
0x004756e0	132	0x4752f0|0x4b47e0|0x4c1480
0x00465c10	133	0x45daf0|0x45e0f0|0x492d10|0x5a66d0|0x5a6dc0
0x00467110	133	0x4670a0|0x4c0740|0x4c0b30|0x4c1a40|0x4c1b10|0x4c1c80|0x4c2bf0
0x00458c70	136	0x4c15c0
0x005bfd10	136	0x4522d0|0x5aea00|0x5c0140
0x004b7ff0	137	0x4b7570|0x4bee20
0x004c1680	137	0x4c4670
0x0047d330	138	0x4c0c20|0x4e43b0|0x4e4440|0x4e6920|0x4e7e30|0x559ee0|0x57c210|0x57c370
0x005b2190	139	0x5ab190|0x5ab1c0
0x005af7d0	140	0x5b1140
0x0048a6f0	141	0x48a4e0|0x4a2c48|0x4b40f0|0x4c1340|0x4c1520|0x4c39b0
0x00481780	142	0x57c210
0x005bcbe0	144	0x4522d0|0x5aea00|0x5aeea0
0x005b4150	145	0x5b4060
0x004c1340	146	0x4c51a0
0x004c1480	146	0x4c52f0
0x0045cfe0	147	0x45c640|0x45cbe0
0x00463150	147	0x45e0f0|0x472650|0x5a66d0|0x5a6dc0
0x00476440	147	0x475f90|0x476df0
0x00402fb0	148	0x427e00|0x4a2c48
0x0040ad90	148	0x46bf50|0x46d4a0
0x00466100	149	0x45e0f0|0x492d10
0x00476390	149	0x40bb30|0x475ef0|0x476cb0|0x4770c0
0x0041f120	150	0x4c3ac0
0x005aa330	151	0x4522d0|0x5ae030
0x0046d400	153	0x538c80
0x00477e60	154	0x4c39b0
0x004219f0	155	0x4219a0|0x487020|0x4b4510
0x005a79a0	156	0x5a7a40|0x5a7ea0|0x5abcf0|0x5ade90
0x00407cd0	157	0x426090
0x0041ffb0	157	0x41ec00|0x4768c0|0x4b4880|0x4c0c20
0x0040cea0	158	0x404e00|0x404e20|0x41ecc0|0x42a8d0|0x495280|0x4952f0|0x4c5c80|0x4c5cb0
0x0041f4f0	158	0x46bce0|0x46bd20|0x4c1340|0x4c1520
0x004224d0	158	0x4b6520
0x00485e50	158	0x485c20
0x004b47e0	159	0x532a60|0x532b80
0x004b7330	161	0x4b7480|0x4b7be0|0x4ba1b0
0x005b09c0	161	0x5b1140
0x005ae250	162	0x5ae300|0x5ae330|0x5ae800
0x005bdf40	162	0x5bdff0|0x5be080
0x004b7480	163	0x4b9850|0x4ba1b0|0x4ba210
0x005aa3d0	163	0x5ae0b0|0x5b36b0
0x00421800	164	0x55ac00|0x55ad30|0x55b650|0x57c210
0x0048a780	164	0x48a490|0x48a6f0
0x00412050	165	0x47cdc0|0x47fad0|0x4b3f90
0x00421750	165	0x55ac00|0x55ad30|0x57c210
0x004074a0	167	0x47f290|0x489c60|0x4e6e00
0x00443d10	167	0x4a2c48
0x0045cc80	169	0x40e350|0x45cb20
0x005a9c50	171	0x5aa3d0|0x5ae0b0
0x004926c0	173	0x45d3f0|0x45d430|0x466b50|0x4950b0|0x496930
0x00425ca0	175	0x4c1340|0x4c1520
0x0045e040	176	0x45da60|0x546320|0x5a6710|0x5a79a0|0x5c9220
0x0047cf20	337	0x55ac50|0x55ad30|0x55ade0|0x57c210
0x005a6cb0	176	0x5a6c90|0x5aaa00|0x5ad2e0
0x0047d180	177	0x4c0e50|0x4c45f0|0x4c52f0|0x55ab30|0x55ac00|0x55ade0|0x55dff0|0x57c210|0x57c420
0x005b3020	177	0x5aeda0
0x004b4430	178	0x4c39b0|0x4c45f0
0x00441c80	179	0x40e180|0x46d4a0
0x00459480	179	0x4671a0|0x474e70|0x4c0e50|0x4c45f0|0x4c5010
0x004c4530	179	0x4c4270|0x4c42d0|0x4c4360
0x004014b0	182	0x4c0740|0x4c0c20|0x4e45b0|0x4e4860|0x4e4d90|0x4e5700|0x4e6e00
0x0041ec00	182	0x422a80|0x4b6520|0x4c5930|0x4e6e00|0x53d060|0x53d090
0x00418e70	183	0x4769a0|0x4769f0|0x476a30|0x476d00|0x476df0|0x4a2c48
0x004b9730	185	0x4b7b00|0x4b7df0|0x4b9540|0x4b9600|0x4b9650
0x005a7460	185	0x5a6dc0|0x5a6df0|0x5a6e10
0x00474e70	186	0x4c3ac0
0x00475770	186	0x4a39d4
0x0040ae30	189	0x46bf50|0x46d4a0|0x46d660|0x4c3bf0
0x00465e80	189	0x45e0f0|0x492d10|0x5a66d0|0x5a6d60|0x5a6dc0
0x0042d4a0	190	0x42b8b0|0x42b8c0|0x4671a0|0x4c1c80|0x4c7760
0x00471df0	190	0x471530
0x005b9460	190	0x5b92e0|0x5b9320|0x5bbf30|0x5bbf60|0x5c75c0
0x00451990	191	0x4c4dc0|0x4c52f0
0x0045cb20	191	0x45c4e0|0x45c510|0x45c550|0x45c640|0x45caf0
0x00465f40	191	0x45e0f0|0x492d10|0x5a6d60
0x005aa900	192	0x5aa9c0
0x005bf710	192	0x5aea00|0x5aeea0|0x5c0140|0x5c02c0
0x00483ed0	193	0x4c0740|0x4c0b30|0x4c0c20|0x4c15c0|0x4c1a40|0x4c1b10|0x4c1c10|0x4c1d30|0x4c5a00|0x4c7650|0x4c77c0
0x004cd070	196	0x4d40d0|0x4d7ff0|0x4d8480
0x004b48e0	197	0x4c0740|0x4c0b30|0x4c0c20|0x4c15c0|0x4c1c10|0x4c1d30|0x4c5a00|0x4c7650|0x4c77c0
0x00492370	198	0x402750|0x402a40|0x492270|0x492290|0x4924f0|0x493540|0x493550|0x493560|0x493900|0x4963e0|0x4996f0|0x499ba0|0x499cc0|0x4c5930|0x5c9d00
0x004cd430	198	0x4d40c0|0x4d40d0|0x4d7ff0|0x4d8480|0x4e12b0|0x4e14a0
0x005bcab0	198	0x5bcb80
0x0047a020	199	0x478cb0|0x47b9b0|0x4b6520
0x004cce20	199	0x4cc820
0x005b03e0	199	0x5adf30
0x0043df00	204	0x40e170|0x40e480|0x43d2a0|0x46dc00
0x0047ea60	204	0x4c0e50|0x4c3df0|0x4c51a0|0x55ac00|0x55dff0|0x57c210
0x004491e0	205	0x4840d0|0x4c1340|0x4c1520|0x4c15c0
0x004656e0	206	0x462760|0x463150|0x5a86a0|0x5a8960|0x5a89a0
0x0047f380	206	0x47d330|0x4c0c20|0x4e43b0|0x4e4440|0x4e6920|0x4e7e30|0x559ee0|0x55dec0|0x57c210|0x57c370
0x00448e20	207	0x4c1340|0x4c1520|0x4c15c0
0x005af070	207	0x5aefa0|0x5b0b90
0x0040c5b0	209	0x40be50
0x0046c5f0	210	0x4c3b30
0x004d3db0	210	0x4cc9e0|0x4e1780|0x4e17e0|0x4e1e70
0x0045c030	211	0x4c39b0|0x4c45f0|0x4c51a0
0x00414220	213	0x40e470|0x40e4b0
0x00477f50	213	0x4c3ac0
0x00414490	214	0x40e350|0x46d510|0x4c39b0
0x00420340	217	0x41f360|0x420290|0x540080|0x540100|0x540160
0x004892c0	218	0x474db0|0x476cb0|0x4770c0
0x005554d0	219	0x5c4d30
0x0040b540	221	0x417740
0x00405460	223	0x404fa0|0x4c1480|0x4c1c80
0x00407be0	127	0x426090
0x004c4dc0	225	0x4c4eb0
0x004298e0	226	0x411580|0x430b00
0x0046d570	228	0x4a3384|0x4c39b0
0x00486370	228	0x472650|0x4c5010
0x0047ba20	230	0x4c39b0
0x005b6820	230	0x5b6a40
0x004cc400	231	0x4cbd30|0x4cc4f0|0x4d7ff0|0x4d8480
0x0041a9d0	232	0x41a500|0x4c39b0
0x0047f290	233	0x4c0c20|0x4e43b0|0x4e4440|0x4e6920|0x4e7e30|0x559ee0|0x55dec0|0x57c210|0x57c370
0x005a6b70	233	0x5a6c60|0x5a6c90|0x5ad0b0
0x0040b090	236	0x40ad40|0x40ad90|0x40ae30|0x40aef0|0x4292c0|0x4292d0|0x46d320|0x46d360|0x55dec0
0x00425d50	236	0x425ca0|0x4752f0|0x4c1480
0x0047d240	236	0x4c0e50|0x4c45f0|0x4c4d20|0x55ab30|0x55ac00|0x55ade0|0x55dff0|0x57c210|0x57c420
0x004073b0	237	0x406370|0x47d180|0x4b47e0|0x4c1480
0x00484cf0	237	0x4847d0|0x484ac0
0x0048a4e0	238	0x472650|0x490020|0x4b40f0|0x4b4120|0x4c0ed0|0x4c3d60
0x0044e0a0	239	0x46d4a0|0x480720|0x481750|0x48aa20|0x4b4510|0x4b4550
0x005ac650	240	0x5adf30
0x0044d5e0	241	0x4c18c0|0x547230
0x00412e30	244	0x4a2c48|0x4c3ac0
0x004cc5e0	244	0x4cc050|0x4cc400|0x4d7ff0|0x4d8480
0x0045d0e0	247	0x40e470|0x431b70|0x45cab0|0x45dff0
0x0044c4f0	250	0x4728f0|0x47cdc0|0x47fad0|0x4b3f90
0x00466000	250	0x45e0f0|0x492d10|0x5a6d60|0x5a6dc0
0x005ad320	251	0x5adf30
0x00465ca0	252	0x45e0f0|0x492d10|0x5a66d0|0x5a6d60|0x5a6dc0
0x0047f840	254	0x47f4c0|0x55ad20|0x55bac0|0x55c490|0x55c4a0|0x55c4f0|0x55ddd0|0x55deb0|0x55dec0|0x55fe10|0x55fe30|0x55fe40|0x562600
0x00453100	258	0x4893b0|0x4893d0|0x489450|0x489480|0x489890|0x4a2c48
0x00558b40	258	0x4c3910
0x004b5080	260	0x4c39b0|0x4c45f0|0x4c51a0
0x00448cb0	261	0x4c1340|0x4c1520|0x4c15c0
0x004069d0	264	0x41f030|0x4c39b0|0x4c3ac0
0x005b2080	266	0x5b2190|0x5b2220|0x5b8130
0x004ceba0	271	0x4d7ff0|0x4d8480
0x00414f00	274	0x452160|0x452ea0|0x452eb0|0x46c7b0|0x46d4a0|0x46d570|0x46d6d0|0x4c3ac0
0x00458e00	274	0x42fe30|0x458d00|0x458dd0|0x4c15c0
0x00475c10	274	0x4769f0|0x476a10|0x476d00|0x476df0|0x4a2c48
0x0048f9f0	275	0x4769a0|0x4769d0|0x4769f0|0x476a40|0x476d00|0x476df0|0x4a2c48
0x00498c00	276	0x4a45fb|0x4c2de0|0x4c2e10|0x4c2e40|0x4c2e70|0x4c2ea0|0x4c2ed0|0x4c2f00|0x4c2f30
0x0044bc30	279	0x4c1340|0x4c1520
0x00459290	280	0x40bb30|0x474d60|0x476c10|0x476cb0|0x4770c0|0x4b3bf0|0x4b3d80|0x4c57a0|0x4c5c80
0x0041f3d0	281	0x46bd60|0x46bda0|0x4c1340|0x4c1520
0x004864f0	282	0x472650|0x486370|0x4c51a0
0x004b8340	282	0x4b7570|0x4b7740|0x4b9630|0x4b9bb0|0x4b9ef0
0x00487020	284	0x45bfe0|0x45c350|0x486610|0x4b4b60|0x4b5080
0x004967e0	284	0x45b350|0x495fe0|0x496100|0x496530|0x4972b0|0x497450|0x4b6520
0x004729b0	286	0x4cd070|0x4cd140|0x4cd430|0x5459c0
0x0048f780	287	0x472650
0x005ad420	287	0x4522d0|0x5adbe0|0x5aea00
0x005aa200	290	0x5adbe0|0x5aea00
0x004880a0	295	0x4c0b30|0x4e7e30|0x4e8090|0x534b60
0x005a9ab0	297	0x5a9be0|0x5a9c50|0x5ae800
0x0042f530	299	0x42b8b0|0x42b8c0|0x4671a0|0x4c7760
0x0045c350	303	0x426c00|0x44d5e0|0x452140|0x45c110|0x4c51a0
0x004858c0	305	0x4854e0
0x0045e160	308	0x546380
0x00401da0	309	0x426cf0|0x467210|0x4c1480|0x4c4d20|0x4c5010|0x4c51a0
0x004d5190	310	0x4d7ff0|0x4d8480
0x00412cf0	313	0x4726f0|0x4a2c48|0x4c3ac0
0x00496ec0	320	0x4c0ed0|0x4c4dc0
0x005adc10	321	0x5a61b0|0x5ad770|0x5ad910|0x5ad980|0x5ad9d0|0x5ada40|0x5adfe0|0x5ae010|0x5b3620
0x00491340	323	0x4671a0|0x467210|0x4c39b0
0x004c51a0	323	0x4d7ff0|0x4d8480
0x004011f0	325	0x429300|0x4a2c48|0x4b42c0|0x4c0e50|0x4c1340|0x4c13e0|0x4c1480|0x4c1520|0x4c15c0
0x004cf160	325	0x4a2d30
0x00421160	327	0x421100|0x472650|0x472690|0x4a2c48
0x0044c5f0	328	0x44c490|0x47d180|0x4c1480|0x4c51a0|0x545d30
0x0048f8a0	332	0x41f290|0x472650|0x4769a0|0x4769d0|0x4769f0|0x476d00|0x476df0|0x4a2c48
0x0040d8f0	337	0x41f260|0x41f290|0x426c00|0x46cc10|0x46d2e0|0x46d6a0|0x477b60|0x477be0|0x477e00
0x0048cf90	337	0x472650|0x4a2c48
0x004818d0	339	0x453eb0|0x476860|0x47d080|0x47d100|0x48a4e0|0x57c210
0x004041c0	343	0x417730|0x427e00
0x00498a00	349	0x4a2b60|0x4a2be9
0x004d9ba0	349	0x4d9ba0
0x0046da80	350	0x46c5f0|0x46d880|0x480d60|0x4c3d90|0x538c80
0x0046dc20	351	0x40e350
0x0047fad0	356	0x426060|0x4c0b30|0x4e4380|0x4e69a0|0x4e7e30|0x559c40|0x55b940|0x55bab0|0x55c4a0|0x55c4f0|0x55c810|0x55dec0|0x57c220|0x57c300|0x57c500|0x57c550
0x004b42c0	356	0x4c0ed0|0x4c1480|0x4c39b0|0x4c45f0|0x4c4600|0x4c4dc0
0x00441820	357	0x409790|0x4098a0|0x426cc0|0x426d00|0x4c3df0|0x4c4d20
0x0048ae00	357	0x40bb30|0x42a5d0|0x4770c0|0x4b3f90|0x4b52f0|0x4b6480|0x4c0b30|0x4c1040|0x4e69a0|0x4e6e00|0x4e7e30|0x5449f0|0x544a70|0x544ad0|0x544bf0
0x0047fe00	368	0x4c0b30|0x4e4380|0x4e69a0|0x4e7e30|0x559c40|0x55b940|0x55c4a0|0x55c4f0|0x55c540|0x55dec0|0x57c220|0x57c300|0x57c500|0x57c550
0x0047bb10	370	0x477e60|0x477f00|0x47ba20
0x004775b0	372	0x42a5d0|0x4773f0|0x4b3f90|0x4b4150|0x4c0b30|0x4e69a0|0x4e7e30|0x5493d0
0x004cf2b0	378	0x4c4670|0x4c57a0|0x4cbd30|0x4cc5e0|0x4d7ff0|0x4d8480
0x0041f590	384	0x426dc0|0x4c0ed0
0x004288a0	386	0x427e00|0x4282a0|0x428760
0x0047ff70	386	0x4c0b30|0x4e4380|0x4e69a0|0x4e7e30|0x559c40|0x55b940|0x55c4a0|0x55c4f0|0x55dec0|0x562fd0|0x57c220|0x57c300|0x57c500|0x57c550
0x00442440	391	0x40dc90|0x46d4a0|0x4c4d20|0x4c51a0
0x004cefd0	395	0x4d7ff0|0x4d8480
0x00414300	398	0x46d510|0x4c3b30
0x004809e0	398	0x426c00|0x46d4a0|0x4c0e50|0x4c3df0|0x4c45f0|0x55ac00|0x55ae70|0x55dff0|0x57c210
0x0041aac0	403	0x41a550|0x4c39b0
0x00441990	407	0x441760|0x4c1c10|0x4c3ac0|0x4c3b30
0x0048b7c0	407	0x4769f0|0x476a10|0x476d00|0x476df0|0x4a2c48|0x4c4d20|0x4c5010|0x4c51a0
0x0040aef0	409	0x46d4a0|0x4c4d20|0x4c51a0
0x004704c0	427	0x41eda0|0x46baa0|0x46d400|0x46f6c0|0x47ea60|0x4c4d20|0x4c51a0
0x00484ac0	427	0x484a50|0x4a2c48|0x4a3090
0x005a71f0	428	0x4522d0|0x5a6b70|0x5a6cb0|0x5a6df0|0x5ad6a0|0x5aea00
0x00493710	430	0x45b350|0x493600|0x493640|0x4951e0|0x4951f0|0x495270|0x4963e0|0x4a2cbd|0x4c2ed0|0x4c2f00|0x4c2fb0|0x4c3040|0x4c30b0|0x4c3270|0x4c32b0|0x4c5c80|0x4c9eb0|0x4c9f50|0x4c9f60|0x4cbc60|0x4cbc70|0x4cbc80|0x4cbc90|0x550350|0x550390|0x5584c0|0x5c9d00
0x004b53b0	431	0x4b4550|0x4c3b30
0x0047fc40	435	0x4c0b30|0x4e4380|0x4e69a0|0x4e7e30|0x559c40|0x55b940|0x55bab0|0x55c4a0|0x55c4f0|0x55c810|0x55dec0|0x57c220|0x57c300|0x57c500|0x57c550
0x0045e2a0	440	0x546380
0x004da270	442	0x4d9ee0|0x4da270
0x00414a70	447	0x408a50|0x40e370|0x40e470|0x414300|0x426bb0|0x46d4a0|0x46d510|0x46d6d0|0x4c3ac0
0x0048fb10	456	0x41f290|0x472650|0x4769a0|0x4769d0|0x4769f0|0x476a40|0x476d00|0x476df0|0x4a2c48
0x0048a850	457	0x472650|0x4a2c48|0x4c39b0
0x0041faf0	458	0x4769f0|0x476a10|0x476d00|0x4a2c48|0x4c0ed0|0x4c45f0|0x4c4d20|0x4c5010|0x4c52f0
0x004c6580	464	0x4a3440|0x4cdca0|0x4cdd00|0x4cdd60|0x4d9050|0x4d9530|0x4da4f0|0x4daa40|0x4daaf0
0x004cecb0	468	0x4d7ff0|0x4d8480
0x004d4bf0	474	0x4d4bf0
0x004d9d00	476	0x4d9d00|0x4d9ee0
0x004715a0	477	0x47ce40
0x004783f0	491	0x409300|0x409330|0x4a3384|0x4c39b0|0x4c3b30
0x00480b70	493	0x46c7b0|0x46d4a0|0x4c3df0|0x55ac00|0x55ad30|0x55b650|0x57c210
0x00489a40	494	0x4893d0|0x489450|0x489480|0x489890|0x4a2c48
0x004093b0	496	0x409330|0x426cc0|0x4a3384|0x4c39b0
0x004850e0	501	0x485460|0x4858c0|0x485a00|0x485a70|0x485bd0|0x4c0b30|0x4c0c20|0x4c15c0|0x4e5fc0|0x4e7e30
0x004d4f90	508	0x4d3e90|0x4d5190|0x4d7ff0|0x4d8480
0x0045a190	515	0x459480|0x4671d0|0x4769a0|0x4769d0|0x4769f0|0x476d00|0x476df0|0x4b5580|0x4e66d0
0x00406160	522	0x4173a0|0x453eb0|0x45bfe0|0x45c350|0x45dce0|0x4661a0|0x476860|0x489a40|0x4b4d10|0x4c0ed0|0x4c1340
0x0047f4c0	523	0x55af40|0x55dc70|0x55dec0|0x562520|0x562580|0x5625e0|0x57c4b0
0x004c5470	525	0x4c3ac0|0x4c4eb0|0x4c5680
0x00403fa0	529	0x427e00
0x004197e0	530	0x40e370|0x418aa0|0x41f030|0x4671a0|0x558b40
0x00442a60	531	0x408ad0|0x40e180|0x40e370|0x46c7b0|0x46cbb0|0x46d4a0|0x4c3ac0
0x00477be0	535	0x4c3ac0
0x00479100	551	0x4b4cd0|0x559040
0x00481e00	553	0x55c000|0x57ca30
0x005b0740	558	0x5aaa00|0x5ac980|0x5ac9e0|0x5af860|0x5b0740|0x5b0a90|0x5b0b10
0x00480100	562	0x47d080|0x47d100|0x487280|0x4c0e50|0x4c45f0|0x55ab30|0x55ac00|0x55ade0|0x55bd80|0x55dff0|0x57c210|0x57c420
0x004414b0	581	0x4c1c80|0x4c4d20|0x4c51a0
0x005b04b0	584	0x5a9ff0|0x5ac980|0x5ade90|0x5b0700|0x5b0740|0x5b0a90|0x5b0b40
0x00420e00	594	0x41ede0|0x41ee50|0x41f1c0|0x41f1e0|0x46be50|0x48f590|0x490020|0x4a2c48
0x0045a950	594	0x407a40|0x40e180|0x46bf50|0x46cb30|0x472650|0x4c0ed0
0x00401fe0	600	0x4e7fa0|0x4e8030|0x4e8640|0x4e8910|0x4e8940|0x4e8a10|0x4e8c70
0x005a6340	604	0x5a9e10|0x5aee20
0x00412620	606	0x412130|0x41f300|0x459400|0x4671a0|0x474e70|0x47ce00|0x4b42c0|0x4c1340|0x4c13e0
0x005acaa0	610	0x5acd60|0x5ae0c0|0x5aeca0
0x00491f00	611	0x487e20|0x487e30|0x491e50|0x4c1b40|0x4c3ac0
0x005bc190	611	0x4a2d30
0x0041a5d0	617	0x4a2c48|0x4c1480|0x4c1520
0x00413cb0	622	0x413bc0|0x4671a0|0x467210|0x46d4a0|0x4769a0|0x4769d0|0x4769f0|0x476a30|0x476a40|0x476d00|0x476df0|0x4a2c48|0x4a2d30|0x4c3ac0
0x00411870	623	0x426c00|0x42f6a0|0x46d4a0|0x482860|0x4829d0|0x483a30|0x4987b0
0x00442e00	627	0x441760|0x472650|0x4c3ac0|0x4c3b30
0x004847d0	628	0x443090|0x467210|0x4c39b0
0x0047d3c0	638	0x426c00|0x47d240|0x4826d0|0x482730|0x4c0b30|0x4e7e30|0x559c40|0x55ae70|0x55b940|0x55bab0|0x55c4a0|0x55c4f0|0x55c810|0x55dec0|0x57c220|0x57c300|0x57c500|0x57c550
0x00429310	644	0x408ad0|0x40dc70|0x40dcb0|0x40e350|0x40e360|0x411350|0x411580|0x4115c0|0x411870|0x42b8c0|0x42f6a0|0x430b00|0x4987b0
0x00459000	655	0x4576b0|0x458a40|0x458d00|0x458dd0|0x4769a0|0x4769d0|0x4769f0|0x476a30|0x476d00|0x476df0|0x484cf0
0x005b3760	668	0x5ac5f0|0x5ac980|0x5b3760
0x00426810	672	0x4924c0|0x4a2c48|0x4c1b10|0x4c39b0|0x4c3dc0|0x4c4d20
0x004212b0	685	0x40e370|0x41f290|0x421160|0x46cb30|0x472650|0x474de0|0x4769a0|0x4769d0|0x4769f0|0x476a30|0x476d00|0x476df0|0x4a2c48|0x4c3ac0
0x00476df0	687	0x535700|0x535910
0x005a6f30	690	0x5a6d60|0x5a6dc0|0x5a6df0|0x5a6e10|0x5a7460|0x5acda0
0x0045d7a0	702	0x4417e0|0x467210|0x472820|0x4728a0|0x4c3ac0
0x00480720	703	0x46d4a0|0x4a2cbd|0x4c0e50|0x4c3ac0|0x4c3df0|0x4c45f0|0x55ac00|0x55ad30|0x55ae70|0x55dff0|0x57c210
0x004709a0	705	0x40e340|0x40e350|0x467300|0x469aa0|0x469df0|0x46e9e0|0x46ef70|0x46f6c0|0x4a2c48
0x0041e1e0	719	0x40e350|0x411580|0x4115c0|0x41e150|0x41e170|0x41e1c0|0x429a70|0x429a80|0x429a90
0x004022a0	744	0x4e7fa0|0x4e8030|0x4e8640|0x4e8910|0x4e8940|0x4e8a10|0x4e8c70
0x00467350	767	0x40e350|0x4c39b0
0x004c32b0	789	0x45b350|0x4c7a60|0x4cc7e0|0x4cce20|0x4ccf20|0x4d7c60|0x4d7ca0|0x4d7de0|0x4d8560|0x4d8570
0x005a7b60	770	0x4522d0|0x4cbd30|0x4cc050|0x5a79a0|0x5a7b40|0x5a7b50|0x5a7ee0|0x5ab380|0x5ab410|0x5abcf0|0x5abfa0|0x5ade10|0x5aea00|0x5aea10|0x5aea40|0x5aec00
0x0042e8b0	801	0x42e590|0x472c60|0x474890|0x4a2c48
0x004770c0	801	0x474db0|0x476ae0|0x476b30|0x476b90|0x476be0|0x476c10|0x476c60|0x4b6520|0x4c0b30|0x4e7e30|0x4e8090|0x534b60
0x00485ef0	808	0x474de0|0x485c20|0x4893b0|0x4893d0|0x489450|0x489480|0x4894a0|0x4894f0|0x489890|0x4a2c48
0x00475f90	814	0x475f30|0x475f50|0x4769a0|0x4769d0|0x4769f0|0x476a30|0x476d00|0x4a2c48|0x4c39b0
0x00424b80	815	0x40b6d0|0x40e340|0x42f500|0x4987b0
0x00401690	820	0x4b3f90|0x4c3ac0
0x00478cf0	827	0x4850b0|0x4853f0|0x4987b0|0x4b3fc0|0x4b4270|0x4c5930|0x4e45b0|0x4e4800|0x4e4860|0x4e5700|0x4e6e00|0x546320|0x558d30|0x562560
0x00471780	831	0x4752f0|0x47d130|0x47d150|0x47d180|0x4b47e0|0x4c3ac0|0x4c3d60|0x4c4dc0|0x55ac00|0x55ac50|0x55ad30|0x55b650|0x55c4a0|0x57c210
0x0046c7d0	852	0x408a50|0x4093b0|0x40e350|0x4a2c48|0x4a3384|0x4c39b0|0x4c4d20
0x00481a30	861	0x4260c0|0x4671a0|0x467210|0x4726f0|0x4818d0|0x484cf0|0x487280|0x487d00|0x487d60|0x4a2c48|0x4a3384|0x4c0ed0|0x4c1b40|0x4e6100|0x57c210
0x00490020	864	0x40bb50|0x41f290|0x42fab0|0x472650|0x472690|0x4e8090
0x0040c690	874	0x41f100|0x426c00|0x46d6a0|0x472650|0x48cf90|0x4c3d90
0x00488e70	888	0x4671a0|0x488320|0x4883b0|0x4c39b0|0x4c3d90|0x535700|0x535910
0x00422570	890	0x472500|0x477e60|0x477f50|0x4a2c48|0x4a3440|0x4b4ad0|0x4c3d90
