"target","block","refType","isCall","from","fromFunction"
"0x00402a24",".text","DATA","false","0x004027aa","FUN_00402750"
"0x00402a2b",".text","DATA","false","0x004027a3","FUN_00402750"
"0x00407670",".text","DATA","false","0x00481c7d","FUN_00481a30"
"0x00407a90",".text","DATA","false","0x004086fb","FUN_00408610"
"0x0040925c",".text","DATA","false","0x00408dbc","FUN_00408b00"
"0x0040926c",".text","DATA","false","0x00408f12","FUN_00408b00"
"0x0040927c",".text","DATA","false","0x004090b2","FUN_00408b00"
"0x00409888",".text","DATA","false","0x004097aa","FUN_00409790"
"0x0040ab9c",".text","DATA","false","0x0040ab4b","FUN_0040ab40"
"0x0040acb8",".text","DATA","false","0x0040ac8b","FUN_0040ac80"
"0x0040ad04",".text","DATA","false","0x0040acdb","FUN_0040acd0"
"0x0040b784",".text","DATA","false","0x0040b732","FUN_0040b700"
"0x0040b7f4",".text","DATA","false","0x0040b7b9","FUN_0040b7b0"
"0x0040bb10",".text","DATA","false","0x0040cde0","FUN_0040cda0"
"0x0040c58c",".text","DATA","false","0x0040be93","FUN_0040be50"
"0x0040db64",".text","DATA","false","0x0040db03","FUN_0040da50"
"0x0040db6c",".text","DATA","false","0x0040dafc","FUN_0040da50"
"0x0040dc4c",".text","DATA","false","0x0040dbe9","FUN_0040dbd0"
"0x0040dc5a",".text","DATA","false","0x0040dbe2","FUN_0040dbd0"
"0x0040df98",".text","DATA","false","0x0040df8b","FUN_0040df60"
"0x0040e0f4",".text","DATA","false","0x0040dff1","FUN_0040dfc0"
"0x0040e102",".text","DATA","false","0x0040dfea","FUN_0040dfc0"
"0x0040e110",".text","DATA","false","0x0040e021","FUN_0040dfc0"
"0x0040e12c",".text","DATA","false","0x0040e06a","FUN_0040dfc0"
"0x0040e13e",".text","DATA","false","0x0040e063","FUN_0040dfc0"
"0x0040e14c",".text","DATA","false","0x0040e097","FUN_0040dfc0"
"0x0040e430",".text","DATA","false","0x0040e3a9","FUN_0040e3a0"
"0x0040eecc",".text","DATA","false","0x0040e64e","FUN_0040e590"
"0x0040fe70",".text","DATA","false","0x0040fd59","FUN_0040fc00"
"0x0040fe82",".text","DATA","false","0x0040fd52","FUN_0040fc00"
"0x0040fe90",".text","DATA","false","0x0040fd86","FUN_0040fc00"
"0x004100ec",".text","DATA","false","0x0041001d","FUN_004111c0"
"0x004100fa",".text","DATA","false","0x00410016","FUN_004111c0"
"0x00410108",".text","DATA","false","0x00410052","FUN_004111c0"
"0x004102b8",".text","DATA","false","0x004101d9","FUN_004111c0"
"0x004102c6",".text","DATA","false","0x004101d2","FUN_004111c0"
"0x004102d4",".text","DATA","false","0x004101ff","FUN_004111c0"
"0x00410844",".text","DATA","false","0x0041060f","FUN_00410510"
"0x0041114c",".text","DATA","false","0x00410d38","FUN_00410d10"
"0x00411324",".text","DATA","false","0x0041124a","FUN_004111c0"
"0x0041216c",".text","DATA","false","0x0041214e","FUN_00412130"
"0x0041582c",".text","DATA","false","0x004152ca","FUN_00415220"
"0x00418848",".text","DATA","false","0x00418717","FUN_00418560"
"0x00418cd0",".text","DATA","false","0x00419e7d","FUN_00419a00"
"0x00419fbc",".text","DATA","false","0x00419a13","FUN_00419a00"
"0x0041c920",".text","DATA","false","0x0041c50d","FUN_0041c410"
"0x0041cadc",".text","DATA","false","0x0041ca42","FUN_0041c9a0"
"0x0041d370",".text","DATA","false","0x0041ce65","FUN_0041ce00"
"0x0041ed70",".text","DATA","false","0x0041ed33","FUN_0041ecc0"
"0x0041f38c",".text","DATA","false","0x0041f37c","FUN_0041f360"
"0x0041f390",".text","DATA","false","0x0041f375","FUN_0041f360"
"0x0041ff90",".text","DATA","false","0x0041fe62","FUN_0041fe10"
"0x0041ff94",".text","DATA","false","0x0041fe5b","FUN_0041fe10"
"0x00420c3c",".text","DATA","false","0x00420a33","FUN_00420870"
"0x004222f0",".text","DATA","false","0x004223d4","FUN_004223b0"
"0x00423aec",".text","DATA","false","0x0042367f","FUN_00423670"
"0x00424874",".text","DATA","false","0x00424284","FUN_00424270"
"0x004273a4",".text","DATA","false","0x0042730d","FUN_004270f0"
"0x0042755c",".text","DATA","false","0x004274eb","FUN_004274e0"
"0x00429274",".text","DATA","false","0x0042924b","FUN_00429240"
"0x0042a44c",".text","DATA","false","0x0042a044","FUN_00429e10"
"0x0042a518",".text","DATA","false","0x0042a47a","FUN_0042a470"
"0x0042d250",".text","DATA","false","0x0042ca21","FUN_0042c960"
"0x0042d26c",".text","DATA","false","0x0042d061","FUN_0042c960"
"0x0042ef10",".text","DATA","false","0x0042ee51","FUN_0042ee40"
"0x0042efd4",".text","DATA","false","0x0042ef58","FUN_0042ef40"
"0x0042eff8",".text","DATA","false","0x0042ef82","FUN_0042ef40"
"0x0042f00c",".text","DATA","false","0x0042ef7b","FUN_0042ef40"
"0x0042f084",".text","DATA","false","0x0042f028","FUN_0042f020"
"0x0042f3e4",".text","DATA","false","0x0042f261","FUN_0042f0c0"
"0x0042f724",".text","DATA","false","0x0042f6ba","FUN_0042f6b0"
"0x0042fb48",".text","DATA","false","0x0042fabd","FUN_0042fab0"
"0x004308e4",".text","DATA","false","0x00430841","FUN_00430830"
"0x0043099c",".text","DATA","false","0x00430924","FUN_00430910"
"0x004309a1",".text","DATA","false","0x0043091d","FUN_00430910"
"0x004309e8",".text","DATA","false","0x004309bd","FUN_004309b0"
"0x00430a3c",".text","DATA","false","0x00430a1d","FUN_00430a10"
"0x00430a80",".text","DATA","false","0x00430a6d","FUN_00430a60"
"0x00430ad0",".text","DATA","false","0x00430abd","FUN_00430ab0"
"0x00432014",".text","DATA","false","0x00431f4c","FUN_00431f30"
"0x00432058",".text","DATA","false","0x00431f45","FUN_00431f30"
"0x00432a8c",".text","DATA","false","0x0043283a","FUN_00432800"
"0x00432aaf",".text","DATA","false","0x00432833","FUN_00432800"
"0x00433060",".text","DATA","false","0x00432b9c","FUN_00432b30"
"0x00433088",".text","DATA","false","0x00432be9","FUN_00432b30"
"0x004330b0",".text","DATA","false","0x00432cb1","FUN_00432b30"
"0x004330d8",".text","DATA","false","0x00432d10","FUN_00432b30"
"0x00433100",".text","DATA","false","0x00432da2","FUN_00432b30"
"0x00433128",".text","DATA","false","0x00432e29","FUN_00432b30"
"0x00433150",".text","DATA","false","0x00432ebc","FUN_00432b30"
"0x00433178",".text","DATA","false","0x00432f86","FUN_00432b30"
"0x00434328",".text","DATA","false","0x004341c7","FUN_00433f40"
"0x004367d8",".text","DATA","false","0x004347da","FUN_00434720"
"0x004367f0",".text","DATA","false","0x00435013","FUN_00434720"
"0x00439190",".text","DATA","false","0x00436a9b","FUN_004368e0"
"0x0043919e",".text","DATA","false","0x00436a94","FUN_004368e0"
"0x0043dec4",".text","DATA","false","0x0043d9fa","FUN_0043d7c0"
"0x00440aac",".text","DATA","false","0x0043e8de","FUN_0043dfd0"
"0x00440ad0",".text","DATA","false","0x0043f78b","FUN_0043dfd0"
"0x00440af8",".text","DATA","false","0x0043f784","FUN_0043dfd0"
"0x00440b10",".text","DATA","false","0x0043ff5d","FUN_0043dfd0"
"0x00440b40",".text","DATA","false","0x0043ff56","FUN_0043dfd0"
"0x00440b64",".text","DATA","false","0x0044049a","FUN_0043dfd0"
"0x00440b94",".text","DATA","false","0x00440493","FUN_0043dfd0"
"0x00440bc0",".text","DATA","false","0x00426422","FUN_00426340"
"0x00440bc0",".text","DATA","false","0x0047a135","FUN_0047a130"
"0x00440bc0",".text","DATA","false","0x0047a0ce","FUN_0047a020"
"0x00440bc0",".text","DATA","false","0x0045bb6e","FUN_0045bae0"
"0x00440bc0",".text","DATA","false","0x0047a114","FUN_0047a0f0"
"0x00442760",".text","DATA","false","0x0044262f","FUN_00442600"
"0x00442792",".text","DATA","false","0x00442628","FUN_00442600"
"0x00445a84",".text","DATA","false","0x0044501c","FUN_00444ff0"
"0x0044ba30",".text","DATA","false","0x0044bc12","FUN_0044bbc0"
"0x0044c380",".text","DATA","false","0x0044c4da","FUN_0044c490"
"0x00453290",".text","DATA","false","0x00453326","FUN_004532f0"
"0x00453c60",".text","DATA","false","0x00453fb3","FUN_0045bba0"
"0x00454320",".text","DATA","false","0x00454598","FUN_00454350"
"0x00456878",".text","DATA","false","0x004567f7","FUN_00456760"
"0x00457010",".text","DATA","false","0x004570dd","FUN_004570a0"
"0x00457e10",".text","DATA","false","0x0045817e","FUN_00458080"
"0x00458744",".text","DATA","false","0x00458640","FUN_00458630"
"0x00458920",".text","DATA","false","0x0045925c","FUN_00459000"
"0x0045a420",".text","DATA","false","0x0045a572","FUN_0045a530"
"0x0045c7cc",".text","DATA","false","0x0045c738","FUN_0045c720"
"0x0045c9f4",".text","DATA","false","0x0045c893","FUN_0045c880"
"0x0045ca09",".text","DATA","false","0x0045c88c","FUN_0045c880"
"0x0045cf64",".text","DATA","false","0x0045cd6a","FUN_0045cd30"
"0x0045cf7c",".text","DATA","false","0x0045cd82","FUN_0045cd30"
"0x0045cf94",".text","DATA","false","0x0045cda1","FUN_0045cd30"
"0x0045cfac",".text","DATA","false","0x0045cdb9","FUN_0045cd30"
"0x0045cfc4",".text","DATA","false","0x0045cdd1","FUN_0045cd30"
"0x0045dbcc",".text","DATA","false","0x0045db59","FUN_0045db50"
"0x00462374",".text","DATA","false","0x00461ea4","FUN_00461e90"
"0x004623ac",".text","DATA","false","0x00461e9d","FUN_00461e90"
"0x0046257c",".text","DATA","false","0x0046252a","FUN_00462520"
"0x00462740",".text","DATA","false","0x004625f8","FUN_004625b0"
"0x004627d4",".text","DATA","false","0x004627c2","FUN_004627b0"
"0x004627db",".text","DATA","false","0x004627bb","FUN_004627b0"
"0x00463134",".text","DATA","false","0x00462f93","FUN_00462f50"
"0x00463c34",".text","DATA","false","0x00463689","FUN_00463640"
"0x00463c64",".text","DATA","false","0x004637c7","FUN_00463640"
"0x00464a0c",".text","DATA","false","0x00464910","FUN_004648b0"
"0x00464a30",".text","DATA","false","0x0046496c","FUN_004648b0"
"0x00465928",".text","DATA","false","0x004657f6","FUN_004657b0"
"0x00466f88",".text","DATA","false","0x00466bad","FUN_00466b50"
"0x00466fa8",".text","DATA","false","0x00466d50","FUN_00466b50"
"0x00466fe0",".text","DATA","false","0x00466d49","FUN_00466b50"
"0x00468b80",".text","DATA","false","0x0046db93","FUN_0046da80"
"0x00468b80",".text","DATA","false","0x0046f7e8","FUN_0046f6c0"
"0x0046bf2c",".text","DATA","false","0x0046be79","FUN_0046be50"
"0x0046d3a0",".text","DATA","false","0x0046d447","FUN_0046d400"
"0x00472150",".text","DATA","false","0x004721c8","FUN_004721b0"
"0x004721e0",".text","DATA","false","0x004722f4","FUN_004722e0"
"0x004721e0",".text","DATA","false","0x004722e7","FUN_004722e0"
"0x00472330",".text","DATA","false","0x004723a7","FUN_00472380"
"0x00472360",".text","DATA","false","0x0047239d","FUN_00472380"
"0x00474d18",".text","DATA","false","0x00474919","FUN_00474890"
"0x00474d30",".text","DATA","false","0x00474d6d","FUN_00474d60"
"0x00474f50",".text","DATA","false","0x00475022","FUN_00475010"
"0x00474f90",".text","DATA","false","0x00474fba","FUN_00474fb0"
"0x0047f7d0",".text","DATA","false","0x0047f8f7","FUN_0047f840"
"0x00481720",".text","DATA","false","0x00480d9f","FUN_00480d60"
"0x004820d0",".text","DATA","false","0x0048207c","FUN_00482030"
"0x004827a0",".text","DATA","false","0x0047f460","FUN_0047f450"
"0x004827a0",".text","DATA","false","0x0048282f","FUN_00482820"
"0x004827c0",".text","DATA","false","0x0048283b","FUN_00482820"
"0x00482800",".text","DATA","false","0x00482847","FUN_00482820"
"0x004842d0",".text","DATA","false","0x00484316","FUN_00484310"
"0x00484360",".text","DATA","false","0x004844b3","FUN_004844a0"
"0x00484778",".text","DATA","false","0x004845dd","FUN_00484580"
"0x004847a9",".text","DATA","false","0x004845d6","FUN_00484580"
"0x00486630",".text","DATA","false","0x00486dd3","FUN_00486830"
"0x00487180",".text","DATA","false","0x00487570","FUN_00487280"
"0x00488060",".text","DATA","false","0x00487ec6","FUN_00487e70"
"0x0048cf50",".text","DATA","false","0x0048cefc","FUN_0048cee0"
"0x0048cf5b",".text","DATA","false","0x0048cef5","FUN_0048cee0"
"0x0048fe30",".text","DATA","false","0x0048fe8c","FUN_0048fe70"
"0x0048fed0",".text","DATA","false","0x0048ff84","FUN_0048ff20"
"0x0048fee0",".text","DATA","false","0x0048ff01","FUN_0048fef0"
"0x004929b4",".text","DATA","false","0x004928d5","FUN_004927c0"
"0x00492ce8",".text","DATA","false","0x004929e8","FUN_004929d0"
"0x00492e3c",".text","DATA","false","0x00492d52","FUN_00492d30"
"0x00493368",".text","DATA","false","0x00492f81","FUN_00492e90"
"0x004936f0",".text","DATA","false","0x0049388e","FUN_00493710"
"0x00493700",".text","DATA","false","0x004938a2","FUN_00493710"
"0x00493ac0",".text","DATA","false","0x00493b94","FUN_00493b50"
"0x00493ac0",".text","DATA","false","0x00493b8f","FUN_00493b50"
"0x00493b40",".text","DATA","false","0x00493b94","FUN_00493b50"
"0x00493b40",".text","DATA","false","0x00493b88","FUN_00493b50"
"0x004951c8",".text","DATA","false","0x0049517d","FUN_00495150"
"0x00495ee0",".text","DATA","false","0x0049605c","FUN_00496040"
"0x00496d10",".text","DATA","false","0x00496d32","FUN_00496d20"
"0x00496d10",".text","DATA","false","0x00496d47","FUN_00496d20"
"0x00496e00",".text","DATA","false","0x00496e6b","FUN_00496e40"
"0x00496e20",".text","DATA","false","0x00496ea4","FUN_00496e40"
"0x00497438",".text","DATA","false","0x0049735b","FUN_00497310"
"0x004976a0",".text","DATA","false","0x00497b2c","FUN_00497b10"
"0x00497fd0",".text","DATA","false","0x00498304","FUN_004982a0"
"0x00498360",".text","DATA","false","0x0049877a","FUN_00498510"
"0x004991f0",".text","DATA","false","0x0049952f","FUN_00499400"
"0x004a23d0",".text","DATA","false","0x004a2480","FUN_004a2460"
"0x004a3ce9",".text","DATA","false","0x004a3ea4","FUN_004a3e8d"
"0x004a3fb0",".text","DATA","false","0x004a3fdc","__local_unwind2"
"0x004a3fb0",".text","DATA","false","0x004a4043","__abnormal_termination"
"0x004a57c4",".text","DATA","false","0x004a50c9","FUN_004a504f"
"0x004a5a0c",".text","DATA","false","0x004a2c01","FUN_004a2bf7"
"0x004a5a57",".text","DATA","false","0x004a2c1f","FUN_004a2bf7"
"0x004a78f4",".text","DATA","false","0x004a3229","FUN_004a31f3"
"0x004ab054",".text","DATA","false","0x004ab03d","_memcpy"
"0x004ab0d0",".text","DATA","false","0x004ab04c","_memcpy"
"0x004ab13c",".text","DATA","false","0x004ab082","_memcpy"
"0x004ab13c",".text","DATA","false","0x004ab0c6","_memcpy"
"0x004ab13c",".text","DATA","false","0x004ab0a8","_memcpy"
"0x004ab13c",".text","DATA","false","0x004ab025","_memcpy"
"0x004ab13c",".text","DATA","false","0x004ab133","_memcpy"
"0x004ab1e0",".text","DATA","false","0x004ab1d1","_memcpy"
"0x004ab288",".text","DATA","false","0x004ab1b6","_memcpy"
"0x004ab2d8",".text","DATA","false","0x004ab206","_memcpy"
"0x004ab2d8",".text","DATA","false","0x004ab1ab","_memcpy"
"0x004ab2d8",".text","DATA","false","0x004ab2cf","_memcpy"
"0x004ab2d8",".text","DATA","false","0x004ab262","_memcpy"
"0x004ab2d8",".text","DATA","false","0x004ab230","_memcpy"
"0x004ab2d8",".text","DATA","false","0x004ab1d8","_memcpy"
"0x004ac660",".text","DATA","false","0x004a5984","__SEH_prolog"
"0x004ac660",".text","DATA","false","0x0057492a","FUN_00574920"
"0x004ac660",".text","DATA","false","0x005749ba","FUN_005749b0"
"0x004acd64",".text","DATA","false","0x004acd4d","_memmove"
"0x004acde0",".text","DATA","false","0x004acd5c","_memmove"
"0x004ace4c",".text","DATA","false","0x004acd92","_memmove"
"0x004ace4c",".text","DATA","false","0x004acdb8","_memmove"
"0x004ace4c",".text","DATA","false","0x004acd35","_memmove"
"0x004ace4c",".text","DATA","false","0x004ace43","_memmove"
"0x004ace4c",".text","DATA","false","0x004acdd6","_memmove"
"0x004acef0",".text","DATA","false","0x004acee1","_memmove"
"0x004acf98",".text","DATA","false","0x004acec6","_memmove"
"0x004acfe8",".text","DATA","false","0x004acf16","_memmove"
"0x004acfe8",".text","DATA","false","0x004acebb","_memmove"
"0x004acfe8",".text","DATA","false","0x004acfdf","_memmove"
"0x004acfe8",".text","DATA","false","0x004acf72","_memmove"
"0x004acfe8",".text","DATA","false","0x004acf40","_memmove"
"0x004acfe8",".text","DATA","false","0x004acee8","_memmove"
"0x004b3f20",".text","DATA","false","0x004b4256","FUN_004b4230"
"0x004b3f20",".text","DATA","false","0x004b42a6","FUN_004b4280"
"0x004b3f20",".text","DATA","false","0x004b41d6","FUN_004b41b0"
"0x004b3f20",".text","DATA","false","0x004b4216","FUN_004b41f0"
"0x004b3f20",".text","DATA","false","0x004b4028","FUN_004b4010"
"0x004b3f20",".text","DATA","false","0x004b3fd8","FUN_004b3fc0"
"0x004b3f20",".text","DATA","false","0x004b3f68","FUN_004b3f50"
"0x004b4070",".text","DATA","false","0x004b3fa4","FUN_004b3f90"
"0x004b4070",".text","DATA","false","0x004b410b","FUN_004b40f0"
"0x004b4070",".text","DATA","false","0x004b40a1","FUN_004b4080"
"0x004b49b0",".text","DATA","false","0x004b4aa0","FUN_004b4a80"
"0x004b4bb0",".text","DATA","false","0x004b4ca0","FUN_004b4c80"
"0x004b4d60",".text","DATA","false","0x004b4e4a","FUN_004b4e20"
"0x004b4eb0",".text","DATA","false","0x004b5058","FUN_004b5030"
"0x004b5300",".text","DATA","false","0x004b5338","FUN_004b5320"
"0x004b5560",".text","DATA","false","0x004b5589","FUN_004b5580"
"0x004b6630",".text","DATA","false","0x004b666e","FUN_004b6640"
"0x004b6ba0",".text","DATA","false","0x004b669f","FUN_004b6640"
"0x004b6c00",".text","DATA","false","0x004b667c","FUN_004b6640"
"0x004b6cd0",".text","DATA","false","0x004b668a","FUN_004b6640"
"0x004b6ed0",".text","DATA","false","0x004b6698","FUN_004b6640"
"0x004b6f60",".text","DATA","false","0x004b6683","FUN_004b6640"
"0x004b6f90",".text","DATA","false","0x004b6691","FUN_004b6640"
"0x004b73e0",".text","DATA","false","0x004b735f","FUN_004b7330"
"0x004b79a0",".text","DATA","false","0x004b7982","FUN_004b7960"
"0x004b7a20",".text","DATA","false","0x004b79e7","FUN_004b79c0"
"0x004b7d08",".text","DATA","false","0x004b7cda","FUN_004b7cc0"
"0x004b92b8",".text","DATA","false","0x004b887f","FUN_004b87e0"
"0x004b9b40",".text","DATA","false","0x004b9b0b","FUN_004b9b00"
"0x004ba898",".text","DATA","false","0x004ba84b","FUN_004ba840"
"0x004ba93c",".text","DATA","false","0x004ba90b","FUN_004ba900"
"0x004bb070",".text","DATA","false","0x004babb9","FUN_004baba0"
"0x004bb0ad",".text","DATA","false","0x004babb3","FUN_004baba0"
"0x004bb728",".text","DATA","false","0x004bb5b3","FUN_004bb520"
"0x004bb73d",".text","DATA","false","0x004bb5ad","FUN_004bb520"
"0x004bba60",".text","DATA","false","0x004bb882","FUN_004bb7a0"
"0x004bba7e",".text","DATA","false","0x004bb87c","FUN_004bb7a0"
"0x004bbd48",".text","DATA","false","0x004bbca0","FUN_004bbc50"
"0x004bbd60",".text","DATA","false","0x004bbc9a","FUN_004bbc50"
"0x004bc13c",".text","DATA","false","0x004bc0d7","FUN_004bc080"
"0x004bc2cc",".text","DATA","false","0x004bc1aa","FUN_004bc160"
"0x004bc2f7",".text","DATA","false","0x004bc1a4","FUN_004bc160"
"0x004bc470",".text","DATA","false","0x004bc45c","FUN_004bc440"
"0x004bc818",".text","DATA","false","0x004bc806","FUN_004bc7f0"
"0x004bc820",".text","DATA","false","0x004bc800","FUN_004bc7f0"
"0x004bc92c",".text","DATA","false","0x004bc862","FUN_004bc840"
"0x004bc933",".text","DATA","false","0x004bc85c","FUN_004bc840"
"0x004bcea4",".text","DATA","false","0x004bcdc5","FUN_004bcda0"
"0x004bcec4",".text","DATA","false","0x004bcdbf","FUN_004bcda0"
"0x004bd3a4",".text","DATA","false","0x004bd2e8","FUN_004bd2c0"
"0x004bd3b8",".text","DATA","false","0x004bd2e2","FUN_004bd2c0"
"0x004bd714",".text","DATA","false","0x004bd6ba","FUN_004bd6a0"
"0x004bd724",".text","DATA","false","0x004bd6b4","FUN_004bd6a0"
"0x004bdaa4",".text","DATA","false","0x004bda46","FUN_004bda30"
"0x004bdab6",".text","DATA","false","0x004bda40","FUN_004bda30"
"0x004bf660",".text","DATA","false","0x004bf60c","FUN_004bf600"
"0x004bf6b8",".text","DATA","false","0x004bf67c","FUN_004bf670"
"0x004bfdac",".text","DATA","false","0x004bfac5","FUN_004bfa80"
"0x004bfdef",".text","DATA","false","0x004bfabf","FUN_004bfa80"
"0x004bfe20",".text","DATA","false","0x004bfd39","FUN_004bfa80"
"0x004c0560",".text","DATA","false","0x004c0524","FUN_004c0510"
"0x004c07b0",".text","DATA","false","0x004c33dc","FUN_004c32b0"
"0x004c0830",".text","DATA","false","0x004c33d7","FUN_004c32b0"
"0x004c1940",".text","DATA","false","0x004c3420","FUN_004c32b0"
"0x004c1980",".text","DATA","false","0x004c3425","FUN_004c32b0"
"0x004c1de0",".text","DATA","false","0x004c1d6f","FUN_004c1d30"
"0x004c2b80",".text","DATA","false","0x004c1d7d","FUN_004c1d30"
"0x004c2bb0",".text","DATA","false","0x004c1d76","FUN_004c1d30"
"0x004c2d50",".text","DATA","false","0x004c2cc7","FUN_004c2c90"
"0x004c35b0",".text","DATA","false","0x004c32c8","FUN_004c32b0"
"0x004c35d0",".text","DATA","false","0x004c32d2","FUN_004c32b0"
"0x004c3670",".text","DATA","false","0x004c3626","FUN_004c35f0"
"0x004c3670",".text","DATA","false","0x004c3615","FUN_004c35f0"
"0x004c37d0",".text","DATA","false","0x004c3660","FUN_004c35f0"
"0x004c37d0",".text","DATA","false","0x004c365b","FUN_004c35f0"
"0x004c3e20",".text","DATA","false","0x004c3377","FUN_004c32b0"
"0x004c3e90",".text","DATA","false","0x004c337c","FUN_004c32b0"
"0x004c40e0",".text","DATA","false","0x004c40c9","FUN_004c40b0"
"0x004c40e0",".text","DATA","false","0x004c40c4","FUN_004c40b0"
"0x004c4430",".text","DATA","false","0x004c33ba","FUN_004c32b0"
"0x004c4470",".text","DATA","false","0x004c33bf","FUN_004c32b0"
"0x004c5e00",".text","DATA","false","0x004c3489","FUN_004c32b0"
"0x004c5f60",".text","DATA","false","0x004c348e","FUN_004c32b0"
"0x004c78a0",".text","DATA","false","0x004c3461","FUN_004c32b0"
"0x004c78e0",".text","DATA","false","0x004c3466","FUN_004c32b0"
"0x004c856c",".text","DATA","false","0x004c7a86","FUN_004c7a70"
"0x004c85bf",".text","DATA","false","0x004c7b03","FUN_004c7a70"
"0x004c85c8",".text","DATA","false","0x004c7b09","FUN_004c7a70"
"0x004c85db",".text","DATA","false","0x004c7c69","FUN_004c7a70"
"0x004c85e4",".text","DATA","false","0x004c7c6f","FUN_004c7a70"
"0x004c8600",".text","DATA","false","0x004c7cc1","FUN_004c7a70"
"0x004c8603",".text","DATA","false","0x004c7cbb","FUN_004c7a70"
"0x004c861f",".text","DATA","false","0x004c7f14","FUN_004c7a70"
"0x004c8628",".text","DATA","false","0x004c7f1a","FUN_004c7a70"
"0x004c8c4c",".text","DATA","false","0x004c88f8","FUN_004c8800"
"0x004c8c58",".text","DATA","false","0x004c88f2","FUN_004c8800"
"0x004c926c",".text","DATA","false","0x004c911e","FUN_004c90a0"
"0x004c9274",".text","DATA","false","0x004c9118","FUN_004c90a0"
"0x004c9290",".text","DATA","false","0x004c8e95","FUN_004c8e50"
"0x004c9e8c",".text","DATA","false","0x004c9d4e","FUN_004c9cd0"
"0x004c9e98",".text","DATA","false","0x004c9d48","FUN_004c9cd0"
"0x004ca160",".text","DATA","false","0x004c8e75","FUN_004c8e50"
"0x004cab30",".text","DATA","false","0x004c8e85","FUN_004c8e50"
"0x004cac10",".text","DATA","false","0x004c8ea5","FUN_004c8e50"
"0x004cbca0",".text","DATA","false","0x004c33fd","FUN_004c32b0"
"0x004cbd00",".text","DATA","false","0x004c33f8","FUN_004c32b0"
"0x004cbe70",".text","DATA","false","0x004cbd47","FUN_004cbd30"
"0x004cc040",".text","DATA","false","0x004cbe96","FUN_004cbe80"
"0x004cc14c",".text","DATA","false","0x004cc075","FUN_004cc050"
"0x004cc214",".text","DATA","false","0x004cc171","FUN_004cc160"
"0x004cc3e8",".text","DATA","false","0x004cc27f","FUN_004cc230"
"0x004cc50c",".text","DATA","false","0x004cc4fc","FUN_004cc4f0"
"0x004cca80",".text","DATA","false","0x004c32df","FUN_004c32b0"
"0x004cca80",".text","DATA","false","0x004d7cc4","FUN_004d7ca0"
"0x004cca80",".text","DATA","false","0x004d7e31","FUN_004d7de0"
"0x004ccef0",".text","DATA","false","0x004ccea8","FUN_004cce20"
"0x004ccef0",".text","DATA","false","0x005aea90","FUN_005aea60"
"0x004ccf00",".text","DATA","false","0x004ccedc","FUN_004cce20"
"0x004cd2b0",".text","DATA","false","0x004cd1b7","FUN_004cd170"
"0x004cd410",".text","DATA","false","0x004cd33f","FUN_004cd2d0"
"0x004cd7d4",".text","DATA","false","0x004cd572","FUN_004cd550"
"0x004cd7ec",".text","DATA","false","0x004cd62f","FUN_004cd550"
"0x004cd810",".text","DATA","false","0x004c352a","FUN_004c32b0"
"0x004cd850",".text","DATA","false","0x004c3531","FUN_004c32b0"
"0x004cd900",".text","DATA","false","0x004c3442","FUN_004c32b0"
"0x004cdb60",".text","DATA","false","0x004c343d","FUN_004c32b0"
"0x004ce6f0",".text","DATA","false","0x004ce6ca","FUN_004ce6c0"
"0x004cfdd0",".text","DATA","false","0x004cfa09","FUN_004cfa00"
"0x004cfdf0",".text","DATA","false","0x004cfa04","FUN_004cfa00"
"0x004d026c",".text","DATA","false","0x004cffaa","FUN_004cff20"
"0x004d0508",".text","DATA","false","0x004d02e7","FUN_004d0290"
"0x004d0520",".text","DATA","false","0x004c8f55","FUN_004c8e50"
"0x004d05b0",".text","DATA","false","0x004c8f68","FUN_004c8e50"
"0x004d0640",".text","DATA","false","0x004c8faa","FUN_004c8e50"
"0x004d075c",".text","DATA","false","0x004d0683","FUN_004d0660"
"0x004d0774",".text","DATA","false","0x004d0699","FUN_004d0660"
"0x004d078c",".text","DATA","false","0x004d06f1","FUN_004d0660"
"0x004d0fc0",".text","DATA","false","0x004c8fd6","FUN_004c8e50"
"0x004d0fe0",".text","DATA","false","0x004c8fc0","FUN_004c8e50"
"0x004d1000",".text","DATA","false","0x004c8f94","FUN_004c8e50"
"0x004d15d4",".text","DATA","false","0x004d103a","FUN_004d1020"
"0x004d15f0",".text","DATA","false","0x004c8f7e","FUN_004c8e50"
"0x004d1630",".text","DATA","false","0x004c8fec","FUN_004c8e50"
"0x004d1d08",".text","DATA","false","0x004d165c","FUN_004d1640"
"0x004d1e14",".text","DATA","false","0x004d1da0","FUN_004d1d70"
"0x004d2328",".text","DATA","false","0x004d1e79","FUN_004d1e30"
"0x004d294c",".text","DATA","false","0x004d23a6","FUN_004d2340"
"0x004d2964",".text","DATA","false","0x004d2761","FUN_004d2340"
"0x004d342c",".text","DATA","false","0x004d30d8","FUN_004d3090"
"0x004d3450",".text","DATA","false","0x004c9056","FUN_004c8e50"
"0x004d3450",".text","DATA","false","0x004c907e","FUN_004c8e50"
"0x004d34d0",".text","DATA","false","0x004c8f25","FUN_004c8e50"
"0x004d34e0",".text","DATA","false","0x004c9002","FUN_004c8e50"
"0x004d6b18",".text","DATA","false","0x004d691a","FUN_004d6910"
"0x004d7a48",".text","DATA","false","0x004d7494","FUN_004d7480"
"0x004d7d70",".text","DATA","false","0x004d7cb1","FUN_004d7ca0"
"0x004d8430",".text","DATA","false","0x004c335f","FUN_004c32b0"
"0x004d8470",".text","DATA","false","0x004c335a","FUN_004c32b0"
"0x004d8530",".text","DATA","false","0x004c34ab","FUN_004c32b0"
"0x004d8550",".text","DATA","false","0x004c34a6","FUN_004c32b0"
"0x004d86d0",".text","DATA","false","0x004d8641","FUN_004d8570"
"0x004d8700",".text","DATA","false","0x004d8651","FUN_004d8570"
"0x004d8730",".text","DATA","false","0x004d85e3","FUN_004d8570"
"0x004d8750",".text","DATA","false","0x004d85d3","FUN_004d8570"
"0x004d8a80",".text","DATA","false","0x004c3554","FUN_004c32b0"
"0x004d8b70",".text","DATA","false","0x004c354f","FUN_004c32b0"
"0x004d8fa0",".text","DATA","false","0x004c34cc","FUN_004c32b0"
"0x004d9000",".text","DATA","false","0x004c34c7","FUN_004c32b0"
"0x004d9030",".text","DATA","false","0x004c339b","FUN_004c32b0"
"0x004d9040",".text","DATA","false","0x004c3396","FUN_004c32b0"
"0x004dbc78",".text","DATA","false","0x004dba90","FUN_004dba60"
"0x004dd2e0",".text","DATA","false","0x004c902a","FUN_004c8e50"
"0x004dd660",".text","DATA","false","0x004c9040","FUN_004c8e50"
"0x004dd660",".text","DATA","false","0x004c907e","FUN_004c8e50"
"0x004de7d0",".text","DATA","false","0x004de3d3","FUN_004de390"
"0x004de7dc",".text","DATA","false","0x004de3cd","FUN_004de390"
"0x004dea34",".text","DATA","false","0x004de82d","FUN_004de800"
"0x004dea6b",".text","DATA","false","0x004de827","FUN_004de800"
"0x004deae4",".text","DATA","false","0x004de8c7","FUN_004de800"
"0x004deaf0",".text","DATA","false","0x004de8c1","FUN_004de800"
"0x004deb20",".text","DATA","false","0x004de834","FUN_004de800"
"0x004deb50",".text","DATA","false","0x004de83b","FUN_004de800"
"0x004deb80",".text","DATA","false","0x004de89d","FUN_004de800"
"0x004debb0",".text","DATA","false","0x004de842","FUN_004de800"
"0x004debf0",".text","DATA","false","0x004de849","FUN_004de800"
"0x004dec40",".text","DATA","false","0x004de86c","FUN_004de800"
"0x004dec70",".text","DATA","false","0x004de873","FUN_004de800"
"0x004deca0",".text","DATA","false","0x004de87a","FUN_004de800"
"0x004decd0",".text","DATA","false","0x004de85e","FUN_004de800"
"0x004decf0",".text","DATA","false","0x004de8ab","FUN_004de800"
"0x004ded10",".text","DATA","false","0x004de896","FUN_004de800"
"0x004ded30",".text","DATA","false","0x004de865","FUN_004de800"
"0x004ded60",".text","DATA","false","0x004de8a4","FUN_004de800"
"0x004ded90",".text","DATA","false","0x004de850","FUN_004de800"
"0x004dedb0",".text","DATA","false","0x004de857","FUN_004de800"
"0x004dedd0",".text","DATA","false","0x004de881","FUN_004de800"
"0x004dee00",".text","DATA","false","0x004de888","FUN_004de800"
"0x004df030",".text","DATA","false","0x004c8f15","FUN_004c8e50"
"0x004df6ac",".text","DATA","false","0x004df27c","FUN_004df120"
"0x004df6bc",".text","DATA","false","0x004df276","FUN_004df120"
"0x004df740",".text","DATA","false","0x004df2dd","FUN_004df120"
"0x004df7c8",".text","DATA","false","0x004df766","FUN_004df750"
"0x004df7f3",".text","DATA","false","0x004df760","FUN_004df750"
"0x004e0760",".text","DATA","false","0x004e042c","FUN_004e02d0"
"0x004e078b",".text","DATA","false","0x004e0426","FUN_004e02d0"
"0x004e0804",".text","DATA","false","0x004e0625","FUN_004e02d0"
"0x004e082f",".text","DATA","false","0x004e061f","FUN_004e02d0"
"0x004e2f70",".text","DATA","false","0x004e2cf3","FUN_004e2bf0"
"0x004e36a0",".text","DATA","false","0x004e3476","FUN_004e3470"
"0x004e3790",".text","DATA","false","0x004e3471","FUN_004e3470"
"0x004e3800",".text","DATA","false","0x004e3491","FUN_004e3470"
"0x004e3b30",".text","DATA","false","0x004e3487","FUN_004e3470"
"0x004e3b80",".text","DATA","false","0x004e348c","FUN_004e3470"
"0x004e3bd0",".text","DATA","false","0x004e34ae","FUN_004e3470"
"0x004e3dc0",".text","DATA","false","0x004e34a9","FUN_004e3470"
"0x004e3e40",".text","DATA","false","0x004e34d0","FUN_004e3470"
"0x004e3e70",".text","DATA","false","0x004e34c6","FUN_004e3470"
"0x004e3ea0",".text","DATA","false","0x004e34fc","FUN_004e3470"
"0x004e40d0",".text","DATA","false","0x004e34f2","FUN_004e3470"
"0x004e4190",".text","DATA","false","0x004e353f","FUN_004e3470"
"0x004e41e0",".text","DATA","false","0x004e353a","FUN_004e3470"
"0x004e4200",".text","DATA","false","0x004e35a2","FUN_004e3470"
"0x004e4220",".text","DATA","false","0x004e35a7","FUN_004e3470"
"0x004e4240",".text","DATA","false","0x004e359d","FUN_004e3470"
"0x004e4250",".text","DATA","false","0x004e35c0","FUN_004e3470"
"0x004e4270",".text","DATA","false","0x004e35c5","FUN_004e3470"
"0x004e4290",".text","DATA","false","0x004e35bb","FUN_004e3470"
"0x004e44e0",".text","DATA","false","0x004e4465","RwFrameAddChild"
"0x004e4520",".text","DATA","false","0x004e4493","RwFrameAddChild"
"0x004e4570",".text","DATA","false","0x004e449f","RwFrameAddChild"
"0x004e4650",".text","DATA","false","0x004e45f0","RwFrameRemoveChild"
"0x004e46f0",".text","DATA","false","0x004e45ff","RwFrameRemoveChild"
"0x004e4780",".text","DATA","false","0x004e460b","RwFrameRemoveChild"
"0x004e4e60",".text","DATA","false","0x004e5d94","FUN_004e5d30"
"0x004e4f00",".text","DATA","false","0x004e5d99","FUN_004e5d30"
"0x004e5e20",".text","DATA","false","0x004e5dc2","FUN_004e5d30"
"0x004e5e70",".text","DATA","false","0x004e5dc7","FUN_004e5d30"
"0x004e5f70",".text","DATA","false","0x004e35e5","FUN_004e3470"
"0x004e5f70",".text","DATA","false","0x004e3613","FUN_004e3470"
"0x004e6250",".text","DATA","false","0x004e5d77","FUN_004e5d30"
"0x004e64f0",".text","DATA","false","0x004e5d7c","FUN_004e5d30"
"0x004e6610",".text","DATA","false","0x004e65c7","FUN_004e65c0"
"0x004e6630",".text","DATA","false","0x004e65eb","FUN_004e65c0"
"0x004e6d40",".text","DATA","false","0x004e7536","RpClumpStreamRead"
"0x004e6d40",".text","DATA","false","0x004e75ed","RpClumpStreamRead"
"0x004e6d40",".text","DATA","false","0x004e780f","RpClumpStreamRead"
"0x004e6d40",".text","DATA","false","0x004e7c26","RpClumpStreamRead"
"0x004e6d40",".text","DATA","false","0x004e6c9f","FUN_004e6ab0"
"0x004e7ed0",".text","DATA","false","0x004e3668","FUN_004e3470"
"0x004e7ef0",".text","DATA","false","0x004e5d36","FUN_004e5d30"
"0x004e7f60",".text","DATA","false","0x004e5d31","FUN_004e5d30"
"0x004e8540",".text","DATA","false","0x004e5d64","FUN_004e5d30"
"0x004e8560",".text","DATA","false","0x004e5d5f","FUN_004e5d30"
"0x004e9990",".text","DATA","false","0x004e363a","FUN_004e3470"
"0x004ea4c0",".text","DATA","false","0x004e5dda","FUN_004e5d30"
"0x004ea4d0",".text","DATA","false","0x004e5ddf","FUN_004e5d30"
"0x004eb320",".text","DATA","false","0x004eacc2","FUN_004ea9a0"
"0x004eba70",".text","DATA","false","0x004eba45","FUN_004eba40"
"0x004ecdd9",".text","DATA","false","0x004fbe9e","FUN_004fbe7a"
"0x004ecdd9",".text","DATA","false","0x004fbecd","FUN_004fbe7a"
"0x004ef893",".text","DATA","false","0x004ef765","FUN_004ef726"
"0x004efa93",".text","DATA","false","0x004ef8f5","FUN_004ef8b3"
"0x004efc39",".text","DATA","false","0x004efaf0","FUN_004efab3"
"0x004efe6a",".text","DATA","false","0x004efc99","FUN_004efc59"
"0x004f08e0",".text","DATA","false","0x004e5daf","FUN_004e5d30"
"0x004f08f0",".text","DATA","false","0x004e5daa","FUN_004e5d30"
"0x004f0990",".text","DATA","false","0x004e5d47","FUN_004e5d30"
"0x004f09c0",".text","DATA","false","0x004e5d4c","FUN_004e5d30"
"0x004f2420",".text","DATA","false","0x004f3711","FUN_004f36c0"
"0x004f2420",".text","DATA","false","0x004f200e","FUN_004f1fb0"
"0x004f38c0",".text","DATA","false","0x004f3858","FUN_004f36c0"
"0x004f4310",".text","DATA","false","0x004f42f1","FUN_004f42d0"
"0x004f4540",".text","DATA","false","0x004f451a","FUN_004f4510"
"0x004f4570",".text","DATA","false","0x004f4515","FUN_004f4510"
"0x004f4660",".text","DATA","false","0x004f4510","FUN_004f4510"
"0x004f57a4",".text","DATA","false","0x004f5044","FUN_004f5030"
"0x004f5e84",".text","DATA","false","0x004f57f2","FUN_004f57e0"
"0x004f71b4",".text","DATA","false","0x004f6882","FUN_004f6870"
"0x004f77ac",".text","DATA","false","0x004f7201","FUN_004f71f0"
"0x004f79d4",".text","DATA","false","0x004f7868","FUN_004f7850"
"0x004f8168",".text","DATA","false","0x004f7dd1","FUN_004f7dc0"
"0x004f83c4",".text","DATA","false","0x004f81c0","FUN_004f81b0"
"0x004f8600",".text","DATA","false","0x004f85a0","FUN_004f8580"
"0x004f8600",".text","DATA","false","0x004f85ca","FUN_004f8580"
"0x004f8620",".text","DATA","false","0x004f8585","FUN_004f8580"
"0x004f8630",".text","DATA","false","0x004f8580","FUN_004f8580"
"0x004fbe21",".text","DATA","false","0x004fbe15","Catch@004fbe0f"
"0x004fc6f5",".text","DATA","false","0x004fcb5a","FUN_004fcb51"
"0x004fc75e",".text","DATA","false","0x004fcb78","FUN_004fcb51"
"0x004fc793",".text","DATA","false","0x004fcb60","FUN_004fcb51"
"0x004fc81e",".text","DATA","false","0x004fcb7f","FUN_004fcb51"
"0x004fc87d",".text","DATA","false","0x004fcb67","FUN_004fcb51"
"0x004fc87d",".text","DATA","false","0x004fcb8d","FUN_004fcb51"
"0x004fc87d",".text","DATA","false","0x004fcb55","FUN_004fcb51"
"0x004fef85",".text","DATA","false","0x004fec4f","FUN_004febf6"
"0x004ff498",".text","DATA","false","0x004ff18a","FUN_004ff041"
"0x005003f7",".text","DATA","false","0x00500307","FUN_005002ec"
"0x0050245e",".text","DATA","false","0x0050258c","FUN_0050250a"
"0x0050398a",".text","DATA","false","0x00503454","FUN_005033f4"
"0x005039fa",".text","DATA","false","0x0050344d","FUN_005033f4"
"0x00505e60",".text","DATA","false","0x004fc0c8","FUN_004fc0b1"
"0x00505e60",".text","DATA","false","0x004fc236","FUN_004fc21f"
"0x00505e9e",".text","DATA","false","0x004fc0f1","FUN_004fc0b1"
"0x00505e9e",".text","DATA","false","0x004fc25f","FUN_004fc21f"
"0x00505ef5",".text","DATA","false","0x004fc0e3","FUN_004fc0b1"
"0x00505ef5",".text","DATA","false","0x004fc251","FUN_004fc21f"
"0x00505ff8",".text","DATA","false","0x004fc0d5","FUN_004fc0b1"
"0x00505ff8",".text","DATA","false","0x004fc243","FUN_004fc21f"
"0x00506931",".text","DATA","false","0x004fc159","FUN_004fc0b1"
"0x00506931",".text","DATA","false","0x004fc2c7","FUN_004fc21f"
"0x0050698e",".text","DATA","false","0x004fc2e5","FUN_004fc21f"
"0x0050698e",".text","DATA","false","0x004fc177","FUN_004fc0b1"
"0x005069d7",".text","DATA","false","0x004fc192","FUN_004fc0b1"
"0x005069d7",".text","DATA","false","0x004fc300","FUN_004fc21f"
"0x00508cc0",".text","DATA","false","0x004fc6c2","FUN_004fc467"
"0x00508f20",".text","DATA","false","0x004fc6cc","FUN_004fc467"
"0x00509180",".text","DATA","false","0x004fc6d6","FUN_004fc467"
"0x005093e0",".text","DATA","false","0x004fc6ae","FUN_004fc467"
"0x00509700",".text","DATA","false","0x004fc6b8","FUN_004fc467"
"0x0050997c",".text","DATA","false","0x004fc500","FUN_004fc467"
"0x00509a15",".text","DATA","false","0x004fc507","FUN_004fc467"
"0x00509ab6",".text","DATA","false","0x004fc523","FUN_004fc467"
"0x00509cd2",".text","DATA","false","0x004fc699","FUN_004fc467"
"0x00509ee7",".text","DATA","false","0x004fc52a","FUN_004fc467"
"0x0050a26e",".text","DATA","false","0x004fc5d3","FUN_004fc467"
"0x0050a379",".text","DATA","false","0x004fc623","FUN_004fc467"
"0x0050ae57",".text","DATA","false","0x004fc497","FUN_004fc467"
"0x0050b089",".text","DATA","false","0x004fc4c8","FUN_004fc467"
"0x0050b158",".text","DATA","false","0x004fc531","FUN_004fc467"
"0x0050b1a8",".text","DATA","false","0x004fc538","FUN_004fc467"
"0x0050b293",".text","DATA","false","0x004fc53f","FUN_004fc467"
"0x0050b36f",".text","DATA","false","0x004fc54d","FUN_004fc467"
"0x0050b3d2",".text","DATA","false","0x004fc554","FUN_004fc467"
"0x0050b430",".text","DATA","false","0x004fc55b","FUN_004fc467"
"0x0050b489",".text","DATA","false","0x004fc565","FUN_004fc467"
"0x0050b4d0",".text","DATA","false","0x004fc58d","FUN_004fc467"
"0x0050b578",".text","DATA","false","0x004fc597","FUN_004fc467"
"0x0050b64a",".text","DATA","false","0x004fc685","FUN_004fc467"
"0x0050ca3c",".text","DATA","false","0x004fc5b5","FUN_004fc467"
"0x0050e4bf",".text","DATA","false","0x004fc64b","FUN_004fc467"
"0x0050ebeb",".text","DATA","false","0x004fc4f9","FUN_004fc467"
"0x0050ec07",".text","DATA","false","0x004fc489","FUN_004fc467"
"0x0050ed3e",".text","DATA","false","0x004fc5e7","FUN_004fc467"
"0x0050edaf",".text","DATA","false","0x004fc60f","FUN_004fc467"
"0x0050ee83",".text","DATA","false","0x004fc641","FUN_004fc467"
"0x0050f32c",".text","DATA","false","0x0050f1ff","FUN_0050f1c4"
"0x0050f552",".text","DATA","false","0x0050f386","FUN_0050f34c"
"0x0050f6a4",".text","DATA","false","0x0050f5a8","FUN_0050f572"
"0x0050f840",".text","DATA","false","0x004fc666","FUN_004fc467"
"0x0050faad",".text","DATA","false","0x004fc4f2","FUN_004fc467"
"0x0050fb45",".text","DATA","false","0x004fc5f1","FUN_004fc467"
"0x0050fb8e",".text","DATA","false","0x004fc5fb","FUN_004fc467"
"0x0050fbd1",".text","DATA","false","0x004fc637","FUN_004fc467"
"0x0050fc7c",".text","DATA","false","0x004fc490","FUN_004fc467"
"0x0050fcfe",".text","DATA","false","0x004fc4b3","FUN_004fc467"
"0x0050fd5d",".text","DATA","false","0x004fc4eb","FUN_004fc467"
"0x0050fe8f",".text","DATA","false","0x004fc5dd","FUN_004fc467"
"0x0050ff00",".text","DATA","false","0x004fc605","FUN_004fc467"
"0x0050ffc8",".text","DATA","false","0x004fc62d","FUN_004fc467"
"0x005100a6",".text","DATA","false","0x004fc4cf","FUN_004fc467"
"0x005100e9",".text","DATA","false","0x004fc4d6","FUN_004fc467"
"0x005101cd",".text","DATA","false","0x004fc515","FUN_004fc467"
"0x005102ef",".text","DATA","false","0x004fc56f","FUN_004fc467"
"0x00513f14",".text","DATA","false","0x00513d47","FUN_00513cb6"
"0x005142d0",".text","DATA","false","0x00513fd6","FUN_00513f90"
"0x005142d0",".text","DATA","false","0x00514362","FUN_00514330"
"0x005142f0",".text","DATA","false","0x00513fce","FUN_00513f90"
"0x005142f0",".text","DATA","false","0x0051435d","FUN_00514330"
"0x00514310",".text","DATA","false","0x00514089","FUN_00513f90"
"0x00514740",".text","DATA","false","0x0051448f","FUN_00514330"
"0x00514760",".text","DATA","false","0x0051443b","FUN_00514330"
"0x005150bc",".text","DATA","false","0x00514f0c","FUN_00514ec0"
"0x005175a8",".text","DATA","false","0x00517554","FUN_005173f0"
"0x00517d7c",".text","DATA","false","0x0051797d","FUN_00517940"
"0x0051924c",".text","DATA","false","0x005185ef","FUN_005185a0"
"0x0051925f",".text","DATA","false","0x005185e9","FUN_005185a0"
"0x005199c4",".text","DATA","false","0x005198f3","FUN_00519820"
"0x005199d6",".text","DATA","false","0x005198ed","FUN_00519820"
"0x0051b704",".text","DATA","false","0x0051a70a","FUN_0051a6c0"
"0x0051b720",".text","DATA","false","0x0051a72c","FUN_0051a6c0"
"0x0051b737",".text","DATA","false","0x0051a726","FUN_0051a6c0"
"0x0051bb20",".text","DATA","false","0x0051b793","FUN_0051b750"
"0x0051cf7c",".text","DATA","false","0x0051cbf6","FUN_0051cbe0"
"0x0051cf98",".text","DATA","false","0x0051cc0d","FUN_0051cbe0"
"0x0051cf9f",".text","DATA","false","0x0051cc07","FUN_0051cbe0"
"0x0051cfb0",".text","DATA","false","0x0051cc56","FUN_0051cbe0"
"0x0051cfb7",".text","DATA","false","0x0051cc50","FUN_0051cbe0"
"0x005230d0",".text","DATA","false","0x00522d30","FUN_00522ce0"
"0x0052389c",".text","DATA","false","0x0052382a","FUN_00523640"
"0x005287f4",".text","DATA","false","0x00528641","FUN_00528630"
"0x0052b70c",".text","DATA","false","0x0052ab4d","FUN_0052ab00"
"0x0052b734",".text","DATA","false","0x0052abab","FUN_0052ab00"
"0x0052bef8",".text","DATA","false","0x0052b86c","FUN_0052b820"
"0x0052d530",".text","DATA","false","0x00493600","FUN_00493600"
"0x0052d910",".text","DATA","false","0x0052d8e5","FUN_0052d8e0"
"0x0052d950",".text","DATA","false","0x0052d8e0","FUN_0052d8e0"
"0x0052e3d0",".text","DATA","false","0x0052e315","FUN_0052e310"
"0x0052e490",".text","DATA","false","0x0052e310","FUN_0052e310"
"0x0052e4e0",".text","DATA","false","0x0052e38f","FUN_0052e310"
"0x0052e500",".text","DATA","false","0x0052e38a","FUN_0052e310"
"0x0052e560",".text","DATA","false","0x0052e330","FUN_0052e310"
"0x0052e580",".text","DATA","false","0x0052e32b","FUN_0052e310"
"0x0052e5a0",".text","DATA","false","0x0052e326","FUN_0052e310"
"0x0052e5c0",".text","DATA","false","0x0052e364","FUN_0052e310"
"0x0052e6c0",".text","DATA","false","0x0052e3a0","FUN_0052e310"
"0x0052e710",".text","DATA","false","0x0052e3a5","FUN_0052e310"
"0x0052e800",".text","DATA","false","0x0052e3aa","FUN_0052e310"
"0x0052ec50",".text","DATA","false","0x0052e350","FUN_0052e310"
"0x0052fd90",".text","DATA","false","0x0052fe6e","FUN_0052fdb0"
"0x00533740",".text","DATA","false","0x005336d5","FUN_005336d0"
"0x005337f0",".text","DATA","false","0x005336d0","FUN_005336d0"
"0x00533820",".text","DATA","false","0x005336f7","FUN_005336d0"
"0x00533840",".text","DATA","false","0x005336f2","FUN_005336d0"
"0x00533900",".text","DATA","false","0x005336ed","FUN_005336d0"
"0x005339a0",".text","DATA","false","0x0053370d","FUN_005336d0"
"0x00533ad0",".text","DATA","false","0x00533712","FUN_005336d0"
"0x00533cc0",".text","DATA","false","0x00533708","FUN_005336d0"
"0x00534950",".text","DATA","false","0x00534920","FUN_00534920"
"0x00534990",".text","DATA","false","0x00534925","FUN_00534920"
"0x00534ad0",".text","DATA","false","0x00534aa9","FUN_00534a80"
"0x00534af0",".text","DATA","false","0x00534aa4","FUN_00534a80"
"0x00535690",".text","DATA","false","0x00534d49","FUN_00534d00"
"0x00535690",".text","DATA","false","0x00534d41","FUN_00534d00"
"0x005357f8",".text","DATA","false","0x00535744","FUN_00535700"
"0x0053580c",".text","DATA","false","0x0053578a","FUN_00535700"
"0x00535818",".text","DATA","false","0x00535790","FUN_00535700"
"0x00536630",".text","DATA","false","0x00534a85","FUN_00534a80"
"0x00536660",".text","DATA","false","0x00534a80","FUN_00534a80"
"0x005386b0",".text","DATA","false","0x00538607","FUN_00538600"
"0x00538780",".text","DATA","false","0x00538602","FUN_00538600"
"0x00538800",".text","DATA","false","0x0053865b","FUN_00538600"
"0x00538830",".text","DATA","false","0x00538656","FUN_00538600"
"0x00538870",".text","DATA","false","0x0053867b","FUN_00538600"
"0x00538890",".text","DATA","false","0x00538680","FUN_00538600"
"0x005388f0",".text","DATA","false","0x00538685","FUN_00538600"
"0x00538960",".text","DATA","false","0x00538631","FUN_00538600"
"0x00538980",".text","DATA","false","0x00538636","FUN_00538600"
"0x005389c0",".text","DATA","false","0x0053863b","FUN_00538600"
"0x00538c30",".text","DATA","false","0x00538be8","FUN_00538bd0"
"0x00538d4c",".text","DATA","false","0x00538c95","FUN_00538c80"
"0x0053a78c",".text","DATA","false","0x0053a6d5","FUN_0053a6c0"
"0x0053d1c0",".text","DATA","false","0x0053d0b5","FUN_0053d0b0"
"0x0053d1f0",".text","DATA","false","0x0053d0b0","FUN_0053d0b0"
"0x0053d230",".text","DATA","false","0x0053d135","FUN_0053d0b0"
"0x0053d230",".text","DATA","false","0x0053d18b","FUN_0053d0b0"
"0x0053d250",".text","DATA","false","0x0053d13a","FUN_0053d0b0"
"0x0053d250",".text","DATA","false","0x0053d190","FUN_0053d0b0"
"0x0053d2b0",".text","DATA","false","0x0053d13f","FUN_0053d0b0"
"0x0053d2b0",".text","DATA","false","0x0053d195","FUN_0053d0b0"
"0x0053d3e0",".text","DATA","false","0x0053d0e3","FUN_0053d0b0"
"0x0053e5b8",".text","DATA","false","0x0053e4ee","FUN_0053e430"
"0x0053e6d0",".text","DATA","false","0x0053e02c","FUN_0053dea0"
"0x0053e6d0",".text","DATA","false","0x0053e0d3","FUN_0053dea0"
"0x0053ebb0",".text","DATA","false","0x0053eaa0","FUN_0053eaa0"
"0x0053ebf0",".text","DATA","false","0x0053eaa5","FUN_0053eaa0"
"0x0053ec40",".text","DATA","false","0x0053eaca","FUN_0053eaa0"
"0x0053ec60",".text","DATA","false","0x0053eac5","FUN_0053eaa0"
"0x0053ed0c",".text","DATA","false","0x0053ecbb","FUN_0053eca0"
"0x0053ed20",".text","DATA","false","0x0053eac0","FUN_0053eaa0"
"0x0053f1a0",".text","DATA","false","0x0053eaef","FUN_0053eaa0"
"0x0053f3c0",".text","DATA","false","0x0053eaf4","FUN_0053eaa0"
"0x0053f920",".text","DATA","false","0x0053eaea","FUN_0053eaa0"
"0x0053f9b0",".text","DATA","false","0x0053eb12","FUN_0053eaa0"
"0x0053f9b0",".text","DATA","false","0x0053eb17","FUN_0053eaa0"
"0x0053f9d0",".text","DATA","false","0x0053eb0d","FUN_0053eaa0"
"0x0053f9f0",".text","DATA","false","0x0053eb3c","FUN_0053eaa0"
"0x0053fa70",".text","DATA","false","0x0053eb37","FUN_0053eaa0"
"0x0053fa90",".text","DATA","false","0x0053eb5f","FUN_0053eaa0"
"0x0053fa90",".text","DATA","false","0x0053eb64","FUN_0053eaa0"
"0x0053fab0",".text","DATA","false","0x0053eb5a","FUN_0053eaa0"
"0x0053fad0",".text","DATA","false","0x0053eb89","FUN_0053eaa0"
"0x0053fb50",".text","DATA","false","0x0053eb84","FUN_0053eaa0"
"0x0053fd14",".text","DATA","false","0x0053fc29","FUN_0053fbb0"
"0x00543500",".text","DATA","false","0x0054378e","FUN_00543710"
"0x00543500",".text","DATA","false","0x00543814","FUN_00543710"
"0x00543950",".text","DATA","false","0x0054377e","FUN_00543710"
"0x005439d0",".text","DATA","false","0x00543804","FUN_00543710"
"0x005440c0",".text","DATA","false","0x00543e55","FUN_00543e50"
"0x005440d0",".text","DATA","false","0x00543e50","FUN_00543e50"
"0x005440e0",".text","DATA","false","0x00544070","FUN_00543e50"
"0x005440e0",".text","DATA","false","0x0054401e","FUN_00543e50"
"0x005440e0",".text","DATA","false","0x00543fcc","FUN_00543e50"
"0x005440e0",".text","DATA","false","0x00543ecc","FUN_00543e50"
"0x005440e0",".text","DATA","false","0x00543f28","FUN_00543e50"
"0x005440e0",".text","DATA","false","0x00543e7a","FUN_00543e50"
"0x005440e0",".text","DATA","false","0x00543f7a","FUN_00543e50"
"0x00544100",".text","DATA","false","0x00543e75","FUN_00543e50"
"0x00544100",".text","DATA","false","0x00543ec7","FUN_00543e50"
"0x00544100",".text","DATA","false","0x00543f23","FUN_00543e50"
"0x00544100",".text","DATA","false","0x00543f75","FUN_00543e50"
"0x00544100",".text","DATA","false","0x00543fc7","FUN_00543e50"
"0x00544100",".text","DATA","false","0x00544019","FUN_00543e50"
"0x00544100",".text","DATA","false","0x0054406b","FUN_00543e50"
"0x005441f0",".text","DATA","false","0x00544014","FUN_00543e50"
"0x005441f0",".text","DATA","false","0x00544066","FUN_00543e50"
"0x005441f0",".text","DATA","false","0x00543fc2","FUN_00543e50"
"0x005441f0",".text","DATA","false","0x00543f1e","FUN_00543e50"
"0x005441f0",".text","DATA","false","0x00543f70","FUN_00543e50"
"0x005441f0",".text","DATA","false","0x00543ec2","FUN_00543e50"
"0x005441f0",".text","DATA","false","0x00543e70","FUN_00543e50"
"0x005444a0",".text","DATA","false","0x00543ea4","FUN_00543e50"
"0x005444a0",".text","DATA","false","0x00543efb","FUN_00543e50"
"0x005444a0",".text","DATA","false","0x00543f52","FUN_00543e50"
"0x005444a0",".text","DATA","false","0x00543fa4","FUN_00543e50"
"0x005444a0",".text","DATA","false","0x00543ff6","FUN_00543e50"
"0x005444a0",".text","DATA","false","0x00544048","FUN_00543e50"
"0x005444a0",".text","DATA","false","0x0054409a","FUN_00543e50"
"0x005446f0",".text","DATA","false","0x00544095","FUN_00543e50"
"0x005446f0",".text","DATA","false","0x00544043","FUN_00543e50"
"0x005446f0",".text","DATA","false","0x00543f9f","FUN_00543e50"
"0x005446f0",".text","DATA","false","0x00543ff1","FUN_00543e50"
"0x005446f0",".text","DATA","false","0x00543ef6","FUN_00543e50"
"0x005446f0",".text","DATA","false","0x00543e9f","FUN_00543e50"
"0x005446f0",".text","DATA","false","0x00543f4d","FUN_00543e50"
"0x005448f0",".text","DATA","false","0x00543e9a","FUN_00543e50"
"0x005448f0",".text","DATA","false","0x00543ef1","FUN_00543e50"
"0x005448f0",".text","DATA","false","0x00543f48","FUN_00543e50"
"0x005448f0",".text","DATA","false","0x00543f9a","FUN_00543e50"
"0x005448f0",".text","DATA","false","0x00543fec","FUN_00543e50"
"0x005448f0",".text","DATA","false","0x0054403e","FUN_00543e50"
"0x005448f0",".text","DATA","false","0x00544090","FUN_00543e50"
"0x00544dc0",".text","DATA","false","0x00544d25","FUN_00544d20"
"0x00544dd0",".text","DATA","false","0x00544d20","FUN_00544d20"
"0x00544de0",".text","DATA","false","0x00544d4a","FUN_00544d20"
"0x00544de0",".text","DATA","false","0x00544d45","FUN_00544d20"
"0x00544e00",".text","DATA","false","0x00544d40","FUN_00544d20"
"0x00544f10",".text","DATA","false","0x00544d6f","FUN_00544d20"
"0x00544f50",".text","DATA","false","0x00544d6a","FUN_00544d20"
"0x00544fc0",".text","DATA","false","0x00544d99","FUN_00544d20"
"0x00545080",".text","DATA","false","0x00544d9e","FUN_00544d20"
"0x005451d0",".text","DATA","false","0x00544d94","FUN_00544d20"
"0x005451f0",".text","DATA","false","0x00544d74","FUN_00544d20"
"0x00546560",".text","DATA","false","0x00546530","FUN_00546530"
"0x005465c0",".text","DATA","false","0x00546535","FUN_00546530"
"0x005492b0",".text","DATA","false","0x00549660","FUN_00549640"
"0x005492d0",".text","DATA","false","0x0054965b","FUN_00549640"
"0x00549310",".text","DATA","false","0x00549656","FUN_00549640"
"0x00549350",".text","DATA","false","0x00549694","FUN_00549640"
"0x00549390",".text","DATA","false","0x005496a3","FUN_00549640"
"0x00549710",".text","DATA","false","0x00549645","FUN_00549640"
"0x005497f0",".text","DATA","false","0x00549640","FUN_00549640"
"0x00549fe0",".text","DATA","false","0x005496bf","FUN_00549640"
"0x0054a000",".text","DATA","false","0x005496ba","FUN_00549640"
"0x0054a030",".text","DATA","false","0x005496b5","FUN_00549640"
"0x0054a070",".text","DATA","false","0x005496d0","FUN_00549640"
"0x0054a090",".text","DATA","false","0x005496da","FUN_00549640"
"0x0054a0d0",".text","DATA","false","0x005496d5","FUN_00549640"
"0x0054a0f0",".text","DATA","false","0x005496ee","FUN_00549640"
"0x00550c30",".text","DATA","false","0x005511cc","FUN_00551190"
"0x00550c50",".text","DATA","false","0x005511da","FUN_00551190"
"0x00550d80",".text","DATA","false","0x005511e1","FUN_00551190"
"0x00550da0",".text","DATA","false","0x005511e8","FUN_00551190"
"0x00550f20",".text","DATA","false","0x005511ef","FUN_00551190"
"0x00551050",".text","DATA","false","0x005511f6","FUN_00551190"
"0x00551180",".text","DATA","false","0x00551204","FUN_00551190"
"0x00551290",".text","DATA","false","0x005511d3","FUN_00551190"
"0x005512d0",".text","DATA","false","0x00551219","FUN_00551190"
"0x005514e0",".text","DATA","false","0x0055120b","FUN_00551190"
"0x00551610",".text","DATA","false","0x005515a5","FUN_005515a0"
"0x00551680",".text","DATA","false","0x005515a0","FUN_005515a0"
"0x005516c0",".text","DATA","false","0x005515c7","FUN_005515a0"
"0x005516e0",".text","DATA","false","0x005515c2","FUN_005515a0"
"0x00551770",".text","DATA","false","0x005515bd","FUN_005515a0"
"0x005518f0",".text","DATA","false","0x005515e2","FUN_005515a0"
"0x00551bf0",".text","DATA","false","0x005515d8","FUN_005515a0"
"0x00552050",".text","DATA","false","0x00551e79","FUN_00551d40"
"0x005524c0",".text","DATA","false","0x00551e07","FUN_00551d40"
"0x00552b50",".text","DATA","false","0x00552ac3","FUN_00552a60"
"0x00552b50",".text","DATA","false","0x00552aad","FUN_00552a60"
"0x005547f0",".text","DATA","false","0x0055466c","FUN_00554390"
"0x005547f0",".text","DATA","false","0x00556c7b","FUN_00556780"
"0x00557920",".text","DATA","false","0x005578e0","FUN_005578a0"
"0x00557a60",".text","DATA","false","0x00558087","FUN_00558030"
"0x00557a60",".text","DATA","false","0x00557f17","FUN_00557ec0"
"0x00557b70",".text","DATA","false","0x00558125","FUN_00558100"
"0x00557b70",".text","DATA","false","0x0055811e","FUN_00558100"
"0x00557b70",".text","DATA","false","0x00557f7c","FUN_00557ec0"
"0x00557b70",".text","DATA","false","0x005580d6","FUN_00558030"
"0x00557b70",".text","DATA","false","0x00557f74","FUN_00557ec0"
"0x00557b70",".text","DATA","false","0x005580ce","FUN_00558030"
"0x00557bf0",".text","DATA","false","0x005578db","FUN_005578a0"
"0x00557c60",".text","DATA","false","0x005578d6","FUN_005578a0"
"0x00557cb0",".text","DATA","false","0x005578b6","FUN_005578a0"
"0x00557d90",".text","DATA","false","0x005578bb","FUN_005578a0"
"0x00557e50",".text","DATA","false","0x005578a5","FUN_005578a0"
"0x00557e90",".text","DATA","false","0x005578a0","FUN_005578a0"
"0x00561f40",".text","DATA","false","0x004f85cf","FUN_004f8580"
"0x00561f40",".text","DATA","false","0x004f85aa","FUN_004f8580"
"0x00561f40",".text","DATA","false","0x004f85d4","FUN_004f8580"
"0x00561f40",".text","DATA","false","0x004f85a5","FUN_004f8580"
"0x00561f40",".text","DATA","false","0x00561ef6","FUN_00561ee0"
"0x00561f40",".text","DATA","false","0x0053d10b","FUN_0053d0b0"
"0x00561f40",".text","DATA","false","0x0053d165","FUN_0053d0b0"
"0x00561f40",".text","DATA","false","0x005578c0","FUN_005578a0"
"0x00561f50",".text","DATA","false","0x00561f0c","FUN_00561ee0"
"0x00561f80",".text","DATA","false","0x00561f11","FUN_00561ee0"
"0x00561ff0",".text","DATA","false","0x00561f07","FUN_00561ee0"
"0x005620c0",".text","DATA","false","0x0056209b","FUN_00562010"
"0x00562490",".text","DATA","false","0x00562467","FUN_00562460"
"0x00562ac0",".text","DATA","false","0x0056262d","FUN_00562600"
"0x00569140",".text","DATA","false","0x0055fdb5","FUN_0055f800"
"0x005697f0",".text","DATA","false","0x0055fdbf","FUN_0055f800"
"0x0056b310",".text","DATA","false","0x0055fd8e","FUN_0055f800"
"0x0057c2e0",".text","DATA","false","0x0057c27a","FUN_0057c270"
"0x00583304",".text","DATA","false","0x00583235","FUN_00583150"
"0x00583318",".text","DATA","false","0x00583291","FUN_00583150"
"0x00585360",".text","DATA","false","0x005850eb","FUN_00584f40"
"0x00585d20",".text","DATA","false","0x00585ca7","FUN_00585b60"
"0x00585d20",".text","DATA","false","0x00585e65","FUN_00585d70"
"0x00585d50",".text","DATA","false","0x00585cbb","FUN_00585b60"
"0x00585d50",".text","DATA","false","0x00585e79","FUN_00585d70"
"0x0058d3c4",".text","DATA","false","0x0058a054","FUN_00589fa0"
"0x0058d3df",".text","DATA","false","0x0058a04e","FUN_00589fa0"
"0x0058d458",".text","DATA","false","0x0058b273","FUN_00589fa0"
"0x0058d477",".text","DATA","false","0x0058b26d","FUN_00589fa0"
"0x0058d4dc",".text","DATA","false","0x0058c27a","FUN_00589fa0"
"0x0058d4f0",".text","DATA","false","0x0058c280","FUN_00589fa0"
"0x0058d537",".text","DATA","false","0x0058c4b7","FUN_00589fa0"
"0x0058d554",".text","DATA","false","0x0058c4bd","FUN_00589fa0"
"0x0058d5a8",".text","DATA","false","0x0058c722","FUN_00589fa0"
"0x0058d5ec",".text","DATA","false","0x0058c71c","FUN_00589fa0"
"0x0058d655",".text","DATA","false","0x0058cfeb","FUN_00589fa0"
"0x0058d668",".text","DATA","false","0x0058cff1","FUN_00589fa0"
"0x0058f350",".text","DATA","false","0x0058f24b","FUN_0058f240"
"0x005960a8",".text","DATA","false","0x00595f2c","FUN_00595f10"
"0x0059bd14",".text","DATA","false","0x0059bc42","FUN_0059bc20"
"0x0059dd50",".text","DATA","false","0x0059dd14","FUN_0059dc80"
"0x0059dd50",".text","DATA","false","0x005a51d9","FUN_005a5020"
"0x0059dd50",".text","DATA","false","0x005a5552","FUN_005a52c0"
"0x0059e6d0",".text","DATA","false","0x0059e5a4","FUN_0059e500"
"0x0059e720",".text","DATA","false","0x0059e5f9","FUN_0059e500"
"0x0059f564",".text","DATA","false","0x0059ecfd","FUN_0059ec20"
"0x005a0d94",".text","DATA","false","0x0059f62c","FUN_0059f5d0"
"0x005a1478",".text","DATA","false","0x005a1335","qh_printend"
"0x005a1485",".text","DATA","false","0x005a132f","qh_printend"
"0x005a5790",".text","DATA","false","0x005a4ddf","qh_printvdiagram"
"0x005a5790",".text","DATA","false","0x005a4d50","qh_printvdiagram"
"0x005a5fd0",".text","DATA","false","0x005a5f14","FUN_005a5f00"
"0x005a6010",".text","DATA","false","0x005a5f0f","FUN_005a5f00"
"0x005a6010",".text","DATA","false","0x005a6049","FUN_005a6030"
"0x005a6220",".text","DATA","false","0x005a61cb","FUN_005a61b0"
"0x005a6233",".text","DATA","false","0x005a61c5","FUN_005a61b0"
"0x005a6640",".text","DATA","false","0x005a657c","FUN_005a6340"
"0x005a66c0",".text","DATA","false","0x005a658d","FUN_005a6340"
"0x005a73a0",".text","DATA","false","0x005a7293","FUN_005a71f0"
"0x005a8460",".text","DATA","false","0x005a82a8","FUN_005a8060"
"0x005a84d0",".text","DATA","false","0x005a8301","FUN_005a8060"
"0x005a8640",".text","DATA","false","0x005a85a4","FUN_005a8560"
"0x005a8640",".text","DATA","false","0x005a8591","FUN_005a8560"
"0x005a8680",".text","DATA","false","0x005a82b6","FUN_005a8060"
"0x005a91b0",".text","DATA","false","0x005a9160","FUN_005a8f30"
"0x005aa180",".text","DATA","false","0x005aa00a","FUN_005a9ff0"
"0x005aa8d0",".text","DATA","false","0x005aa8ac","FUN_005aa8a0"
"0x005aaaa0",".text","DATA","false","0x005ac425","FUN_005ac210"
"0x005aac00",".text","DATA","false","0x005aabe5","FUN_005aabe0"
"0x005ab100",".text","DATA","false","0x005ab0df","FUN_005ab090"
"0x005ab100",".text","DATA","false","0x005ab30a","FUN_005ab2f0"
"0x005ab100",".text","DATA","false","0x005ab354","FUN_005ab340"
"0x005ac770",".text","DATA","false","0x005ac324","FUN_005ac210"
"0x005ac930",".text","DATA","false","0x005ac90e","FUN_005ac900"
"0x005aead0",".text","DATA","false","0x004ccec7","FUN_004cce20"
"0x005aead0",".text","DATA","false","0x005aeaaf","FUN_005aea60"
"0x005aef70",".text","DATA","false","0x005aef41","FUN_005aef30"
"0x005af140",".text","DATA","false","0x005af109","FUN_005af070"
"0x005af2a0",".text","DATA","false","0x005af266","FUN_005af260"
"0x005af2a0",".text","DATA","false","0x005af279","FUN_005af260"
"0x005af2a0",".text","DATA","false","0x005af288","FUN_005af260"
"0x005af414",".text","DATA","false","0x005af317","FUN_005af300"
"0x005af45c",".text","DATA","false","0x005af43f","FUN_005af430"
"0x005af4f0",".text","DATA","false","0x005af481","FUN_005af470"
"0x005af670",".text","DATA","false","0x005af61b","FUN_005af600"
"0x005af670",".text","DATA","false","0x005af62d","FUN_005af600"
"0x005af780",".text","DATA","false","0x005af762","FUN_005af740"
"0x005af780",".text","DATA","false","0x005af76e","FUN_005af740"
"0x005b0a70",".text","DATA","false","0x005b098e","FUN_005b0970"
"0x005b1240",".text","DATA","false","0x005b1364","FUN_005b1260"
"0x005b1240",".text","DATA","false","0x005b11f6","FUN_005b11f0"
"0x005b1250",".text","DATA","false","0x005b11fc","FUN_005b11f0"
"0x005b1250",".text","DATA","false","0x005b136f","FUN_005b1260"
"0x005b15e0",".text","DATA","false","0x005b14d3","FUN_005b1260"
"0x005b15e0",".text","DATA","false","0x005b21be","FUN_005b2190"
"0x005b15e0",".text","DATA","false","0x005b21fc","FUN_005b2190"
"0x005b2e70",".text","DATA","false","0x005b2e40","FUN_005b2de0"
"0x005b45ec",".text","DATA","false","0x005b4323","FUN_005b41f0"
"0x005b45fc",".text","DATA","false","0x005b4418","FUN_005b41f0"
"0x005b460c",".text","DATA","false","0x005b4491","FUN_005b41f0"
"0x005b6e60",".text","DATA","false","0x005b6e10","FUN_005b6be0"
"0x005b7040",".text","DATA","false","0x005b6e26","FUN_005b6be0"
"0x005b7750",".text","DATA","false","0x005b76f0","FUN_005b74c0"
"0x005b7a90",".text","DATA","false","0x005b770d","FUN_005b74c0"
"0x005b8910",".text","DATA","false","0x005b88b0","FUN_005b8680"
"0x005b92d0",".text","DATA","false","0x005b88cd","FUN_005b8680"
"0x005baa40",".text","DATA","false","0x005ba9f7","FUN_005ba7f0"
"0x005bafdc",".text","DATA","false","0x005bafb1","FUN_005baf90"
"0x005bb380",".text","DATA","false","0x005bb305","FUN_005bb000"
"0x005bcef0",".text","DATA","false","0x005bcea5","FUN_005bce80"
"0x005bd640",".text","DATA","false","0x005bceb1","FUN_005bce80"
"0x005bdd00",".text","DATA","false","0x005bdc88","FUN_005bdc70"
"0x005be4d0",".text","DATA","false","0x005be3d5","FUN_005be260"
"0x005be790",".text","DATA","false","0x005be36a","FUN_005be260"
"0x005be870",".text","DATA","false","0x005be296","FUN_005be260"
"0x005c6863",".text","DATA","false","0x00462645","FUN_004625b0"
"0x005c6f50",".text","DATA","false","0x005c6ef6","FUN_005c6cc0"
"0x005c70d0",".text","DATA","false","0x005c6f0c","FUN_005c6cc0"
"0x005c7d30",".text","DATA","false","0x005c7cc6","FUN_005c7a90"
"0x005c8010",".text","DATA","false","0x005c7cea","FUN_005c7a90"
"0x005c83a0",".text","DATA","false","0x005c8350","FUN_005c8120"
"0x005c8810",".text","DATA","false","0x005c835c","FUN_005c8120"
"0x005c89a0",".text","DATA","false","0x005c836d","FUN_005c8120"
"0x005ca30b",".text","DATA","false","0x004944c5","FUN_004944c0"
"0x005ca32b",".text","DATA","false","0x00494828","FUN_00494820"
"0x005ca348",".text","DATA","false","0x0049c932","FUN_0049c930"
"0x005ca348",".text","DATA","false","0x0049c992","FUN_0049c990"
"0x005ca348",".text","DATA","false","0x0049ca62","FUN_0049ca60"
"0x005ca348",".text","DATA","false","0x0049ca02","FUN_0049ca00"
"0x005ca348",".text","DATA","false","0x0049cb22","FUN_0049cb20"
"0x005ca348",".text","DATA","false","0x0049cbd2","FUN_0049cbd0"
"0x005ca370",".text","DATA","false","0x0049ccd2","FUN_0049ccd0"
"0x005ca370",".text","DATA","false","0x0049cd72","FUN_0049cd70"
"0x005ca370",".text","DATA","false","0x0049ce12","FUN_0049ce10"
"0x005ca388",".text","DATA","false","0x0049db08","FUN_0049db00"
"0x005ca3be",".text","DATA","false","0x0049dd62","FUN_0049dd60"
"0x005ca420",".text","DATA","false","0x0049de92","FUN_0049de90"
"0x005ca443",".text","DATA","false","0x0049df72","FUN_0049df70"
"0x005ca443",".text","DATA","false","0x0049e4b2","FUN_0049e4b0"
"0x005ca480",".text","DATA","false","0x0049e6c2","FUN_0049e6c0"
"0x005ca4e8",".text","DATA","false","0x004a0382","FUN_004a0380"
"0x005ca4e8",".text","DATA","false","0x0049ef68","FUN_0049ef60"
"0x005ca528",".text","DATA","false","0x0049fac2","FUN_0049fac0"
"0x005ca548",".text","DATA","false","0x004a01b2","FUN_004a01b0"
"0x005ca568",".text","DATA","false","0x004a0222","FUN_004a0220"
"0x005ca568",".text","DATA","false","0x004a02d2","FUN_004a02d0"
"0x005ca5ab",".text","DATA","false","0x0049f0a2","FUN_0049f0a0"
"0x005ca5ab",".text","DATA","false","0x004a0ab2","FUN_004a0ab0"
"0x005ca5d3",".text","DATA","false","0x0049f302","FUN_0049f300"
"0x005ca5d3",".text","DATA","false","0x004a0d12","FUN_004a0d10"
"0x005ca608",".text","DATA","false","0x004a21a2","FUN_004a21a0"
"0x005ca628",".text","DATA","false","0x004a2252","FUN_004a2250"
"0x005ca668",".text","DATA","false","0x004a23e2","FUN_004a23e0"
"0x005ca68b",".text","DATA","false","0x004a28b2","FUN_004a28b0"
"0x005ca695",".text","DATA","false","0x004fbdd5","FUN_004fbdd5"
