rva	name	conf	size	n_callers	n_orphan_sites	best_caller	all_callers	orphan_sites	verdict
0x004cbb50	FUN_004cbb50	C2	11	3	0	0x004f8730(C2)	004f8730:C2;00543a40:C1;0049ab10:C2	-	GATE_PASS
0x00495110	FUN_00495110	C2	11	1	0	0x00492770(C4)	00492770:C4	-	GATE_PASS
0x0048bc10	FUN_0048bc10	C2	13	1	0	0x0040bd00(C2)	0040bd00:C2	-	GATE_PASS
0x0041a3d0	FUN_0041a3d0	C2	13	1	0	0x00402a40(C2)	00402a40:C2	-	GATE_PASS
0x0041c2c0	FUN_0041c2c0	C2	13	1	0	0x00402a40(C2)	00402a40:C2	-	GATE_PASS
0x0041da80	FUN_0041da80	C2	13	1	0	0x00402a40(C2)	00402a40:C2	-	GATE_PASS
0x0041de70	FUN_0041de70	C2	13	1	0	0x00402a40(C2)	00402a40:C2	-	GATE_PASS
0x00425ed0	FUN_00425ed0	C2	13	1	0	0x00402a40(C2)	00402a40:C2	-	GATE_PASS
0x004af32d	FUN_004af32d	C2	13	1	0	0x004a3258(C3)	004a3258:C3	-	GATE_PASS
0x00404820	FUN_00404820	C2	13	1	0	0x0045b930(C2)	0045b930:C2	-	GATE_PASS
0x0041d6d0	FUN_0041d6d0	C2	14	1	0	0x0041d890(C2)	0041d890:C2	-	GATE_PASS
0x005b8080	FUN_005b8080	C2	15	1	0	0x005b1500(C2)	005b1500:C2	-	GATE_PASS
0x0049a730	FUN_0049a730	C2	16	1	0	0x0049a0e0(C2)	0049a0e0:C2	-	GATE_PASS
0x004b4120	FUN_004b4120	C2	16	1	0	0x0048a4e0(C2)	0048a4e0:C2	-	GATE_PASS
0x005b1080	FUN_005b1080	C2	18	2	1	0x005b7110(C2)	005b7110:C2;005bd6f0:C2	005c8cda	GATE_PASS
0x00499cc0	sub_00499cc0	C2	18	1	0	0x00492370(C2)	00492370:C2	-	GATE_PASS
0x004a45fb	_malloc	C2	18	37	1	0x004abc53(C3)	004a7800:C2;00498c00:C2;004a4739:C2;004a5fbf:C2;004a974d:C2;004a9a58:C2;004aa2c2:C2;004abc53:C3;004abe86:C2;004abf28:C3;004ac04a:C2;004ac367:C2;004af166:C2;004af80a:C2;004af601:C2;004b008f:C2;004b274e:C2;004b319b:C2;004b35d3:C2;004b3572:C2;004b3ac1:C2;005c192c:C2;004a504f:C2;005c4440:C2;004b2efe:C2;004b37ea:C2;004b391a:C2;004b1433:C2;004b16d9:C2;004b1918:C2;005207c0:C2;005208c0:C2;004a40fe:C2;005aeaf0:C2;004aec1d:C2;004ae635:C2;004ae820:C2	004ccef5	GATE_PASS
0x0049f210	FUN_0049f210	C2	19	1	0	0x004a06c0(C2)	004a06c0:C2	-	GATE_PASS
0x004a77eb	FUN_004a77eb	C2	21	25	0	0x004a3258(C3)	004a4660:C2;004a7800:C2;004a45c6:C2;004a4728:C2;004a3258:C3;004a31ea:C2;004a48a1:C2;004a5f6d:C2;004a5f9c:C2;004a93f9:C2;004aa00c:C2;004a9a58:C2;004aa03a:C2;004aa3db:C2;004af2ad:C2;004af56c:C2;004ae62c:C2;004af601:C2;004aefc7:C2;004b0e40:C2;004a973b:C2;004ad3e3:C2;004a89ef:C2;004a89fb:C2;004aed66:C2	-	GATE_PASS
0x00421690	FUN_00421690	C2	22	1	0	0x00424eb0(C2)	00424eb0:C2	-	GATE_PASS
0x00454f80	FUN_00454f80	C2	22	1	0	0x00407800(C2)	00407800:C2	-	GATE_PASS
0x0041e850	sub_0041e850	C2	22	1	0	0x0040dfc0(C3)	0040dfc0:C3	-	GATE_PASS
0x00491780	FUN_00491780	C2	23	1	0	0x00426e10(C2)	00426e10:C2	-	GATE_PASS
0x004a2c2f	FUN_004a2c2f	C2	23	1	0	0x004a31f3(C3)	004a31f3:C3	-	GATE_PASS
0x004039c0	FUN_004039c0	C2	23	1	0	0x0045bae0(C2)	0045bae0:C2	-	GATE_PASS
0x005ae380	FUN_005ae380	C2	24	1	0	0x005ae330(C2)	005ae330:C2	-	GATE_PASS
0x00403640	FUN_00403640	C2	24	1	0	0x00402750(C2)	00402750:C2	-	GATE_PASS
0x004cfe20	FUN_004cfe20	C2	25	1	0	0x004c7a70(C2)	004c7a70:C2	-	GATE_PASS
0x005a6c90	FUN_005a6c90	C2	25	2	0	0x005a6b70(C2)	005a6b70:C2;005a6cb0:C2	-	GATE_PASS
0x005ad8b0	FUN_005ad8b0	C2	25	2	0	0x005ad770(C2)	005ad770:C2;005ada40:C2	-	GATE_PASS
0x005571c0	FontSys_ShutdownFontPool	C2	25	1	0	0x00552b90(C2)	00552b90:C2	-	GATE_PASS
0x00421980	FUN_00421980	C2	26	3	0	0x00421c80(C2)	00421c80:C2;00421c10:C2;004219a0:C2	-	GATE_PASS
0x004aa3e4	___heap_select	C2	26	1	0	0x004aa3fe(C2)	004aa3fe:C2	-	GATE_PASS
0x00496ce0	FUN_00496ce0	C2	27	1	0	0x00402a40(C2)	00402a40:C2	-	GATE_PASS
0x004c7600	FUN_004c7600	C2	28	5	5	0x004c6ba0(C2)	0054f8d0:C1;0054fd60:C1;004c6ba0:C2;004de1b0:C2;004df120:C2	004c7307;004c7452;004dd5fc;004ddbc7	GATE_PASS
0x005bcd80	FUN_005bcd80	C2	28	2	0	0x005bcc70(C2)	005bcc70:C2;005bf4d0:C2	-	GATE_PASS
0x00421960	FUN_00421960	C2	30	1	0	0x00421d20(C2)	00421d20:C2	-	GATE_PASS
0x004b8080	FUN_004b8080	C2	31	1	2	0x004b87e0(C2)	004b87e0:C2	004b7a40;004b7a5a	GATE_PASS
0x004c0ed0	FUN_004c0ed0	C2	31	38	16	0x00552e40(C2)	00552e40:C2;004e6680:C2;0041f290:C2;0041faf0:C2;0047bf70:C2;00487280:C2;004b42c0:C2;004e6100:C1;00406ce0:C2;00406160:C2;004064c0:C2;00405ab0:C2;00406410:C2;0041f1e0:C2;00420870:C2;0041f590:C2;0041f220:C2;0041f060:C2;0047c160:C2;00481a30:C2;0048a4e0:C2;0045a590:C2;0045a950:C2;004568d0:C2;0053c5d0:C1;0053ccc0:C1;00454350:C2;00541b50:C1;005422c0:C1;00533ec0:C1;00496ec0:C2;0044bfa0:C2;0044bbc0:C2;004541e0:C2;00455150:C2;00455b50:C2;00458080:C2;0045b390:C2	00422328;00422338;004e38f9;004e3f69	GATE_PASS
0x00494460	sub_00494460	C2	32	1	0	0x00495350(C2)	00495350:C2	-	GATE_PASS
0x005aeed0	FUN_005aeed0	C2	33	2	0	0x005ab620(C2)	005ab620:C2;005ab560:C2	-	GATE_PASS
0x004cbb20	FUN_004cbb20	C2	34	2	0	0x0049aae0(C2)	00543710:C1;0049aae0:C2	-	GATE_PASS
0x004d8770	RwStringGetSizeAligned	C2	34	2	0	0x004cf4a0(C2)	004cf4a0:C2;004cf460:C2	-	GATE_PASS
0x0045c820	FUN_0045c820	C2	34	1	0	0x0045cd30(C2)	0045cd30:C2	-	GATE_PASS
0x00418db0	FUN_00418db0	C2	35	1	0	0x00419530(C2)	00419530:C2	-	GATE_PASS
0x004c40b0	FUN_004c40b0	C2	35	1	0	0x004c7a70(C2)	004c7a70:C2	-	GATE_PASS
0x004c5770	FUN_004c5770	C2	35	3	1	0x00552b90(C2)	00552b90:C2;004593b0:C2;00551a50:C1	005516fa	GATE_PASS
0x004c5dd0	FUN_004c5dd0	C2	35	1	0	0x004d0290(C2)	004d0290:C2	-	GATE_PASS
0x005af200	FUN_005af200	C2	35	4	0	0x005af260(C2)	005af260:C2;005af600:C2;005af740:C2;005a8560:C2	-	GATE_PASS
0x0048fef0	FUN_0048fef0	C2	35	1	0	0x0048ff20(C2)	0048ff20:C2	-	GATE_PASS
0x004c1be0	sub_004c1be0	C2	35	7	0	0x004026d0(C3)	004026d0:C3;00428590:C2;00492e90:C2;00495350:C2;00428a30:C2;00428bf0:C2;00428d30:C2	-	GATE_PASS
0x004c7620	FUN_004c7620	C2	36	2	5	0x004de1b0(C2)	004de1b0:C2;004df120:C2	004dd481;004dd4c2;004ddac8;004ddb04	GATE_PASS
0x004c79f0	FUN_004c79f0	C2	36	2	0	0x004d1020(C2)	004d1020:C2;004d07b0:C2	-	GATE_PASS
0x0041f290	FUN_0041f290	C2	36	9	0	0x00404650(C2)	00404650:C2;0040ca00:C2;0040d8f0:C2;004212b0:C2;00421d20:C2;0048f8a0:C2;0048fb10:C2;00490020:C2;004039f0:C2	-	GATE_PASS
0x00451730	FUN_00451730	C2	36	1	0	0x00485460(C2)	00485460:C2	-	GATE_PASS
0x0048bbe0	FUN_0048bbe0	C2	36	1	0	0x0040bbb0(C2)	0040bbb0:C2	-	GATE_PASS
0x005af7a0	FUN_005af7a0	C2	37	1	0	0x005af510(C2)	005af510:C2	-	GATE_PASS
0x0049ff30	FUN_0049ff30	C2	37	1	0	0x0049cd70(C2)	0049cd70:C2	-	GATE_PASS
0x00412100	FUN_00412100	C2	38	1	0	0x0040bde0(C2)	0040bde0:C2	-	GATE_PASS
0x005a60e0	FUN_005a60e0	C2	38	2	0	0x0045d430(C2)	0045d430:C2;005a6030:C2	-	GATE_PASS
0x005b10a0	FUN_005b10a0	C2	38	1	0	0x005b1140(C2)	005b1140:C2	-	GATE_PASS
0x005b10e0	FUN_005b10e0	C2	38	2	2	0x005b1110(C2)	005b1110:C2;005b1030:C2	005be7d5;005be6c0	GATE_PASS
0x00495080	FUN_00495080	C2	38	1	0	0x0043dfd0(C2)	0043dfd0:C2	-	GATE_PASS
0x005a9de0	FUN_005a9de0	C2	39	1	8	0x005a62b0(C2)	005a62b0:C2	005a8053;005a8f13;005b74b3;005b865f	GATE_PASS
0x005b3550	FUN_005b3550	C2	39	1	0	0x005a9d00(C2)	005a9d00:C2	-	GATE_PASS
0x0048fce0	FUN_0048fce0	C2	39	1	0	0x0040bde0(C2)	0040bde0:C2	-	GATE_PASS
0x0048fd10	FUN_0048fd10	C2	39	1	0	0x0040bde0(C2)	0040bde0:C2	-	GATE_PASS
0x004292d0	sub_004292d0	C2	39	6	1	0x004111c0(C2)	004111c0:C2;004844a0:C2;004270f0:C2;00484580:C2;0040b090:C2;00409790:C2	00484455	GATE_PASS
0x0045d430	FUN_0045d430	C2	39	2	0	0x004926c0(C2)	004926c0:C2;00429290:C2	-	GATE_PASS
0x0048f740	FUN_0048f740	C2	39	2	0	0x0040bd80(C2)	0040bd80:C2;0040e590:C2	-	GATE_PASS
0x00557220	FontSys_ShutdownDataPools	C2	39	1	0	0x00552b90(C2)	00552b90:C2	-	GATE_PASS
0x0045da60	FUN_0045da60	C2	40	1	0	0x0045e040(C2)	0045e040:C2	-	GATE_PASS
0x00534920	FUN_00534920	C2	40	1	0	0x00493640(C2)	00493640:C2	-	GATE_PASS
0x00550950	FUN_00550950	C2	41	2	0	0x004cbd30(C3)	004cbd30:C3;005ab710:C2	-	GATE_PASS
0x00483a40	FUN_00483a40	C2	41	1	0	0x004114e0(C3)	004114e0:C3	-	GATE_PASS
0x00485380	FUN_00485380	C2	41	1	0	0x00485420(C2)	00485420:C2	-	GATE_PASS
0x00425b90	FUN_00425b90	C2	41	1	0	0x00425c00(C2)	00425c00:C2	-	GATE_PASS
0x005a5d60	FUN_005a5d60	C2	42	1	0	0x005a5910(C2)	005a5910:C2	-	GATE_PASS
0x0055c810	PhysicsBodySetLinearVelocity	C2	44	3	0	0x0047fad0(C2)	0047fad0:C2;0047fc40:C2;0047d3c0:C2	-	GATE_PASS
0x0045dfc0	FUN_0045dfc0	C2	46	1	0	0x00466b50(C2)	00466b50:C2	-	GATE_PASS
0x0041c090	FUN_0041c090	C2	46	1	0	0x0040fc00(C2)	0040fc00:C2	-	GATE_PASS
0x00430b30	FUN_00430b30	C2	46	2	0	0x00448220(C2)	00448220:C2;00434720:C2	-	GATE_PASS
0x00482900	FUN_00482900	C2	48	3	0	0x004113b0(C2)	004113b0:C2;00411d90:C2;00482930:C2	-	GATE_PASS
0x004b5190	FUN_004b5190	C2	49	13	7	0x0041ad60(C3)	00419090:C2;0041ad60:C3;0041b690:C2;0041c320:C3;0041cd20:C3;004b51d0:C2;00407800:C2;00420420:C2;0041fe10:C2;00421a90:C2;00426460:C2;00456760:C2;004548e0:C2	004554a0;0045553b;00458449;0045a70c	GATE_PASS
0x005571e0	FontSys_InitFontPool	C2	49	1	0	0x00552b60(C2)	00552b60:C2	-	GATE_PASS
0x0041b4d0	FUN_0041b4d0	C2	50	1	0	0x004111c0(C2)	004111c0:C2	-	GATE_PASS
0x0041f1e0	FUN_0041f1e0	C2	51	4	0	0x00412f30(C2)	00412f30:C2;00420e00:C2;00485c20:C2;00451ad0:C2	-	GATE_PASS
0x00556ce0	FontSys_ShutdownBuffers	C2	54	1	0	0x00552b90(C2)	00552b90:C2	-	GATE_PASS
0x00494a80	sub_00494a80	C2	55	1	0	0x00495350(C2)	00495350:C2	-	GATE_PASS
0x00485420	FUN_00485420	C2	59	1	0	0x004694e0(C2)	004694e0:C2	-	GATE_PASS
0x0041d830	FUN_0041d830	C2	59	1	0	0x0040fc00(C2)	0040fc00:C2	-	GATE_PASS
0x00413f50	FUN_00413f50	C2	64	1	0	0x0040bde0(C2)	0040bde0:C2	-	GATE_PASS
0x00411530	Replay::GetTimeAtIdx	C2	65	2	0	0x004115c0(C3)	004115c0:C3;00411580:C3	-	GATE_PASS
0x00556e40	FUN_00556e40	C2	67	1	0	0x00427620(C2)	00427620:C2	-	GATE_PASS
0x00418de0	FUN_00418de0	C2	73	3	0	0x00418e30(C2)	00418e30:C2;00419760:C2;00419a00:C2	-	GATE_PASS
0x00556d20	FontSys_InitBuffers	C2	73	1	0	0x00552b60(C2)	00552b60:C2	-	GATE_PASS
0x0055c4f0	PhysicsBodySetFriction	C2	76	9	0	0x004218d0(C2)	004218d0:C2;0047fad0:C2;0047f840:C2;0047f940:C2;0047fc40:C2;0047fe00:C2;0047ff70:C2;0055c4f0:C2;0047d3c0:C2	-	GATE_PASS
0x00411350	Replay::TimeFormat	C2	87	4	0	0x00411600(C3)	00411d90:C2;00411530:C2;00429310:C2;00411600:C3	-	GATE_PASS
0x004391b0	FUN_004391b0	C2	88	1	0	0x00439210(C4)	00439210:C4	-	GATE_PASS
0x004a2b60	FUN_004a2b60	C2	88	34	0	0x004625b0(C3)	00401630:C2;00401000:C2;004625b0:C3;004627f0:C2;00402b70:C2;00497190:C2;00498860:C2;00498a00:C2;00428a30:C2;00428bf0:C2;00407800:C2;004095a0:C2;00423480:C3;00425c00:C2;00462950:C2;0042f400:C2;004b7f70:C2;0042c3c0:C2;00448220:C2;004368e0:C2;00434720:C2;0042d290:C3;0058d810:C1;0058ed00:C1;00589fa0:C1;004b7e30:C2;004bb130:C2;004bca50:C2;004bcaf0:C2;004ba9e0:C2;004c0610:C2;00496490:C2;00405780:C2;00497b60:C2	-	GATE_PASS
0x00422470	FUN_00422470	C2	94	1	0	0x0041f770(C2)	0041f770:C2	-	GATE_PASS
0x00426b40	FUN_00426b40	C2	94	1	0	0x0040cfd0(C2)	0040cfd0:C2	-	GATE_PASS
0x004b6b00	FUN_004b6b00	C2	3	0	7	-	-	004b6cb4;004b6d67;004b6ddc;004b6eb3	ORPHAN_BLOCK_CALLERS
0x0049c6d0	FUN_0049c6d0	C2	10	19	0	0x005ca340(C1)	005ca340:C1;005ca360:C1;005ca368:C1;005ca380:C1;005ca450:C1;005ca430:C1;005ca470:C1;005ca478:C1;005ca490:C1;005ca498:C1;005ca4a0:C1;005ca4a8:C1;005ca4c0:C1;005ca4c8:C1;005ca4e0:C1;005ca500:C1;005ca560:C1;005ca600:C1;005ca620:C1	-	GATE_FAIL_CALLERS_C1
0x00454c00	FUN_00454c00	C2	12	0	1	-	-	00454e60	ORPHAN_BLOCK_CALLERS
0x00407580	FUN_00407580	C2	17	0	1	-	-	00458960	ORPHAN_BLOCK_CALLERS
0x004af31a	LAB_004af31a	C2	19	0	0	-	-	-	NO_CALLERS_FOUND
0x005aaff0	FUN_005aaff0	C2	21	0	1	-	-	005aafd0	ORPHAN_BLOCK_CALLERS
0x00456ce0	FUN_00456ce0	C2	21	0	1	-	-	00456d42	ORPHAN_BLOCK_CALLERS
0x00471430	FUN_00471430	C2	22	0	1	-	-	0047b3dd	ORPHAN_BLOCK_CALLERS
0x0049d0a0	FUN_0049d0a0	C2	23	0	2	-	-	0049d78f;0049d8ce	ORPHAN_BLOCK_CALLERS
0x004921b0	FUN_004921b0	C2	25	0	1	-	-	00449070	ORPHAN_BLOCK_CALLERS
0x0049c770	FUN_0049c770	C2	26	0	0	-	-	-	NO_CALLERS_FOUND
0x0047cde0	FUN_0047cde0	C2	27	0	1	-	-	00453e47	ORPHAN_BLOCK_CALLERS
0x0047ce20	FUN_0047ce20	C2	27	0	1	-	-	0045643b	ORPHAN_BLOCK_CALLERS
0x00456d00	FUN_00456d00	C2	28	0	2	-	-	00456d29;0045777a	ORPHAN_BLOCK_CALLERS
0x0049c750	FUN_0049c750	C2	28	0	0	-	-	-	NO_CALLERS_FOUND
0x005b1160	FUN_005b1160	C2	29	0	3	-	-	005b77dd;005bd1a8;005b7960	ORPHAN_BLOCK_CALLERS
0x0049f2e0	FUN_0049f2e0	C2	29	0	0	-	-	-	NO_CALLERS_FOUND
0x004cbb00	FUN_004cbb00	C2	30	0	5	-	-	0049a828;0049a839;0049a84a;0049a858	ORPHAN_BLOCK_CALLERS
0x005bfb90	FUN_005bfb90	C2	30	0	1	-	-	005be861	ORPHAN_BLOCK_CALLERS
0x00451cc0	FUN_00451cc0	C2	30	0	4	-	-	00451fc8;004520e5;00452ad5;00452af5	ORPHAN_BLOCK_CALLERS
0x0047b230	FUN_0047b230	C2	31	0	0	-	-	-	NO_CALLERS_FOUND
0x004b7fd0	FUN_004b7fd0	C2	31	0	0	-	-	-	NO_CALLERS_FOUND
0x004d5550	FUN_004d5550	C2	31	0	6	-	-	0049a3ad;0049a3bb;0049a3c9;0049a7b5	ORPHAN_BLOCK_CALLERS
0x00474f30	FUN_00474f30	C2	32	0	0	-	-	-	NO_CALLERS_FOUND
0x005bfa20	FUN_005bfa20	C2	32	0	1	-	-	005be50f	ORPHAN_BLOCK_CALLERS
0x00496970	FUN_00496970	C2	34	0	0	-	-	-	NO_CALLERS_FOUND
0x0047b200	FUN_0047b200	C2	35	0	0	-	-	-	NO_CALLERS_FOUND
0x00407550	FUN_00407550	C2	35	0	1	-	-	00407687	ORPHAN_BLOCK_CALLERS
0x0052ddc0	FUN_0052ddc0	C2	35	0	2	-	-	005517a5;005519c1	ORPHAN_BLOCK_CALLERS
0x0047acd0	FUN_0047acd0	C2	36	0	0	-	-	-	NO_CALLERS_FOUND
0x0047ad00	FUN_0047ad00	C2	36	0	0	-	-	-	NO_CALLERS_FOUND
0x004cb2c0	FUN_004cb2c0	C2	36	0	2	-	-	004dc0dc;0049a897	ORPHAN_BLOCK_CALLERS
0x004722e0	FUN_004722e0	C2	37	0	1	-	-	0047234c	ORPHAN_BLOCK_CALLERS
0x00451060	FUN_00451060	C2	38	0	1	-	-	004492e6	ORPHAN_BLOCK_CALLERS
0x005ab010	FUN_005ab010	C2	39	0	1	-	-	005aafe0	ORPHAN_BLOCK_CALLERS
0x0049d240	FUN_0049d240	C2	43	0	0	-	-	-	NO_CALLERS_FOUND
0x0052df40	FUN_0052df40	C2	45	0	1	-	-	005517be	ORPHAN_BLOCK_CALLERS
0x00497470	FUN_00497470	C2	62	0	4	-	-	004983f9;0049843e;004984a1;004984bc	ORPHAN_BLOCK_CALLERS
0x00497b10	FUN_00497b10	C2	74	0	10	-	-	00498067;0049808a;004980ad;004980d0	ORPHAN_BLOCK_CALLERS
0x00484060	FUN_00484060	C2	75	0	1	-	-	0044914f	ORPHAN_BLOCK_CALLERS
0x004d8470	rwID_ERRORMODULE_dtor	C2		0	0	-	-	-	NOT_A_FUNCTION
0x004d8530	rwID_PIPEMODULE_ctor	C2		0	0	-	-	-	NOT_A_FUNCTION
