row,ppx,ppy,ppz,pdx,pdy,pdz,pzoom,pvw,ppairA,ppairB,mode,reset
0,0.133975,3.381609,5.006044,-0.036977,0.486019,-1.442864,2.749640,0.600000,0,3,0,0
1,0.215787,3.463676,5.122863,-0.075124,0.486019,-1.420627,2.749640,0.600000,0,3,0,0
2,0.270949,3.518033,5.200347,-0.100457,0.486019,-1.405971,2.749640,0.600000,0,3,0,0
3,0.306199,3.551741,5.248523,-0.116241,0.486019,-1.396959,2.749640,0.600000,0,3,0,0
4,0.327117,3.570629,5.275669,-0.125169,0.486019,-1.391994,2.749640,0.600000,0,3,0,0
5,0.338145,3.579322,5.288353,-0.129382,0.486019,-1.389808,2.749640,0.600000,0,3,0,0
6,0.341786,3.581406,5.291526,-0.130465,0.486019,-1.389356,2.749640,0.600000,0,3,0,0
7,0.341736,3.579433,5.288992,-0.129692,0.486019,-1.390025,2.749640,0.600000,0,3,0,0
8,0.339727,3.575258,5.283380,-0.127917,0.486019,-1.391305,2.749640,0.600000,0,3,0,0
9,0.336924,3.570142,5.276473,-0.125720,0.486019,-1.392846,2.749640,0.600000,0,3,0,0
10,0.334071,3.564893,5.269416,-0.123473,0.486019,-1.394427,2.749640,0.600000,0,3,0,0
11,0.331602,3.559990,5.262887,-0.121394,0.486019,-1.395912,2.749640,0.600000,0,3,0,0
12,0.328855,3.555754,5.257138,-0.119549,0.486019,-1.397155,2.749640,0.600000,0,3,0,0
13,0.327059,3.552188,5.252421,-0.118043,0.486019,-1.398232,2.749640,0.600000,0,3,0,0
14,0.326135,3.549290,5.248723,-0.116870,0.486019,-1.399137,2.749640,0.600000,0,3,0,0
15,0.325963,3.547004,5.245949,-0.115998,0.486019,-1.399883,2.749640,0.600000,0,3,0,0
16,0.326412,3.545242,5.243971,-0.115383,0.486019,-1.400490,2.749640,0.600000,0,3,0,0
17,0.327351,3.543911,5.242646,-0.114978,0.486019,-1.400981,2.749640,0.600000,0,3,0,0
18,0.327808,3.543015,5.241720,-0.114691,0.486019,-1.401300,2.749640,0.600000,0,3,0,0
19,0.328801,3.542349,5.241221,-0.114544,0.486019,-1.401572,2.749640,0.600000,0,3,0,0
20,0.330185,3.541849,5.241040,-0.114499,0.486019,-1.401810,2.749640,0.600000,0,3,0,0
21,0.331845,3.541462,5.241084,-0.114527,0.486019,-1.402024,2.749640,0.600000,0,3,0,0
22,0.333689,3.541146,5.241285,-0.114604,0.486019,-1.402221,2.749640,0.600000,0,3,0,0
23,0.335645,3.540871,5.241588,-0.114712,0.486019,-1.402409,2.749640,0.600000,0,3,0,0
24,0.336838,3.540737,5.241820,-0.114791,0.486019,-1.402512,2.749640,0.600000,0,3,0,0
25,0.338312,3.540573,5.242126,-0.114893,0.486019,-1.402637,2.749640,0.600000,0,3,0,0
26,0.339983,3.540377,5.242479,-0.115009,0.486019,-1.402779,2.749640,0.600000,0,3,0,0
27,0.341786,3.540150,5.242859,-0.115132,0.486019,-1.402936,2.749640,0.600000,0,3,0,0
28,0.343670,3.539891,5.243252,-0.115258,0.486019,-1.403104,2.749640,0.600000,0,3,0,0
29,0.345598,3.539605,5.243649,-0.115383,0.486019,-1.403281,2.749640,0.600000,0,3,0,0
30,0.346750,3.539439,5.243902,-0.115461,0.486019,-1.403384,2.749640,0.600000,0,3,0,0
31,0.348146,3.539212,5.244194,-0.115550,0.486019,-1.403515,2.749640,0.600000,0,3,0,0
32,0.349718,3.538933,5.244512,-0.115647,0.486019,-1.403668,2.749640,0.600000,0,3,0,0
33,0.351410,3.538614,5.244849,-0.115748,0.486019,-1.403837,2.749640,0.600000,0,3,0,0
34,0.353178,3.538262,5.245196,-0.115852,0.486019,-1.404016,2.749640,0.600000,0,3,0,0
35,0.354989,3.537884,5.245548,-0.115958,0.486019,-1.404203,2.749640,0.600000,0,3,0,0
36,0.356062,3.537654,5.245759,-0.116020,0.486019,-1.404315,2.749640,0.600000,0,3,0,0
37,0.357372,3.537360,5.246011,-0.116095,0.486019,-1.404453,2.749640,0.600000,0,3,0,0
38,0.358852,3.537016,5.246294,-0.116180,0.486019,-1.404612,2.749640,0.600000,0,3,0,0
39,0.360449,3.536630,5.246593,-0.116271,0.486019,-1.404786,2.749640,0.600000,0,3,0,0
40,0.362121,3.536213,5.246902,-0.116366,0.486019,-1.404969,2.749640,0.600000,0,3,0,0
41,0.363834,3.535772,5.247213,-0.116464,0.486019,-1.405159,2.749640,0.600000,0,3,0,0
42,0.364847,3.535503,5.247396,-0.116522,0.486019,-1.405272,2.749640,0.600000,0,3,0,0
43,0.366086,3.535165,5.247614,-0.116593,0.486019,-1.405412,2.749640,0.600000,0,3,0,0
44,0.367486,3.534771,5.247853,-0.116674,0.486019,-1.405572,2.749640,0.600000,0,3,0,0
45,0.368996,3.534334,5.248103,-0.116761,0.486019,-1.405747,2.749640,0.600000,0,3,0,0
46,0.370574,3.533863,5.248353,-0.116853,0.486019,-1.405931,2.749640,0.600000,0,3,0,0
47,0.372190,3.533365,5.248596,-0.116947,0.486019,-1.406122,2.749640,0.600000,0,3,0,0
48,0.373146,3.533064,5.248736,-0.117003,0.486019,-1.406235,2.749640,0.600000,0,3,0,0
49,0.374312,3.532685,5.248896,-0.117071,0.486019,-1.406376,2.749640,0.600000,0,3,0,0
50,0.375629,3.532245,5.249063,-0.117149,0.486019,-1.406537,2.749640,0.600000,0,3,0,0
51,0.377047,3.531757,5.249228,-0.117233,0.486019,-1.406712,2.749640,0.600000,0,3,0,0
52,0.378528,3.531233,5.249382,-0.117321,0.486019,-1.406897,2.749640,0.600000,0,3,0,0
53,0.380043,3.530680,5.249520,-0.117412,0.486019,-1.407089,2.749640,0.600000,0,3,0,0
54,0.380937,3.530346,5.249595,-0.117465,0.486019,-1.407203,2.749640,0.600000,0,3,0,0
55,0.382027,3.529927,5.249667,-0.117531,0.486019,-1.407344,2.749640,0.600000,0,3,0,0
56,0.383256,3.529441,5.249730,-0.117605,0.486019,-1.407505,2.749640,0.600000,0,3,0,0
57,0.384578,3.528903,5.249776,-0.117686,0.486019,-1.407681,2.749640,0.600000,0,3,0,0
58,0.385956,3.528325,5.249799,-0.117771,0.486019,-1.407867,2.749640,0.600000,0,3,0,0
59,0.387363,3.527718,5.249794,-0.117857,0.486019,-1.408059,2.749640,0.600000,0,3,0,0
60,0.388193,3.527352,5.249779,-0.117909,0.486019,-1.408174,2.749640,0.600000,0,3,0,0
61,0.389204,3.526892,5.249739,-0.117972,0.486019,-1.408316,2.749640,0.600000,0,3,0,0
62,0.390341,3.526360,5.249669,-0.118043,0.486019,-1.408478,2.749640,0.600000,0,3,0,0
63,0.391563,3.525773,5.249565,-0.118120,0.486019,-1.408654,2.749640,0.600000,0,3,0,0
64,0.392835,3.525143,5.249425,-0.118201,0.486019,-1.408841,2.749640,0.600000,0,3,0,0
65,0.394132,3.524481,5.249248,-0.118284,0.486019,-1.409034,2.749640,0.600000,0,3,0,0
66,0.394895,3.524083,5.249128,-0.118333,0.486019,-1.409149,2.749640,0.600000,0,3,0,0
67,0.395824,3.523583,5.248954,-0.118393,0.486019,-1.409292,2.749640,0.600000,0,3,0,0
68,0.396867,3.523007,5.248729,-0.118461,0.486019,-1.409454,2.749640,0.600000,0,3,0,0
69,0.397986,3.522370,5.248453,-0.118535,0.486019,-1.409631,2.749640,0.600000,0,3,0,0
70,0.399149,3.521688,5.248128,-0.118612,0.486019,-1.409819,2.749640,0.600000,0,3,0,0
71,0.400332,3.520973,5.247755,-0.118691,0.486019,-1.410013,2.749640,0.600000,0,3,0,0
72,0.401028,3.520543,5.247518,-0.118738,0.486019,-1.410128,2.749640,0.600000,0,3,0,0
73,0.401871,3.520004,5.247198,-0.118795,0.486019,-1.410272,2.749640,0.600000,0,3,0,0
74,0.402818,3.519382,5.246803,-0.118860,0.486019,-1.410435,2.749640,0.600000,0,3,0,0
75,0.403832,3.518697,5.246342,-0.118931,0.486019,-1.410613,2.749640,0.600000,0,3,0,0
76,0.404884,3.517964,5.245819,-0.119004,0.486019,-1.410801,2.749640,0.600000,0,3,0,0
77,0.405952,3.517197,5.245241,-0.119079,0.486019,-1.410996,2.749640,0.600000,0,3,0,0
78,0.406579,3.516735,5.244880,-0.119124,0.486019,-1.411112,2.749640,0.600000,0,3,0,0
79,0.407337,3.516158,5.244407,-0.119178,0.486019,-1.411255,2.749640,0.600000,0,3,0,0
80,0.408186,3.515492,5.243839,-0.119240,0.486019,-1.411419,2.749640,0.600000,0,3,0,0
81,0.409094,3.514760,5.243188,-0.119307,0.486019,-1.411598,2.749640,0.600000,0,3,0,0
82,0.410034,3.513977,5.242466,-0.119376,0.486019,-1.411787,2.749640,0.600000,0,3,0,0
83,0.410985,3.513158,5.241684,-0.119448,0.486019,-1.411982,2.749640,0.600000,0,3,0,0
84,0.411543,3.512665,5.241201,-0.119490,0.486019,-1.412099,2.749640,0.600000,0,3,0,0
85,0.412215,3.512050,5.240579,-0.119542,0.486019,-1.412243,2.749640,0.600000,0,3,0,0
86,0.412967,3.511341,5.239842,-0.119600,0.486019,-1.412408,2.749640,0.600000,0,3,0,0
87,0.413768,3.510561,5.239010,-0.119663,0.486019,-1.412587,2.749640,0.600000,0,3,0,0
88,0.414595,3.509729,5.238100,-0.119729,0.486019,-1.412777,2.749640,0.600000,0,3,0,0
89,0.415429,3.508858,5.237126,-0.119797,0.486019,-1.412973,2.749640,0.600000,0,3,0,0
90,0.415917,3.508336,5.236529,-0.119837,0.486019,-1.413090,2.749640,0.600000,0,3,0,0
91,0.416504,3.507683,5.235769,-0.119886,0.486019,-1.413235,2.749640,0.600000,0,3,0,0
92,0.417158,3.506931,5.234879,-0.119941,0.486019,-1.413400,2.749640,0.600000,0,3,0,0
93,0.417852,3.506104,5.233883,-0.120000,0.486019,-1.413580,2.749640,0.600000,0,3,0,0
94,0.418567,3.505224,5.232805,-0.120063,0.486019,-1.413771,2.749640,0.600000,0,3,0,0
95,0.419285,3.504304,5.231661,-0.120126,0.486019,-1.413968,2.749640,0.600000,0,3,0,0
96,0.419703,3.503751,5.230965,-0.120164,0.486019,-1.414085,2.749640,0.600000,0,3,0,0
97,0.420205,3.503062,5.230088,-0.120210,0.486019,-1.414231,2.749640,0.600000,0,3,0,0
98,0.420762,3.502269,5.229066,-0.120262,0.486019,-1.414397,2.749640,0.600000,0,3,0,0
99,0.421351,3.501397,5.227933,-0.120318,0.486019,-1.414577,2.749640,0.600000,0,3,0,0
100,0.421954,3.500469,5.226716,-0.120377,0.486019,-1.414768,2.749640,0.600000,0,3,0,0
101,0.422558,3.499499,5.225435,-0.120437,0.486019,-1.414966,2.749640,0.600000,0,3,0,0
102,0.422908,3.498918,5.224660,-0.120472,0.486019,-1.415084,2.749640,0.600000,0,3,0,0
103,0.423325,3.498193,5.223689,-0.120515,0.486019,-1.415230,2.749640,0.600000,0,3,0,0
104,0.423786,3.497358,5.222567,-0.120564,0.486019,-1.415396,2.749640,0.600000,0,3,0,0
105,0.424271,3.496441,5.221330,-0.120616,0.486019,-1.415578,2.749640,0.600000,0,3,0,0
106,0.424765,3.495467,5.220010,-0.120671,0.486019,-1.415770,2.749640,0.600000,0,3,0,0
107,0.425255,3.494449,5.218628,-0.120727,0.486019,-1.415968,2.749640,0.600000,0,3,0,0
108,0.425538,3.493839,5.217795,-0.120760,0.486019,-1.416087,2.749640,0.600000,0,3,0,0
109,0.425873,3.493079,5.216760,-0.120800,0.486019,-1.416233,2.749640,0.600000,0,3,0,0
110,0.426240,3.492204,5.215569,-0.120846,0.486019,-1.416400,2.749640,0.600000,0,3,0,0
111,0.426623,3.491244,5.214265,-0.120895,0.486019,-1.416582,2.749640,0.600000,0,3,0,0
112,0.427010,3.490223,5.212878,-0.120946,0.486019,-1.416775,2.749640,0.600000,0,3,0,0
113,0.427390,3.489158,5.211436,-0.120998,0.486019,-1.416974,2.749640,0.600000,0,3,0,0
114,0.427607,3.488520,5.210571,-0.121029,0.486019,-1.417093,2.749640,0.600000,0,3,0,0
115,0.427861,3.487726,5.209500,-0.121066,0.486019,-1.417240,2.749640,0.600000,0,3,0,0
116,0.428137,3.486812,5.208274,-0.121108,0.486019,-1.417408,2.749640,0.600000,0,3,0,0
117,0.428420,3.485810,5.206939,-0.121154,0.486019,-1.417590,2.749640,0.600000,0,3,0,0
118,0.428702,3.484744,5.205524,-0.121201,0.486019,-1.417783,2.749640,0.600000,0,3,0,0
119,0.428974,3.483633,5.204061,-0.121249,0.486019,-1.417983,2.749640,0.600000,0,3,0,0
120,0.429127,3.482968,5.203186,-0.121277,0.486019,-1.418103,2.749640,0.600000,0,3,0,0
121,0.429303,3.482140,5.202107,-0.121312,0.486019,-1.418250,2.749640,0.600000,0,3,0,0
122,0.429490,3.481188,5.200878,-0.121351,0.486019,-1.418418,2.749640,0.600000,0,3,0,0
123,0.429677,3.480145,5.199542,-0.121393,0.486019,-1.418602,2.749640,0.600000,0,3,0,0
124,0.429857,3.479035,5.198134,-0.121436,0.486019,-1.418796,2.749640,0.600000,0,3,0,0
125,0.430025,3.477880,5.196682,-0.121481,0.486019,-1.418996,2.749640,0.600000,0,3,0,0
126,0.430117,3.477188,5.195817,-0.121507,0.486019,-1.419116,2.749640,0.600000,0,3,0,0
127,0.430217,3.476327,5.194756,-0.121538,0.486019,-1.419264,2.749640,0.600000,0,3,0,0
128,0.430317,3.475338,5.193548,-0.121574,0.486019,-1.419433,2.749640,0.600000,0,3,0,0
129,0.430411,3.474254,5.192240,-0.121612,0.486019,-1.419617,2.749640,0.600000,0,3,0,0
130,0.430493,3.473102,5.190865,-0.121652,0.486019,-1.419811,2.749640,0.600000,0,3,0,0
131,0.430560,3.471902,5.189452,-0.121692,0.486019,-1.420013,2.749640,0.600000,0,3,0,0
132,0.430592,3.471184,5.188612,-0.121716,0.486019,-1.420133,2.749640,0.600000,0,3,0,0
133,0.430618,3.470292,5.187582,-0.121745,0.486019,-1.420281,2.749640,0.600000,0,3,0,0
134,0.430636,3.469267,5.186415,-0.121777,0.486019,-1.420450,2.749640,0.600000,0,3,0,0
135,0.430639,3.468144,5.185153,-0.121812,0.486019,-1.420635,2.749640,0.600000,0,3,0,0
136,0.430627,3.466951,5.183829,-0.121848,0.486019,-1.420830,2.749640,0.600000,0,3,0,0
137,0.430597,3.465709,5.182470,-0.121884,0.486019,-1.421032,2.749640,0.600000,0,3,0,0
138,0.430572,3.464965,5.181664,-0.121906,0.486019,-1.421153,2.749640,0.600000,0,3,0,0
139,0.430528,3.464043,5.180679,-0.121932,0.486019,-1.421302,2.749640,0.600000,0,3,0,0
140,0.430465,3.462983,5.179562,-0.121961,0.486019,-1.421472,2.749640,0.600000,0,3,0,0
141,0.430382,3.461822,5.178354,-0.121992,0.486019,-1.421657,2.749640,0.600000,0,3,0,0
142,0.430279,3.460589,5.177089,-0.122024,0.486019,-1.421853,2.749640,0.600000,0,3,0,0
143,0.430157,3.459306,5.175790,-0.122057,0.486019,-1.422055,2.749640,0.600000,0,3,0,0
144,0.430076,3.458537,5.175021,-0.122076,0.486019,-1.422176,2.749640,0.600000,0,3,0,0
145,0.429964,3.457585,5.174079,-0.122099,0.486019,-1.422325,2.749640,0.600000,0,3,0,0
146,0.429825,3.456491,5.173011,-0.122125,0.486019,-1.422496,2.749640,0.600000,0,3,0,0
147,0.429659,3.455293,5.171856,-0.122152,0.486019,-1.422682,2.749640,0.600000,0,3,0,0
148,0.429469,3.454021,5.170645,-0.122180,0.486019,-1.422879,2.749640,0.600000,0,3,0,0
149,0.429257,3.452698,5.169400,-0.122209,0.486019,-1.423082,2.749640,0.600000,0,3,0,0
150,0.429123,3.451907,5.168663,-0.122226,0.486019,-1.423203,2.749640,0.600000,0,3,0,0
151,0.428947,3.450924,5.167758,-0.122246,0.486019,-1.423353,2.749640,0.600000,0,3,0,0
152,0.428734,3.449798,5.166730,-0.122268,0.486019,-1.423524,2.749640,0.600000,0,3,0,0
153,0.428489,3.448565,5.165616,-0.122292,0.486019,-1.423710,2.749640,0.600000,0,3,0,0
154,0.428216,3.447256,5.164443,-0.122317,0.486019,-1.423907,2.749640,0.600000,0,3,0,0
155,0.427918,3.445895,5.163235,-0.122342,0.486019,-1.424111,2.749640,0.600000,0,3,0,0
156,0.427734,3.445081,5.162518,-0.122356,0.486019,-1.424233,2.749640,0.600000,0,3,0,0
157,0.427495,3.444070,5.161633,-0.122373,0.486019,-1.424383,2.749640,0.600000,0,3,0,0
158,0.427212,3.442912,5.160626,-0.122393,0.486019,-1.424555,2.749640,0.600000,0,3,0,0
159,0.426890,3.441645,5.159530,-0.122413,0.486019,-1.424742,2.749640,0.600000,0,3,0,0
160,0.426538,3.440300,5.158372,-0.122434,0.486019,-1.424940,2.749640,0.600000,0,3,0,0
161,0.426159,3.438902,5.157174,-0.122454,0.486019,-1.425144,2.749640,0.600000,0,3,0,0
162,0.425926,3.438065,5.156460,-0.122466,0.486019,-1.425266,2.749640,0.600000,0,3,0,0
163,0.425628,3.437028,5.155577,-0.122481,0.486019,-1.425417,2.749640,0.600000,0,3,0,0
164,0.425277,3.435839,5.154565,-0.122497,0.486019,-1.425589,2.749640,0.600000,0,3,0,0
165,0.424883,3.434539,5.153459,-0.122513,0.486019,-1.425777,2.749640,0.600000,0,3,0,0
166,0.424454,3.433160,5.152283,-0.122530,0.486019,-1.425975,2.749640,0.600000,0,3,0,0
167,0.423996,3.431726,5.151062,-0.122547,0.486019,-1.426180,2.749640,0.600000,0,3,0,0
168,0.423717,3.430869,5.150332,-0.122557,0.486019,-1.426302,2.749640,0.600000,0,3,0,0
169,0.423363,3.429805,5.149423,-0.122568,0.486019,-1.426454,2.749640,0.600000,0,3,0,0
170,0.422947,3.428586,5.148377,-0.122581,0.486019,-1.426626,2.749640,0.600000,0,3,0,0
171,0.422483,3.427255,5.147225,-0.122594,0.486019,-1.426814,2.749640,0.600000,0,3,0,0
172,0.421982,3.425843,5.145999,-0.122607,0.486019,-1.427013,2.749640,0.600000,0,3,0,0
173,0.421449,3.424375,5.144716,-0.122620,0.486019,-1.427219,2.749640,0.600000,0,3,0,0
174,0.421125,3.423498,5.143948,-0.122628,0.486019,-1.427341,2.749640,0.600000,0,3,0,0
175,0.420716,3.422410,5.142986,-0.122636,0.486019,-1.427493,2.749640,0.600000,0,3,0,0
176,0.420239,3.421163,5.141873,-0.122645,0.486019,-1.427666,2.749640,0.600000,0,3,0,0
177,0.419708,3.419802,5.140646,-0.122655,0.486019,-1.427855,2.749640,0.600000,0,3,0,0
178,0.419136,3.418358,5.139330,-0.122664,0.486019,-1.428054,2.749640,0.600000,0,3,0,0
179,0.418531,3.416858,5.137950,-0.122673,0.486019,-1.428261,2.749640,0.600000,0,3,0,0
180,0.418164,3.415962,5.137121,-0.122678,0.486019,-1.428383,2.749640,0.600000,0,3,0,0
181,0.417702,3.414850,5.136079,-0.122684,0.486019,-1.428536,2.749640,0.600000,0,3,0,0
182,0.417165,3.413576,5.134871,-0.122690,0.486019,-1.428709,2.749640,0.600000,0,3,0,0
183,0.416570,3.412186,5.133533,-0.122696,0.486019,-1.428898,2.749640,0.600000,0,3,0,0
184,0.415930,3.410712,5.132098,-0.122701,0.486019,-1.429098,2.749640,0.600000,0,3,0,0
185,0.415256,3.409181,5.130587,-0.122706,0.486019,-1.429305,2.749640,0.600000,0,3,0,0
186,0.414848,3.408266,5.129677,-0.122709,0.486019,-1.429429,2.749640,0.600000,0,3,0,0
187,0.414336,3.407132,5.128532,-0.122712,0.486019,-1.429581,2.749640,0.600000,0,3,0,0
188,0.413741,3.405833,5.127203,-0.122715,0.486019,-1.429755,2.749640,0.600000,0,3,0,0
189,0.413083,3.404414,5.125729,-0.122717,0.486019,-1.429945,2.749640,0.600000,0,3,0,0
190,0.412378,3.402912,5.124145,-0.122719,0.486019,-1.430145,2.749640,0.600000,0,3,0,0
191,0.411636,3.401352,5.122476,-0.122720,0.486019,-1.430353,2.749640,0.600000,0,3,0,0
192,0.411189,3.400420,5.121469,-0.122720,0.486019,-1.430476,2.749640,0.600000,0,3,0,0
193,0.410627,3.399265,5.120203,-0.122720,0.486019,-1.430629,2.749640,0.600000,0,3,0,0
194,0.409977,3.397942,5.118732,-0.122719,0.486019,-1.430804,2.749640,0.600000,0,3,0,0
195,0.409259,3.396497,5.117104,-0.122718,0.486019,-1.430994,2.749640,0.600000,0,3,0,0
196,0.408490,3.394968,5.115353,-0.122716,0.486019,-1.431195,2.749640,0.600000,0,3,0,0
197,0.407683,3.393380,5.113510,-0.122713,0.486019,-1.431403,2.749640,0.600000,0,3,0,0
198,0.407197,3.392432,5.112398,-0.122711,0.486019,-1.431527,2.749640,0.600000,0,3,0,0
199,0.406588,3.391257,5.111000,-0.122708,0.486019,-1.431680,2.749640,0.600000,0,3,0,0
200,0.405884,3.389911,5.109377,-0.122704,0.486019,-1.431855,2.749640,0.600000,0,3,0,0
201,0.405107,3.388442,5.107582,-0.122699,0.486019,-1.432046,2.749640,0.600000,0,3,0,0
202,0.404276,3.386886,5.105658,-0.122693,0.486019,-1.432247,2.749640,0.600000,0,3,0,0
203,0.403406,3.385273,5.103632,-0.122686,0.486019,-1.432456,2.749640,0.600000,0,3,0,0
204,0.402882,3.384309,5.102410,-0.122682,0.486019,-1.432580,2.749640,0.600000,0,3,0,0
205,0.402226,3.383116,5.100879,-0.122676,0.486019,-1.432734,2.749640,0.600000,0,3,0,0
206,0.401469,3.381749,5.099104,-0.122669,0.486019,-1.432909,2.749640,0.600000,0,3,0,0
207,0.400634,3.380257,5.097146,-0.122660,0.486019,-1.433100,2.749640,0.600000,0,3,0,0
208,0.399744,3.378677,5.095049,-0.122651,0.486019,-1.433303,2.749640,0.600000,0,3,0,0
209,0.398810,3.377039,5.092849,-0.122640,0.486019,-1.433512,2.749640,0.600000,0,3,0,0
210,0.398249,3.376062,5.091523,-0.122633,0.486019,-1.433636,2.749640,0.600000,0,3,0,0
211,0.397548,3.374851,5.089865,-0.122624,0.486019,-1.433790,2.749640,0.600000,0,3,0,0
212,0.396739,3.373464,5.087949,-0.122614,0.486019,-1.433966,2.749640,0.600000,0,3,0,0
213,0.395848,3.371951,5.085838,-0.122602,0.486019,-1.434158,2.749640,0.600000,0,3,0,0
214,0.394898,3.370349,5.083584,-0.122588,0.486019,-1.434360,2.749640,0.600000,0,3,0,0
215,0.393904,3.368688,5.081224,-0.122574,0.486019,-1.434570,2.749640,0.600000,0,3,0,0
216,0.393307,3.367697,5.079804,-0.122565,0.486019,-1.434695,2.749640,0.600000,0,3,0,0
217,0.392561,3.366470,5.078034,-0.122553,0.486019,-1.434849,2.749640,0.600000,0,3,0,0
218,0.391700,3.365065,5.075994,-0.122539,0.486019,-1.435025,2.749640,0.600000,0,3,0,0
219,0.390756,3.363532,5.073752,-0.122523,0.486019,-1.435217,2.749640,0.600000,0,3,0,0
220,0.389747,3.361909,5.071364,-0.122506,0.486019,-1.435420,2.749640,0.600000,0,3,0,0
221,0.388692,3.360226,5.068872,-0.122487,0.486019,-1.435630,2.749640,0.600000,0,3,0,0
222,0.388059,3.359222,5.067377,-0.122476,0.486019,-1.435756,2.749640,0.600000,0,3,0,0
223,0.387268,3.357980,5.065516,-0.122461,0.486019,-1.435910,2.749640,0.600000,0,3,0,0
224,0.386358,3.356560,5.063377,-0.122444,0.486019,-1.436087,2.749640,0.600000,0,3,0,0
225,0.385358,3.355009,5.061036,-0.122425,0.486019,-1.436280,2.749640,0.600000,0,3,0,0
226,0.384292,3.353368,5.058547,-0.122404,0.486019,-1.436483,2.749640,0.600000,0,3,0,0
227,0.383178,3.351665,5.055958,-0.122381,0.486019,-1.436694,2.749640,0.600000,0,3,0,0
228,0.382509,3.350650,5.054406,-0.122368,0.486019,-1.436819,2.749640,0.600000,0,3,0,0
229,0.381675,3.349395,5.052483,-0.122350,0.486019,-1.436974,2.749640,0.600000,0,3,0,0
230,0.380714,3.347958,5.050278,-0.122330,0.486019,-1.437151,2.749640,0.600000,0,3,0,0
231,0.379661,3.346391,5.047871,-0.122307,0.486019,-1.437344,2.749640,0.600000,0,3,0,0
232,0.378538,3.344733,5.045320,-0.122282,0.486019,-1.437548,2.749640,0.600000,0,3,0,0
233,0.377364,3.343013,5.042674,-0.122255,0.486019,-1.437759,2.749640,0.600000,0,3,0,0
234,0.376660,3.341987,5.041091,-0.122239,0.486019,-1.437885,2.749640,0.600000,0,3,0,0
235,0.375783,3.340720,5.039133,-0.122219,0.486019,-1.438040,2.749640,0.600000,0,3,0,0
236,0.374774,3.339270,5.036897,-0.122195,0.486019,-1.438218,2.749640,0.600000,0,3,0,0
237,0.373667,3.337687,5.034461,-0.122169,0.486019,-1.438411,2.749640,0.600000,0,3,0,0
238,0.372487,3.336014,5.031887,-0.122140,0.486019,-1.438616,2.749640,0.600000,0,3,0,0
239,0.371256,3.334279,5.029222,-0.122109,0.486019,-1.438827,2.749640,0.600000,0,3,0,0
240,0.370518,3.333243,5.027633,-0.122091,0.486019,-1.438953,2.749640,0.600000,0,3,0,0
241,0.369598,3.331963,5.025674,-0.122068,0.486019,-1.439109,2.749640,0.600000,0,3,0,0
242,0.368540,3.330501,5.023439,-0.122041,0.486019,-1.439286,2.749640,0.600000,0,3,0,0
243,0.367380,3.328906,5.021012,-0.122011,0.486019,-1.439480,2.749640,0.600000,0,3,0,0
244,0.366145,3.327218,5.018453,-0.121978,0.486019,-1.439685,2.749640,0.600000,0,3,0,0
245,0.364856,3.325470,5.015812,-0.121944,0.486019,-1.439897,2.749640,0.600000,0,3,0,0
246,0.364084,3.324427,5.014240,-0.121923,0.486019,-1.440023,2.749640,0.600000,0,3,0,0
247,0.363122,3.323137,5.012304,-0.121897,0.486019,-1.440179,2.749640,0.600000,0,3,0,0
248,0.362016,3.321664,5.010104,-0.121867,0.486019,-1.440357,2.749640,0.600000,0,3,0,0
249,0.360804,3.320057,5.007717,-0.121833,0.486019,-1.440552,2.749640,0.600000,0,3,0,0
250,0.359514,3.318358,5.005207,-0.121797,0.486019,-1.440757,2.749640,0.600000,0,3,0,0
251,0.358169,3.316597,5.002621,-0.121758,0.486019,-1.440969,2.749640,0.600000,0,3,0,0
252,0.357363,3.315547,5.001083,-0.121735,0.486019,-1.441096,2.749640,0.600000,0,3,0,0
253,0.356360,3.314249,4.999197,-0.121706,0.486019,-1.441252,2.749640,0.600000,0,3,0,0
254,0.355207,3.312766,4.997055,-0.121673,0.486019,-1.441431,2.749640,0.600000,0,3,0,0
255,0.353944,3.311149,4.994736,-0.121635,0.486019,-1.441625,2.749640,0.600000,0,3,0,0
256,0.352600,3.309440,4.992300,-0.121595,0.486019,-1.441831,2.749640,0.600000,0,3,0,0
257,0.351200,3.307669,4.989796,-0.121553,0.486019,-1.442043,2.749640,0.600000,0,3,0,0
258,0.350361,3.306613,4.988310,-0.121528,0.486019,-1.442170,2.749640,0.600000,0,3,0,0
259,0.349317,3.305307,4.986489,-0.121496,0.486019,-1.442327,2.749640,0.600000,0,3,0,0
260,0.348118,3.303816,4.984422,-0.121459,0.486019,-1.442506,2.749640,0.600000,0,3,0,0
261,0.346805,3.302191,4.982187,-0.121418,0.486019,-1.442701,2.749640,0.600000,0,3,0,0
262,0.345409,3.300474,4.979842,-0.121374,0.486019,-1.442907,2.749640,0.600000,0,3,0,0
263,0.343954,3.298695,4.977433,-0.121328,0.486019,-1.443120,2.749640,0.600000,0,3,0,0
264,0.343083,3.297635,4.976006,-0.121301,0.486019,-1.443247,2.749640,0.600000,0,3,0,0
265,0.342000,3.296324,4.974255,-0.121266,0.486019,-1.443404,2.749640,0.600000,0,3,0,0
266,0.340756,3.294826,4.972272,-0.121226,0.486019,-1.443583,2.749640,0.600000,0,3,0,0
267,0.339395,3.293195,4.970127,-0.121181,0.486019,-1.443778,2.749640,0.600000,0,3,0,0
268,0.337948,3.291471,4.967879,-0.121134,0.486019,-1.443984,2.749640,0.600000,0,3,0,0
269,0.336441,3.289685,4.965569,-0.121084,0.486019,-1.444198,2.749640,0.600000,0,3,0,0
270,0.335539,3.288621,4.964200,-0.121054,0.486019,-1.444325,2.749640,0.600000,0,3,0,0
271,0.334418,3.287305,4.962523,-0.121016,0.486019,-1.444483,2.749640,0.600000,0,3,0,0
272,0.333133,3.285803,4.960621,-0.120972,0.486019,-1.444662,2.749640,0.600000,0,3,0,0
273,0.331724,3.284167,4.958564,-0.120924,0.486019,-1.444858,2.749640,0.600000,0,3,0,0
274,0.330228,3.282438,4.956404,-0.120873,0.486019,-1.445064,2.749640,0.600000,0,3,0,0
275,0.328671,3.280648,4.954185,-0.120819,0.486019,-1.445278,2.749640,0.600000,0,3,0,0
276,0.327739,3.279581,4.952871,-0.120787,0.486019,-1.445406,2.749640,0.600000,0,3,0,0
277,0.326581,3.278263,4.951256,-0.120746,0.486019,-1.445563,2.749640,0.600000,0,3,0,0
278,0.325255,3.276757,4.949425,-0.120700,0.486019,-1.445743,2.749640,0.600000,0,3,0,0
279,0.323802,3.275116,4.947440,-0.120648,0.486019,-1.445939,2.749640,0.600000,0,3,0,0
280,0.322260,3.273385,4.945354,-0.120593,0.486019,-1.446146,2.749640,0.600000,0,3,0,0
281,0.320655,3.271593,4.943206,-0.120535,0.486019,-1.446360,2.749640,0.600000,0,3,0,0
282,0.319695,3.270525,4.941932,-0.120501,0.486019,-1.446488,2.749640,0.600000,0,3,0,0
283,0.318504,3.269205,4.940366,-0.120457,0.486019,-1.446646,2.749640,0.600000,0,3,0,0
284,0.317139,3.267697,4.938584,-0.120407,0.486019,-1.446826,2.749640,0.600000,0,3,0,0
285,0.315645,3.266056,4.936650,-0.120352,0.486019,-1.447022,2.749640,0.600000,0,3,0,0
286,0.314059,3.264323,4.934611,-0.120293,0.486019,-1.447230,2.749640,0.600000,0,3,0,0
287,0.312410,3.262530,4.932508,-0.120232,0.486019,-1.447444,2.749640,0.600000,0,3,0,0
288,0.311424,3.261461,4.931259,-0.120195,0.486019,-1.447572,2.749640,0.600000,0,3,0,0
289,0.310201,3.260141,4.929718,-0.120148,0.486019,-1.447730,2.749640,0.600000,0,3,0,0
290,0.308800,3.258634,4.927960,-0.120095,0.486019,-1.447911,2.749640,0.600000,0,3,0,0
291,0.307268,3.256992,4.926045,-0.120037,0.486019,-1.448107,2.749640,0.600000,0,3,0,0
292,0.305642,3.255260,4.924024,-0.119974,0.486019,-1.448315,2.749640,0.600000,0,3,0,0
293,0.303953,3.253468,4.921930,-0.119909,0.486019,-1.448530,2.749640,0.600000,0,3,0,0
294,0.302943,3.252400,4.920683,-0.119869,0.486019,-1.448658,2.749640,0.600000,0,3,0,0
295,0.301691,3.251081,4.919143,-0.119820,0.486019,-1.448816,2.749640,0.600000,0,3,0,0
296,0.300258,3.249576,4.917378,-0.119764,0.486019,-1.448997,2.749640,0.600000,0,3,0,0
297,0.298692,3.247936,4.915453,-0.119702,0.486019,-1.449194,2.749640,0.600000,0,3,0,0
298,0.297031,3.246205,4.913412,-0.119635,0.486019,-1.449402,2.749640,0.600000,0,3,0,0
299,0.295306,3.244416,4.911292,-0.119566,0.486019,-1.449617,2.749640,0.600000,0,3,0,0
300,0.294275,3.243350,4.910028,-0.119524,0.486019,-1.449745,2.749640,0.600000,0,3,0,0
301,0.292998,3.242034,4.908459,-0.119473,0.486019,-1.449904,2.749640,0.600000,0,3,0,0
302,0.291537,3.240531,4.906659,-0.119413,0.486019,-1.450085,2.749640,0.600000,0,3,0,0
303,0.289940,3.238896,4.904686,-0.119347,0.486019,-1.450282,2.749640,0.600000,0,3,0,0
304,0.288248,3.237169,4.902592,-0.119277,0.486019,-1.450490,2.749640,0.600000,0,3,0,0
305,0.286493,3.235385,4.900411,-0.119204,0.486019,-1.450706,2.749640,0.600000,0,3,0,0
306,0.285444,3.234322,4.899107,-0.119160,0.486019,-1.450834,2.749640,0.600000,0,3,0,0
307,0.284145,3.233010,4.897485,-0.119105,0.486019,-1.450993,2.749640,0.600000,0,3,0,0
308,0.282660,3.231512,4.895619,-0.119042,0.486019,-1.451174,2.749640,0.600000,0,3,0,0
309,0.281038,3.229882,4.893574,-0.118973,0.486019,-1.451372,2.749640,0.600000,0,3,0,0
310,0.279321,3.228161,4.891395,-0.118899,0.486019,-1.451580,2.749640,0.600000,0,3,0,0
311,0.277540,3.226383,4.889122,-0.118822,0.486019,-1.451796,2.749640,0.600000,0,3,0,0
312,0.276477,3.225324,4.887760,-0.118776,0.486019,-1.451924,2.749640,0.600000,0,3,0,0
313,0.275161,3.224017,4.886064,-0.118719,0.486019,-1.452083,2.749640,0.600000,0,3,0,0
314,0.273657,3.222526,4.884110,-0.118652,0.486019,-1.452265,2.749640,0.600000,0,3,0,0
315,0.272016,3.220903,4.881963,-0.118580,0.486019,-1.452462,2.749640,0.600000,0,3,0,0
316,0.270280,3.219189,4.879675,-0.118502,0.486019,-1.452671,2.749640,0.600000,0,3,0,0
317,0.268480,3.217418,4.877286,-0.118421,0.486019,-1.452887,2.749640,0.600000,0,3,0,0
318,0.267405,3.216363,4.875853,-0.118373,0.486019,-1.453016,2.749640,0.600000,0,3,0,0
319,0.266078,3.215064,4.874067,-0.118313,0.486019,-1.453175,2.749640,0.600000,0,3,0,0
320,0.264561,3.213581,4.872007,-0.118243,0.486019,-1.453357,2.749640,0.600000,0,3,0,0
321,0.262906,3.211967,4.869745,-0.118167,0.486019,-1.453555,2.749640,0.600000,0,3,0,0
322,0.261157,3.210264,4.867333,-0.118086,0.486019,-1.453764,2.749640,0.600000,0,3,0,0
323,0.259344,3.208503,4.864815,-0.118001,0.486019,-1.453981,2.749640,0.600000,0,3,0,0
324,0.258263,3.207455,4.863304,-0.117951,0.486019,-1.454110,2.749640,0.600000,0,3,0,0
325,0.256929,3.206164,4.861419,-0.117887,0.486019,-1.454269,2.749640,0.600000,0,3,0,0
326,0.255404,3.204690,4.859249,-0.117815,0.486019,-1.454451,2.749640,0.600000,0,3,0,0
327,0.253743,3.203087,4.856866,-0.117735,0.486019,-1.454649,2.749640,0.600000,0,3,0,0
328,0.251988,3.201395,4.854324,-0.117650,0.486019,-1.454858,2.749640,0.600000,0,3,0,0
329,0.250171,3.199646,4.851674,-0.117562,0.486019,-1.455075,2.749640,0.600000,0,3,0,0
330,0.249087,3.198605,4.850084,-0.117509,0.486019,-1.455204,2.749640,0.600000,0,3,0,0
331,0.247751,3.197323,4.848101,-0.117443,0.486019,-1.455364,2.749640,0.600000,0,3,0,0
332,0.246226,3.195860,4.845821,-0.117367,0.486019,-1.455546,2.749640,0.600000,0,3,0,0
333,0.244565,3.194269,4.843318,-0.117284,0.486019,-1.455744,2.749640,0.600000,0,3,0,0
334,0.242811,3.192590,4.840657,-0.117195,0.486019,-1.455954,2.749640,0.600000,0,3,0,0
335,0.240997,3.190856,4.837881,-0.117103,0.486019,-1.456171,2.749640,0.600000,0,3,0,0
336,0.239917,3.189823,4.836217,-0.117048,0.486019,-1.456300,2.749640,0.600000,0,3,0,0
337,0.238585,3.188550,4.834148,-0.116979,0.486019,-1.456459,2.749640,0.600000,0,3,0,0
338,0.237065,3.187100,4.831771,-0.116900,0.486019,-1.456642,2.749640,0.600000,0,3,0,0
339,0.235412,3.185523,4.829167,-0.116814,0.486019,-1.456840,2.749640,0.600000,0,3,0,0
340,0.233668,3.183859,4.826399,-0.116722,0.486019,-1.457050,2.749640,0.600000,0,3,0,0
341,0.231866,3.182140,4.823522,-0.116626,0.486019,-1.457267,2.749640,0.600000,0,3,0,0
342,0.230792,3.181117,4.821798,-0.116568,0.486019,-1.457397,2.749640,0.600000,0,3,0,0
343,0.229471,3.179856,4.819658,-0.116497,0.486019,-1.457557,2.749640,0.600000,0,3,0,0
344,0.227965,3.178420,4.817206,-0.116414,0.486019,-1.457739,2.749640,0.600000,0,3,0,0
345,0.226327,3.176858,4.814523,-0.116324,0.486019,-1.457938,2.749640,0.600000,0,3,0,0
346,0.224601,3.175211,4.811680,-0.116229,0.486019,-1.458148,2.749640,0.600000,0,3,0,0
347,0.222819,3.173510,4.808727,-0.116129,0.486019,-1.458365,2.749640,0.600000,0,3,0,0
348,0.221759,3.172498,4.806961,-0.116069,0.486019,-1.458495,2.749640,0.600000,0,3,0,0
349,0.220454,3.171250,4.804776,-0.115995,0.486019,-1.458655,2.749640,0.600000,0,3,0,0
350,0.218968,3.169829,4.802275,-0.115910,0.486019,-1.458837,2.749640,0.600000,0,3,0,0
351,0.217354,3.168284,4.799548,-0.115816,0.486019,-1.459036,2.749640,0.600000,0,3,0,0
352,0.215654,3.166655,4.796662,-0.115717,0.486019,-1.459246,2.749640,0.600000,0,3,0,0
353,0.213901,3.164973,4.793674,-0.115613,0.486019,-1.459464,2.749640,0.600000,0,3,0,0
354,0.212859,3.163973,4.791890,-0.115551,0.486019,-1.459594,2.749640,0.600000,0,3,0,0
355,0.211578,3.162740,4.789685,-0.115474,0.486019,-1.459754,2.749640,0.600000,0,3,0,0
356,0.210120,3.161334,4.787170,-0.115386,0.486019,-1.459937,2.749640,0.600000,0,3,0,0
357,0.208538,3.159809,4.784432,-0.115289,0.486019,-1.460136,2.749640,0.600000,0,3,0,0
358,0.206873,3.158200,4.781544,-0.115186,0.486019,-1.460346,2.749640,0.600000,0,3,0,0
359,0.205159,3.156539,4.778559,-0.115079,0.486019,-1.460564,2.749640,0.600000,0,3,0,0
360,0.204140,3.155552,4.776780,-0.115014,0.486019,-1.460693,2.749640,0.600000,0,3,0,0
361,0.202889,3.154334,4.774589,-0.114935,0.486019,-1.460854,2.749640,0.600000,0,3,0,0
362,0.201466,3.152947,4.772093,-0.114843,0.486019,-1.461037,2.749640,0.600000,0,3,0,0
363,0.199925,3.151442,4.769384,-0.114743,0.486019,-1.461236,2.749640,0.600000,0,3,0,0
364,0.198304,3.149855,4.766533,-0.114636,0.486019,-1.461446,2.749640,0.600000,0,3,0,0
365,0.196636,3.148217,4.763594,-0.114525,0.486019,-1.461664,2.749640,0.600000,0,3,0,0
366,0.195646,3.147243,4.761846,-0.114459,0.486019,-1.461794,2.749640,0.600000,0,3,0,0
367,0.194432,3.146043,4.759697,-0.114376,0.486019,-1.461955,2.749640,0.600000,0,3,0,0
368,0.193053,3.144676,4.757256,-0.114281,0.486019,-1.462138,2.749640,0.600000,0,3,0,0
369,0.191560,3.143193,4.754611,-0.114178,0.486019,-1.462337,2.749640,0.600000,0,3,0,0
370,0.189992,3.141629,4.751834,-0.114068,0.486019,-1.462548,2.749640,0.600000,0,3,0,0
371,0.188382,3.140015,4.748979,-0.113953,0.486019,-1.462766,2.749640,0.600000,0,3,0,0
372,0.187427,3.139056,4.747283,-0.113884,0.486019,-1.462896,2.749640,0.600000,0,3,0,0
373,0.186256,3.137874,4.745204,-0.113799,0.486019,-1.463056,2.749640,0.600000,0,3,0,0
374,0.184927,3.136528,4.742847,-0.113701,0.486019,-1.463240,2.749640,0.600000,0,3,0,0
375,0.183490,3.135066,4.740299,-0.113594,0.486019,-1.463439,2.749640,0.600000,0,3,0,0
376,0.181984,3.133528,4.737628,-0.113480,0.486019,-1.463650,2.749640,0.600000,0,3,0,0
377,0.180438,3.131941,4.734888,-0.113362,0.486019,-1.463868,2.749640,0.600000,0,3,0,0
378,0.179523,3.130997,4.733263,-0.113291,0.486019,-1.463998,2.749640,0.600000,0,3,0,0
379,0.178401,3.129835,4.731275,-0.113203,0.486019,-1.464159,2.749640,0.600000,0,3,0,0
380,0.177131,3.128512,4.729026,-0.113102,0.486019,-1.464342,2.749640,0.600000,0,3,0,0
381,0.175758,3.127076,4.726598,-0.112992,0.486019,-1.464542,2.749640,0.600000,0,3,0,0
382,0.174322,3.125564,4.724058,-0.112875,0.486019,-1.464753,2.749640,0.600000,0,3,0,0
383,0.172850,3.124005,4.721455,-0.112753,0.486019,-1.464971,2.749640,0.600000,0,3,0,0
384,0.171979,3.123078,4.719915,-0.112680,0.486019,-1.465102,2.749640,0.600000,0,3,0,0
385,0.170913,3.121937,4.718034,-0.112589,0.486019,-1.465262,2.749640,0.600000,0,3,0,0
386,0.169708,3.120638,4.715906,-0.112485,0.486019,-1.465445,2.749640,0.600000,0,3,0,0
387,0.168408,3.119227,4.713614,-0.112371,0.486019,-1.465645,2.749640,0.600000,0,3,0,0
388,0.167049,3.117742,4.711216,-0.112250,0.486019,-1.465856,2.749640,0.600000,0,3,0,0
389,0.165660,3.116213,4.708765,-0.112125,0.486019,-1.466075,2.749640,0.600000,0,3,0,0
390,0.164838,3.115304,4.707316,-0.112050,0.486019,-1.466205,2.749640,0.600000,0,3,0,0
391,0.163835,3.114185,4.705545,-0.111956,0.486019,-1.466366,2.749640,0.600000,0,3,0,0
392,0.162701,3.112911,4.703546,-0.111849,0.486019,-1.466549,2.749640,0.600000,0,3,0,0
393,0.161481,3.111529,4.701391,-0.111732,0.486019,-1.466749,2.749640,0.600000,0,3,0,0
394,0.160207,3.110074,4.699141,-0.111608,0.486019,-1.466960,2.749640,0.600000,0,3,0,0
395,0.158907,3.108575,4.696838,-0.111478,0.486019,-1.467179,2.749640,0.600000,0,3,0,0
396,0.158140,3.107685,4.695478,-0.111401,0.486019,-1.467309,2.749640,0.600000,0,3,0,0
397,0.157204,3.106589,4.693818,-0.111305,0.486019,-1.467470,2.749640,0.600000,0,3,0,0
398,0.156149,3.105342,4.691942,-0.111195,0.486019,-1.467654,2.749640,0.600000,0,3,0,0
399,0.155015,3.103989,4.689920,-0.111074,0.486019,-1.467854,2.749640,0.600000,0,3,0,0
400,0.153833,3.102565,4.687808,-0.110947,0.486019,-1.468065,2.749640,0.600000,0,3,0,0
401,0.152629,3.101099,4.685645,-0.110814,0.486019,-1.468284,2.749640,0.600000,0,3,0,0
402,0.151920,3.100228,4.684367,-0.110734,0.486019,-1.468414,2.749640,0.600000,0,3,0,0
403,0.151057,3.099156,4.682805,-0.110636,0.486019,-1.468575,2.749640,0.600000,0,3,0,0
404,0.150085,3.097937,4.681036,-0.110522,0.486019,-1.468759,2.749640,0.600000,0,3,0,0
405,0.149043,3.096615,4.679130,-0.110399,0.486019,-1.468959,2.749640,0.600000,0,3,0,0
406,0.147961,3.095224,4.677134,-0.110267,0.486019,-1.469170,2.749640,0.600000,0,3,0,0
407,0.146860,3.093790,4.675088,-0.110131,0.486019,-1.469389,2.749640,0.600000,0,3,0,0
408,0.146212,3.092939,4.673879,-0.110049,0.486019,-1.469519,2.749640,0.600000,0,3,0,0
409,0.145426,3.091893,4.672396,-0.109948,0.486019,-1.469680,2.749640,0.600000,0,3,0,0
410,0.144544,3.090704,4.670718,-0.109832,0.486019,-1.469864,2.749640,0.600000,0,3,0,0
411,0.143600,3.089414,4.668902,-0.109705,0.486019,-1.470064,2.749640,0.600000,0,3,0,0
412,0.142621,3.088057,4.666996,-0.109570,0.486019,-1.470275,2.749640,0.600000,0,3,0,0
413,0.141628,3.086659,4.665038,-0.109430,0.486019,-1.470494,2.749640,0.600000,0,3,0,0
414,0.141046,3.085829,4.663878,-0.109346,0.486019,-1.470624,2.749640,0.600000,0,3,0,0
415,0.140341,3.084811,4.662454,-0.109242,0.486019,-1.470785,2.749640,0.600000,0,3,0,0
416,0.139552,3.083652,4.660834,-0.109123,0.486019,-1.470969,2.749640,0.600000,0,3,0,0
417,0.138710,3.082396,4.659078,-0.108993,0.486019,-1.471169,2.749640,0.600000,0,3,0,0
418,0.137841,3.081074,4.657230,-0.108855,0.486019,-1.471381,2.749640,0.600000,0,3,0,0
419,0.136961,3.079714,4.655325,-0.108711,0.486019,-1.471600,2.749640,0.600000,0,3,0,0
420,0.136447,3.078906,4.654195,-0.108625,0.486019,-1.471730,2.749640,0.600000,0,3,0,0
421,0.135826,3.077914,4.652800,-0.108518,0.486019,-1.471891,2.749640,0.600000,0,3,0,0
422,0.135134,3.076787,4.651211,-0.108396,0.486019,-1.472075,2.749640,0.600000,0,3,0,0
423,0.134398,3.075566,4.649480,-0.108263,0.486019,-1.472275,2.749640,0.600000,0,3,0,0
424,0.133641,3.074281,4.647655,-0.108121,0.486019,-1.472487,2.749640,0.600000,0,3,0,0
425,0.132879,3.072959,4.645765,-0.107974,0.486019,-1.472705,2.749640,0.600000,0,3,0,0
426,0.132434,3.072174,4.644641,-0.107886,0.486019,-1.472836,2.749640,0.600000,0,3,0,0
427,0.131901,3.071210,4.643252,-0.107777,0.486019,-1.472997,2.749640,0.600000,0,3,0,0
428,0.131308,3.070116,4.641662,-0.107652,0.486019,-1.473181,2.749640,0.600000,0,3,0,0
429,0.130681,3.068930,4.639926,-0.107515,0.486019,-1.473381,2.749640,0.600000,0,3,0,0
430,0.130040,3.067684,4.638087,-0.107370,0.486019,-1.473593,2.749640,0.600000,0,3,0,0
431,0.129397,3.066402,4.636179,-0.107219,0.486019,-1.473811,2.749640,0.600000,0,3,0,0
432,0.129024,3.065642,4.635042,-0.107129,0.486019,-1.473942,2.749640,0.600000,0,3,0,0
433,0.128580,3.064707,4.633630,-0.107017,0.486019,-1.474103,2.749640,0.600000,0,3,0,0
434,0.128089,3.063647,4.632012,-0.106889,0.486019,-1.474287,2.749640,0.600000,0,3,0,0
435,0.127573,3.062499,4.630240,-0.106749,0.486019,-1.474487,2.749640,0.600000,0,3,0,0
436,0.127049,3.061292,4.628360,-0.106601,0.486019,-1.474699,2.749640,0.600000,0,3,0,0
437,0.126528,3.060051,4.626404,-0.106447,0.486019,-1.474918,2.749640,0.600000,0,3,0,0
438,0.126228,3.059315,4.625235,-0.106354,0.486019,-1.475048,2.749640,0.600000,0,3,0,0
439,0.125873,3.058411,4.623783,-0.106240,0.486019,-1.475209,2.749640,0.600000,0,3,0,0
440,0.125486,3.057386,4.622114,-0.106109,0.486019,-1.475393,2.749640,0.600000,0,3,0,0
441,0.125082,3.056276,4.620285,-0.105966,0.486019,-1.475593,2.749640,0.600000,0,3,0,0
442,0.124676,3.055110,4.618340,-0.105814,0.486019,-1.475805,2.749640,0.600000,0,3,0,0
443,0.124278,3.053912,4.616314,-0.105657,0.486019,-1.476024,2.749640,0.600000,0,3,0,0
444,0.124051,3.053201,4.615102,-0.105562,0.486019,-1.476154,2.749640,0.600000,0,3,0,0
445,0.123786,3.052329,4.613594,-0.105445,0.486019,-1.476315,2.749640,0.600000,0,3,0,0
446,0.123502,3.051339,4.611861,-0.105312,0.486019,-1.476499,2.749640,0.600000,0,3,0,0
447,0.123210,3.050269,4.609959,-0.105165,0.486019,-1.476699,2.749640,0.600000,0,3,0,0
448,0.122923,3.049145,4.607937,-0.105010,0.486019,-1.476911,2.749640,0.600000,0,3,0,0
449,0.122647,3.047991,4.605830,-0.104849,0.486019,-1.477129,2.749640,0.600000,0,3,0,0
450,0.122493,3.047306,4.604568,-0.104753,0.486019,-1.477260,2.749640,0.600000,0,3,0,0
451,0.122319,3.046466,4.602999,-0.104633,0.486019,-1.477421,2.749640,0.600000,0,3,0,0
452,0.122137,3.045513,4.601195,-0.104497,0.486019,-1.477605,2.749640,0.600000,0,3,0,0
453,0.121957,3.044484,4.599219,-0.104347,0.486019,-1.477805,2.749640,0.600000,0,3,0,0
454,0.121787,3.043404,4.597117,-0.104189,0.486019,-1.478016,2.749640,0.600000,0,3,0,0
455,0.121632,3.042294,4.594929,-0.104024,0.486019,-1.478235,2.749640,0.600000,0,3,0,0
456,0.121551,3.041636,4.593618,-0.103926,0.486019,-1.478366,2.749640,0.600000,0,3,0,0
457,0.121465,3.040830,4.591990,-0.103804,0.486019,-1.478527,2.749640,0.600000,0,3,0,0
458,0.121384,3.039916,4.590123,-0.103664,0.486019,-1.478711,2.749640,0.600000,0,3,0,0
459,0.121314,3.038928,4.588077,-0.103512,0.486019,-1.478911,2.749640,0.600000,0,3,0,0
460,0.121259,3.037891,4.585906,-0.103350,0.486019,-1.479122,2.749640,0.600000,0,3,0,0
461,0.121224,3.036828,4.583647,-0.103182,0.486019,-1.479341,2.749640,0.600000,0,3,0,0
462,0.121213,3.036197,4.582296,-0.103082,0.486019,-1.479471,2.749640,0.600000,0,3,0,0
463,0.121214,3.035425,4.580622,-0.102957,0.486019,-1.479632,2.749640,0.600000,0,3,0,0
464,0.121232,3.034550,4.578702,-0.102815,0.486019,-1.479816,2.749640,0.600000,0,3,0,0
465,0.121269,3.033604,4.576606,-0.102659,0.486019,-1.480016,2.749640,0.600000,0,3,0,0
466,0.121327,3.032614,4.574384,-0.102494,0.486019,-1.480228,2.749640,0.600000,0,3,0,0
467,0.121408,3.031597,4.572080,-0.102323,0.486019,-1.480446,2.749640,0.600000,0,3,0,0
468,0.121466,3.030995,4.570703,-0.102220,0.486019,-1.480577,2.749640,0.600000,0,3,0,0
469,0.121552,3.030258,4.569001,-0.102093,0.486019,-1.480737,2.749640,0.600000,0,3,0,0
470,0.121666,3.029423,4.567054,-0.101948,0.486019,-1.480921,2.749640,0.600000,0,3,0,0
471,0.121807,3.028521,4.564932,-0.101789,0.486019,-1.481121,2.749640,0.600000,0,3,0,0
472,0.121974,3.027576,4.562689,-0.101621,0.486019,-1.481333,2.749640,0.600000,0,3,0,0
473,0.122166,3.026608,4.560369,-0.101446,0.486019,-1.481551,2.749640,0.600000,0,3,0,0
474,0.122290,3.026035,4.558985,-0.101342,0.486019,-1.481682,2.749640,0.600000,0,3,0,0
475,0.122458,3.025333,4.557277,-0.101213,0.486019,-1.481843,2.749640,0.600000,0,3,0,0
476,0.122664,3.024539,4.555332,-0.101064,0.486019,-1.482026,2.749640,0.600000,0,3,0,0
477,0.122904,3.023682,4.553216,-0.100903,0.486019,-1.482226,2.749640,0.600000,0,3,0,0
478,0.123176,3.022785,4.550989,-0.100731,0.486019,-1.482438,2.749640,0.600000,0,3,0,0
479,0.123476,3.021866,4.548691,-0.100553,0.486019,-1.482656,2.749640,0.600000,0,3,0,0
480,0.123664,3.021322,4.547322,-0.100447,0.486019,-1.482787,2.749640,0.600000,0,3,0,0
481,0.123909,3.020657,4.545641,-0.100315,0.486019,-1.482947,2.749640,0.600000,0,3,0,0
482,0.124204,3.019905,4.543729,-0.100164,0.486019,-1.483131,2.749640,0.600000,0,3,0,0
483,0.124539,3.019093,4.541658,-0.099999,0.486019,-1.483331,2.749640,0.600000,0,3,0,0
484,0.124910,3.018243,4.539482,-0.099824,0.486019,-1.483542,2.749640,0.600000,0,3,0,0
485,0.125312,3.017375,4.537247,-0.099643,0.486019,-1.483760,2.749640,0.600000,0,3,0,0
486,0.125560,3.016861,4.535920,-0.099535,0.486019,-1.483890,2.749640,0.600000,0,3,0,0
487,0.125879,3.016233,4.534293,-0.099400,0.486019,-1.484051,2.749640,0.600000,0,3,0,0
488,0.126256,3.015523,4.532451,-0.099247,0.486019,-1.484234,2.749640,0.600000,0,3,0,0
489,0.126680,3.014758,4.530460,-0.099079,0.486019,-1.484434,2.749640,0.600000,0,3,0,0
490,0.127145,3.013958,4.528378,-0.098901,0.486019,-1.484645,2.749640,0.600000,0,3,0,0
491,0.127642,3.013141,4.526244,-0.098716,0.486019,-1.484864,2.749640,0.600000,0,3,0,0
492,0.127947,3.012658,4.524981,-0.098606,0.486019,-1.484994,2.749640,0.600000,0,3,0,0
493,0.128334,3.012068,4.523439,-0.098469,0.486019,-1.485155,2.749640,0.600000,0,3,0,0
494,0.128789,3.011401,4.521698,-0.098313,0.486019,-1.485338,2.749640,0.600000,0,3,0,0
495,0.129297,3.010683,4.519824,-0.098142,0.486019,-1.485538,2.749640,0.600000,0,3,0,0
496,0.129849,3.009933,4.517869,-0.097961,0.486019,-1.485748,2.749640,0.600000,0,3,0,0
497,0.130436,3.009167,4.515873,-0.097773,0.486019,-1.485967,2.749640,0.600000,0,3,0,0
498,0.130792,3.008715,4.514696,-0.097661,0.486019,-1.486097,2.749640,0.600000,0,3,0,0
499,0.131244,3.008163,4.513262,-0.097522,0.486019,-1.486257,2.749640,0.600000,0,3,0,0
500,0.131771,3.007540,4.511650,-0.097363,0.486019,-1.486441,2.749640,0.600000,0,3,0,0
501,0.132356,3.006870,4.509920,-0.097189,0.486019,-1.486640,2.749640,0.600000,0,3,0,0
502,0.132988,3.006171,4.508123,-0.097005,0.486019,-1.486851,2.749640,0.600000,0,3,0,0
503,0.133656,3.005457,4.506296,-0.096814,0.486019,-1.487069,2.749640,0.600000,0,3,0,0
504,0.134061,3.005036,4.505219,-0.096700,0.486019,-1.487199,2.749640,0.600000,0,3,0,0
505,0.134571,3.004524,4.503916,-0.096558,0.486019,-1.487359,2.749640,0.600000,0,3,0,0
506,0.135163,3.003946,4.502452,-0.096396,0.486019,-1.487543,2.749640,0.600000,0,3,0,0
507,0.135819,3.003325,4.500889,-0.096219,0.486019,-1.487742,2.749640,0.600000,0,3,0,0
508,0.136524,3.002677,4.499269,-0.096032,0.486019,-1.487953,2.749640,0.600000,0,3,0,0
509,0.137267,3.002017,4.497627,-0.095838,0.486019,-1.488171,2.749640,0.600000,0,3,0,0
510,0.137716,3.001628,4.496664,-0.095722,0.486019,-1.488300,2.749640,0.600000,0,3,0,0
511,0.138279,3.001155,4.495499,-0.095578,0.486019,-1.488461,2.749640,0.600000,0,3,0,0
512,0.138931,3.000622,4.494198,-0.095414,0.486019,-1.488644,2.749640,0.600000,0,3,0,0
513,0.139650,3.000050,4.492810,-0.095234,0.486019,-1.488843,2.749640,0.600000,0,3,0,0
514,0.140421,2.999455,4.491378,-0.095044,0.486019,-1.489053,2.749640,0.600000,0,3,0,0
515,0.141230,2.998849,4.489931,-0.094846,0.486019,-1.489271,2.749640,0.600000,0,3,0,0
516,0.141719,2.998492,4.489084,-0.094728,0.486019,-1.489401,2.749640,0.600000,0,3,0,0
517,0.142329,2.998060,4.488064,-0.094582,0.486019,-1.489561,2.749640,0.600000,0,3,0,0
518,0.143032,2.997573,4.486925,-0.094415,0.486019,-1.489744,2.749640,0.600000,0,3,0,0
519,0.143809,2.997051,4.485715,-0.094232,0.486019,-1.489943,2.749640,0.600000,0,3,0,0
520,0.144638,2.996508,4.484468,-0.094039,0.486019,-1.490154,2.749640,0.600000,0,3,0,0
521,0.145506,2.995957,4.483211,-0.093838,0.486019,-1.490371,2.749640,0.600000,0,3,0,0
522,0.146029,2.995632,4.482478,-0.093718,0.486019,-1.490501,2.749640,0.600000,0,3,0,0
523,0.146681,2.995239,4.481595,-0.093570,0.486019,-1.490661,2.749640,0.600000,0,3,0,0
524,0.147431,2.994799,4.480611,-0.093400,0.486019,-1.490843,2.749640,0.600000,0,3,0,0
525,0.148257,2.994328,4.479566,-0.093215,0.486019,-1.491042,2.749640,0.600000,0,3,0,0
526,0.149137,2.993839,4.478492,-0.093018,0.486019,-1.491253,2.749640,0.600000,0,3,0,0
527,0.150057,2.993342,4.477410,-0.092815,0.486019,-1.491470,2.749640,0.600000,0,3,0,0
528,0.150609,2.993052,4.476779,-0.092693,0.486019,-1.491600,2.749640,0.600000,0,3,0,0
529,0.151297,2.992699,4.476021,-0.092542,0.486019,-1.491759,2.749640,0.600000,0,3,0,0
530,0.152087,2.992306,4.475175,-0.092370,0.486019,-1.491942,2.749640,0.600000,0,3,0,0
531,0.152955,2.991885,4.474278,-0.092181,0.486019,-1.492141,2.749640,0.600000,0,3,0,0
532,0.153878,2.991450,4.473353,-0.091982,0.486019,-1.492351,2.749640,0.600000,0,3,0,0
533,0.154841,2.991010,4.472422,-0.091775,0.486019,-1.492568,2.749640,0.600000,0,3,0,0
534,0.155419,2.990752,4.471880,-0.091652,0.486019,-1.492697,2.749640,0.600000,0,3,0,0
535,0.156137,2.990442,4.471224,-0.091499,0.486019,-1.492857,2.749640,0.600000,0,3,0,0
536,0.156961,2.990095,4.470494,-0.091324,0.486019,-1.493039,2.749640,0.600000,0,3,0,0
537,0.157864,2.989725,4.469716,-0.091133,0.486019,-1.493238,2.749640,0.600000,0,3,0,0
538,0.158824,2.989345,4.468911,-0.090930,0.486019,-1.493448,2.749640,0.600000,0,3,0,0
539,0.159823,2.988961,4.468097,-0.090720,0.486019,-1.493665,2.749640,0.600000,0,3,0,0
540,0.160421,2.988737,4.467621,-0.090595,0.486019,-1.493794,2.749640,0.600000,0,3,0,0
541,0.161164,2.988468,4.467045,-0.090440,0.486019,-1.493954,2.749640,0.600000,0,3,0,0
542,0.162015,2.988168,4.466398,-0.090262,0.486019,-1.494136,2.749640,0.600000,0,3,0,0
543,0.162947,2.987851,4.465706,-0.090069,0.486019,-1.494334,2.749640,0.600000,0,3,0,0
544,0.163935,2.987525,4.464985,-0.089863,0.486019,-1.494543,2.749640,0.600000,0,3,0,0
545,0.164963,2.987198,4.464252,-0.089650,0.486019,-1.494760,2.749640,0.600000,0,3,0,0
546,0.165579,2.987008,4.463821,-0.089523,0.486019,-1.494889,2.749640,0.600000,0,3,0,0
547,0.166341,2.986780,4.463296,-0.089366,0.486019,-1.495049,2.749640,0.600000,0,3,0,0
548,0.167213,2.986528,4.462702,-0.089186,0.486019,-1.495231,2.749640,0.600000,0,3,0,0
549,0.168167,2.986263,4.462061,-0.088989,0.486019,-1.495429,2.749640,0.600000,0,3,0,0
550,0.169178,2.985992,4.461389,-0.088781,0.486019,-1.495638,2.749640,0.600000,0,3,0,0
551,0.170228,2.985723,4.460698,-0.088565,0.486019,-1.495854,2.749640,0.600000,0,3,0,0
552,0.170855,2.985566,4.460290,-0.088436,0.486019,-1.495983,2.749640,0.600000,0,3,0,0
553,0.171633,2.985381,4.459788,-0.088276,0.486019,-1.496143,2.749640,0.600000,0,3,0,0
554,0.172521,2.985177,4.459215,-0.088094,0.486019,-1.496324,2.749640,0.600000,0,3,0,0
555,0.173490,2.984964,4.458592,-0.087894,0.486019,-1.496522,2.749640,0.600000,0,3,0,0
556,0.174517,2.984749,4.457934,-0.087683,0.486019,-1.496731,2.749640,0.600000,0,3,0,0
557,0.175583,2.984536,4.457251,-0.087464,0.486019,-1.496947,2.749640,0.600000,0,3,0,0
558,0.176219,2.984414,4.456846,-0.087334,0.486019,-1.497076,2.749640,0.600000,0,3,0,0
559,0.177006,2.984271,4.456342,-0.087172,0.486019,-1.497235,2.749640,0.600000,0,3,0,0
560,0.177904,2.984115,4.455764,-0.086987,0.486019,-1.497417,2.749640,0.600000,0,3,0,0
561,0.178884,2.983955,4.455131,-0.086785,0.486019,-1.497615,2.749640,0.600000,0,3,0,0
562,0.179921,2.983795,4.454456,-0.086571,0.486019,-1.497823,2.749640,0.600000,0,3,0,0
563,0.180996,2.983640,4.453753,-0.086349,0.486019,-1.498039,2.749640,0.600000,0,3,0,0
564,0.181637,2.983553,4.453332,-0.086216,0.486019,-1.498168,2.749640,0.600000,0,3,0,0
565,0.182429,2.983452,4.452807,-0.086053,0.486019,-1.498327,2.749640,0.600000,0,3,0,0
566,0.183333,2.983345,4.452202,-0.085865,0.486019,-1.498508,2.749640,0.600000,0,3,0,0
567,0.184319,2.983238,4.451536,-0.085660,0.486019,-1.498705,2.749640,0.600000,0,3,0,0
568,0.185360,2.983133,4.450825,-0.085444,0.486019,-1.498914,2.749640,0.600000,0,3,0,0
569,0.186439,2.983036,4.450079,-0.085219,0.486019,-1.499129,2.749640,0.600000,0,3,0,0
570,0.187082,2.982983,4.449632,-0.085085,0.486019,-1.499258,2.749640,0.600000,0,3,0,0
571,0.187874,2.982924,4.449073,-0.084918,0.486019,-1.499416,2.749640,0.600000,0,3,0,0
572,0.188780,2.982866,4.448428,-0.084728,0.486019,-1.499598,2.749640,0.600000,0,3,0,0
573,0.189766,2.982811,4.447718,-0.084521,0.486019,-1.499795,2.749640,0.600000,0,3,0,0
574,0.190807,2.982763,4.446958,-0.084302,0.486019,-1.500003,2.749640,0.600000,0,3,0,0
575,0.191885,2.982723,4.446162,-0.084074,0.486019,-1.500218,2.749640,0.600000,0,3,0,0
576,0.192527,2.982704,4.445684,-0.083938,0.486019,-1.500347,2.749640,0.600000,0,3,0,0
577,0.193318,2.982689,4.445086,-0.083770,0.486019,-1.500505,2.749640,0.600000,0,3,0,0
578,0.194220,2.982679,4.444397,-0.083578,0.486019,-1.500686,2.749640,0.600000,0,3,0,0
579,0.195203,2.982677,4.443639,-0.083368,0.486019,-1.500883,2.749640,0.600000,0,3,0,0
580,0.196239,2.982685,4.442830,-0.083145,0.486019,-1.501090,2.749640,0.600000,0,3,0,0
581,0.197311,2.982703,4.441984,-0.082915,0.486019,-1.501305,2.749640,0.600000,0,3,0,0
582,0.197949,2.982719,4.441476,-0.082777,0.486019,-1.501434,2.749640,0.600000,0,3,0,0
583,0.198734,2.982746,4.440845,-0.082607,0.486019,-1.501592,2.749640,0.600000,0,3,0,0
584,0.199630,2.982785,4.440117,-0.082412,0.486019,-1.501772,2.749640,0.600000,0,3,0,0
585,0.200605,2.982836,4.439321,-0.082200,0.486019,-1.501969,2.749640,0.600000,0,3,0,0
586,0.201633,2.982899,4.438474,-0.081975,0.486019,-1.502176,2.749640,0.600000,0,3,0,0
587,0.202695,2.982976,4.437593,-0.081741,0.486019,-1.502391,2.749640,0.600000,0,3,0,0
588,0.203327,2.983026,4.437065,-0.081602,0.486019,-1.502519,2.749640,0.600000,0,3,0,0
589,0.204104,2.983095,4.436410,-0.081430,0.486019,-1.502677,2.749640,0.600000,0,3,0,0
590,0.204991,2.983182,4.435661,-0.081233,0.486019,-1.502857,2.749640,0.600000,0,3,0,0
591,0.205954,2.983286,4.434844,-0.081018,0.486019,-1.503053,2.749640,0.600000,0,3,0,0
592,0.206970,2.983406,4.433980,-0.080790,0.486019,-1.503260,2.749640,0.600000,0,3,0,0
593,0.208018,2.983540,4.433087,-0.080554,0.486019,-1.503475,2.749640,0.600000,0,3,0,0
594,0.208642,2.983624,4.432553,-0.080413,0.486019,-1.503603,2.749640,0.600000,0,3,0,0
595,0.209409,2.983736,4.431897,-0.080239,0.486019,-1.503760,2.749640,0.600000,0,3,0,0
596,0.210282,2.983872,4.431149,-0.080039,0.486019,-1.503940,2.749640,0.600000,0,3,0,0
597,0.211232,2.984029,4.430339,-0.079822,0.486019,-1.504136,2.749640,0.600000,0,3,0,0
598,0.212233,2.984204,4.429488,-0.079591,0.486019,-1.504343,2.749640,0.600000,0,3,0,0
599,0.213265,2.984395,4.428613,-0.079353,0.486019,-1.504557,2.749640,0.600000,0,3,0,0
600,0.213879,2.984514,4.428093,-0.079210,0.486019,-1.504684,2.749640,0.600000,0,3,0,0
601,0.214633,2.984668,4.427459,-0.079034,0.486019,-1.504842,2.749640,0.600000,0,3,0,0
602,0.215492,2.984853,4.426743,-0.078832,0.486019,-1.505021,2.749640,0.600000,0,3,0,0
603,0.216425,2.985062,4.425972,-0.078612,0.486019,-1.505217,2.749640,0.600000,0,3,0,0
604,0.217407,2.985293,4.425169,-0.078379,0.486019,-1.505424,2.749640,0.600000,0,3,0,0
605,0.218421,2.985542,4.424351,-0.078137,0.486019,-1.505637,2.749640,0.600000,0,3,0,0
606,0.219023,2.985695,4.423868,-0.077993,0.486019,-1.505764,2.749640,0.600000,0,3,0,0
607,0.219763,2.985891,4.423284,-0.077815,0.486019,-1.505921,2.749640,0.600000,0,3,0,0
608,0.220605,2.986124,4.422630,-0.077611,0.486019,-1.506101,2.749640,0.600000,0,3,0,0
609,0.221519,2.986385,4.421934,-0.077388,0.486019,-1.506296,2.749640,0.600000,0,3,0,0
610,0.222482,2.986671,4.421217,-0.077153,0.486019,-1.506502,2.749640,0.600000,0,3,0,0
611,0.223474,2.986977,4.420496,-0.076908,0.486019,-1.506716,2.749640,0.600000,0,3,0,0
612,0.224063,2.987165,4.420074,-0.076763,0.486019,-1.506842,2.749640,0.600000,0,3,0,0
613,0.224787,2.987403,4.419569,-0.076582,0.486019,-1.506999,2.749640,0.600000,0,3,0,0
614,0.225611,2.987683,4.419011,-0.076376,0.486019,-1.507178,2.749640,0.600000,0,3,0,0
615,0.226505,2.987997,4.418425,-0.076151,0.486019,-1.507373,2.749640,0.600000,0,3,0,0
616,0.227445,2.988338,4.417830,-0.075913,0.486019,-1.507579,2.749640,0.600000,0,3,0,0
617,0.228413,2.988701,4.417243,-0.075666,0.486019,-1.507792,2.749640,0.600000,0,3,0,0
618,0.228987,2.988922,4.416903,-0.075519,0.486019,-1.507919,2.749640,0.600000,0,3,0,0
619,0.229694,2.989202,4.416504,-0.075336,0.486019,-1.508075,2.749640,0.600000,0,3,0,0
620,0.230498,2.989530,4.416074,-0.075128,0.486019,-1.508254,2.749640,0.600000,0,3,0,0
621,0.231371,2.989895,4.415631,-0.074901,0.486019,-1.508448,2.749640,0.600000,0,3,0,0
622,0.232288,2.990291,4.415192,-0.074660,0.486019,-1.508654,2.749640,0.600000,0,3,0,0
623,0.233230,2.990710,4.414770,-0.074411,0.486019,-1.508866,2.749640,0.600000,0,3,0,0
624,0.233790,2.990965,4.414532,-0.074262,0.486019,-1.508993,2.749640,0.600000,0,3,0,0
625,0.234479,2.991287,4.414262,-0.074078,0.486019,-1.509149,2.749640,0.600000,0,3,0,0
626,0.235261,2.991662,4.413982,-0.073867,0.486019,-1.509327,2.749640,0.600000,0,3,0,0
627,0.236110,2.992079,4.413707,-0.073637,0.486019,-1.509521,2.749640,0.600000,0,3,0,0
628,0.237002,2.992529,4.413450,-0.073394,0.486019,-1.509726,2.749640,0.600000,0,3,0,0
629,0.237919,2.993004,4.413219,-0.073142,0.486019,-1.509939,2.749640,0.600000,0,3,0,0
630,0.238463,2.993292,4.413096,-0.072992,0.486019,-1.510065,2.749640,0.600000,0,3,0,0
631,0.239131,2.993655,4.412972,-0.072806,0.486019,-1.510221,2.749640,0.600000,0,3,0,0
632,0.239892,2.994077,4.412860,-0.072593,0.486019,-1.510399,2.749640,0.600000,0,3,0,0
633,0.240716,2.994545,4.412770,-0.072361,0.486019,-1.510592,2.749640,0.600000,0,3,0,0
634,0.241581,2.995049,4.412710,-0.072115,0.486019,-1.510797,2.749640,0.600000,0,3,0,0
635,0.242470,2.995580,4.412685,-0.071861,0.486019,-1.511009,2.749640,0.600000,0,3,0,0
636,0.242998,2.995901,4.412687,-0.071709,0.486019,-1.511135,2.749640,0.600000,0,3,0,0
637,0.243646,2.996304,4.412717,-0.071521,0.486019,-1.511290,2.749640,0.600000,0,3,0,0
638,0.244382,2.996773,4.412780,-0.071306,0.486019,-1.511468,2.749640,0.600000,0,3,0,0
639,0.245180,2.997291,4.412881,-0.071072,0.486019,-1.511661,2.749640,0.600000,0,3,0,0
640,0.246018,2.997848,4.413024,-0.070824,0.486019,-1.511865,2.749640,0.600000,0,3,0,0
641,0.246878,2.998434,4.413208,-0.070566,0.486019,-1.512076,2.749640,0.600000,0,3,0,0
642,0.247388,2.998787,4.413335,-0.070413,0.486019,-1.512202,2.749640,0.600000,0,3,0,0
643,0.248014,2.999231,4.413518,-0.070223,0.486019,-1.512357,2.749640,0.600000,0,3,0,0
644,0.248726,2.999746,4.413754,-0.070006,0.486019,-1.512535,2.749640,0.600000,0,3,0,0
645,0.249496,3.000314,4.414044,-0.069770,0.486019,-1.512727,2.749640,0.600000,0,3,0,0
646,0.250305,3.000923,4.414382,-0.069519,0.486019,-1.512931,2.749640,0.600000,0,3,0,0
647,0.251135,3.001564,4.414766,-0.069260,0.486019,-1.513142,2.749640,0.600000,0,3,0,0
648,0.251627,3.001950,4.415012,-0.069105,0.486019,-1.513267,2.749640,0.600000,0,3,0,0
649,0.252230,3.002434,4.415340,-0.068913,0.486019,-1.513422,2.749640,0.600000,0,3,0,0
650,0.252916,3.002994,4.415739,-0.068694,0.486019,-1.513599,2.749640,0.600000,0,3,0,0
651,0.253511,3.000713,4.410673,-0.068402,0.485958,-1.517236,2.739699,0.600000,0,3,0,0
652,0.253890,2.993359,4.395872,-0.068006,0.485788,-1.526967,2.719727,0.600000,0,3,0,0
653,0.253948,2.979218,4.367973,-0.067490,0.485473,-1.544857,2.689212,0.600000,0,3,0,0
654,0.253265,2.956859,4.324350,-0.066976,0.484986,-1.572265,2.648041,0.600000,0,3,0,0
655,0.252187,2.926047,4.263838,-0.066344,0.484310,-1.610179,2.596335,0.600000,0,3,0,0
656,0.250617,2.886585,4.185653,-0.065633,0.483438,-1.659032,2.534273,0.600000,0,3,0,0
657,0.248567,2.839715,4.091802,-0.064881,0.482392,-1.717521,2.466717,0.600000,0,3,0,0
658,0.246139,2.787587,3.986203,-0.064115,0.481216,-1.783171,2.398434,0.600000,0,3,0,0
659,0.243393,2.731880,3.871910,-0.063363,0.479944,-1.854069,2.329492,0.600000,0,3,0,0
660,0.240099,2.673613,3.750998,-0.062747,0.478602,-1.928680,2.259956,0.600000,0,3,0,0
661,0.236621,2.614104,3.625566,-0.062167,0.477209,-2.006007,2.189899,0.600000,0,3,0,0
662,0.232948,2.554070,3.496926,-0.061647,0.475779,-2.085236,2.119399,0.600000,0,3,0,0
663,0.229066,2.494042,3.366043,-0.061208,0.474323,-2.165777,2.048538,0.600000,0,3,0,0
664,0.224958,2.434410,3.233624,-0.060864,0.472847,-2.247204,1.977410,0.600000,0,3,0,0
665,0.220608,2.375458,3.100185,-0.060627,0.471356,-2.329215,1.906121,0.600000,0,3,0,0
666,0.215791,2.317157,2.965857,-0.060583,0.469853,-2.411538,1.839250,0.600000,1,2,0,0
667,0.210759,2.259956,2.831227,-0.060641,0.468340,-2.494101,1.826091,0.600000,1,2,0,0
668,0.205497,2.203965,2.696509,-0.060806,0.466819,-2.576797,1.812662,0.600000,1,2,0,0
669,0.199993,2.149273,2.561880,-0.061083,0.465289,-2.659545,1.798970,0.600000,1,2,0,0
670,0.194238,2.095953,2.427499,-0.061475,0.463751,-2.742282,1.785023,0.600000,1,2,0,0
671,0.188231,2.044075,2.293525,-0.061985,0.462204,-2.824952,1.770833,0.600000,1,2,0,0
672,0.181816,1.993509,2.159911,-0.062681,0.460649,-2.907449,1.756414,0.600000,1,2,0,0
673,0.174614,1.945613,2.026840,-0.064400,0.459010,-2.991267,1.754342,0.600000,1,2,0,0
674,0.166057,1.901262,1.894096,-0.067975,0.457218,-3.077793,1.765566,0.600000,1,2,0,0
675,0.156167,1.860214,1.761733,-0.073266,0.455286,-3.166840,1.777641,0.600000,1,2,0,0
676,0.145021,1.822139,1.629752,-0.080087,0.453227,-3.258157,1.790604,0.600000,1,2,0,0
677,0.132734,1.786671,1.498123,-0.088231,0.451058,-3.351458,1.804487,0.600000,1,2,0,0
678,0.119311,1.753268,1.366621,-0.097540,0.448795,-3.446412,1.819322,0.600000,1,2,0,0
679,0.105035,1.721793,1.235422,-0.107754,0.446456,-3.542780,1.835140,0.600000,1,2,0,0
680,0.090040,1.691943,1.104495,-0.118694,0.444054,-3.640297,1.851901,0.600000,1,2,0,0
681,0.076097,1.667301,0.972608,-0.130316,0.441389,-3.744897,1.869656,0.600000,1,2,0,0
682,0.063668,1.648910,0.841774,-0.142176,0.438464,-3.856022,1.888338,0.600000,1,2,0,0
683,0.053327,1.637704,0.714282,-0.153698,0.435292,-3.972641,1.905879,0.600000,1,2,0,0
684,0.045360,1.634230,0.592201,-0.164463,0.431900,-4.093405,1.922553,0.600000,1,2,0,0
685,0.040133,1.639230,0.477802,-0.174042,0.428319,-4.216908,1.938575,0.600000,1,2,0,0
686,0.037702,1.653059,0.372869,-0.182208,0.424582,-4.341673,1.954116,0.600000,1,2,0,0
687,0.037959,1.675902,0.278800,-0.188858,0.420725,-4.466303,1.969309,0.600000,1,2,0,0
688,0.040655,1.707787,0.196547,-0.194012,0.416782,-4.589570,1.984262,0.600000,1,2,0,0
689,0.045426,1.748612,0.126573,-0.197800,0.412791,-4.710478,1.999051,0.600000,1,2,0,0
690,0.051688,1.797865,0.068591,-0.200501,0.408770,-4.828270,2.013717,0.600000,1,2,0,0
691,0.059205,1.855464,0.022300,-0.202213,0.404736,-4.942618,2.028201,0.600000,1,2,0,0
692,0.067506,1.920913,-0.013321,-0.203207,0.400701,-5.053430,2.042516,0.600000,1,2,0,0
693,0.076101,1.993550,-0.039797,-0.203789,0.396675,-5.160944,2.056718,0.600000,1,2,0,0
694,0.084585,2.072496,-0.059132,-0.204203,0.392663,-5.265707,2.070831,0.600000,1,2,0,0
695,0.092665,2.156655,-0.073727,-0.204605,0.388672,-5.368543,2.084880,0.600000,1,2,0,0
696,0.096341,2.225162,-0.098938,-0.206750,0.384995,-5.465516,2.098885,0.600000,1,2,0,0
697,0.096401,2.279617,-0.134615,-0.210524,0.381573,-5.558267,2.112844,0.600000,1,2,0,0
698,0.093630,2.321800,-0.180228,-0.215656,0.378349,-5.648205,2.126642,0.600000,1,2,0,0
699,0.088639,2.353753,-0.234780,-0.221972,0.375269,-5.736515,2.140253,0.600000,1,2,0,0
700,0.081885,2.377544,-0.297059,-0.229366,0.372283,-5.824165,2.153719,0.600000,1,2,0,0
701,0.073764,2.395099,-0.365792,-0.237719,0.369350,-5.911895,2.167062,0.600000,1,2,0,0
702,0.064441,2.407727,-0.440053,-0.247012,0.366438,-6.000180,2.180296,0.600000,1,2,0,0
703,0.054477,2.417297,-0.518426,-0.256901,0.363527,-6.089485,2.193393,0.600000,1,2,0,0
704,0.044056,2.424912,-0.600008,-0.267289,0.360591,-6.180046,2.206388,0.600000,1,2,0,0
705,0.033295,2.431417,-0.684074,-0.278112,0.357614,-6.272001,2.219330,0.600000,1,2,0,0
706,0.022275,2.437439,-0.770048,-0.289315,0.354594,-6.365402,2.232244,0.600000,1,2,0,0
707,0.011227,2.443623,-0.857073,-0.300692,0.351551,-6.459987,2.246029,0.600000,1,2,0,0
708,0.000174,2.449778,-0.945226,-0.312168,0.348485,-6.555708,2.259662,0.600000,1,2,0,0
709,-0.010790,2.456510,-1.034043,-0.323676,0.345385,-6.652644,2.273197,0.600000,1,2,0,0
710,-0.021621,2.463820,-1.123500,-0.335148,0.342253,-6.750776,2.286601,0.600000,1,2,0,0
711,-0.030015,2.477189,-1.203156,-0.344799,0.339167,-6.844182,2.323531,0.600000,1,2,0,0
712,-0.036283,2.496069,-1.273993,-0.352790,0.336117,-6.933342,2.361341,0.600000,1,2,0,0
713,-0.040916,2.519832,-1.337631,-0.359490,0.333093,-7.019287,2.400321,0.600000,1,2,0,0
714,-0.044469,2.547361,-1.395602,-0.365337,0.330088,-7.102571,2.440484,0.600000,1,2,0,0
715,-0.047055,2.578582,-1.448758,-0.370379,0.327098,-7.183888,2.481782,0.600000,1,2,0,0
716,-0.049014,2.612899,-1.498186,-0.374888,0.324115,-7.263764,2.524213,0.600000,1,2,0,0
717,-0.050483,2.649800,-1.544811,-0.378950,0.321131,-7.342637,2.567719,0.600000,1,2,0,0
718,-0.051727,2.688882,-1.589363,-0.382796,0.318141,-7.420843,2.612316,0.600000,1,2,0,0
719,-0.052797,2.729831,-1.632415,-0.386453,0.315141,-7.498642,2.657954,0.600000,1,2,0,0
720,-0.053985,2.771910,-1.674672,-0.390216,0.312126,-7.576116,2.704645,0.600000,1,2,0,0
721,-0.055587,2.815150,-1.716770,-0.394324,0.309089,-7.653886,2.750772,0.600000,1,2,0,0
722,-0.057665,2.859035,-1.759509,-0.398815,0.306018,-7.732342,2.796363,0.600000,1,2,0,0
723,-0.060512,2.903226,-1.803432,-0.403970,0.302909,-7.811757,2.841551,0.600000,1,2,0,0
724,-0.064021,2.947489,-1.848903,-0.409680,0.299763,-7.892317,2.886338,0.600000,1,2,0,0
725,-0.068316,2.991698,-1.896126,-0.416073,0.296575,-7.974137,2.930816,0.600000,1,2,0,0
726,-0.073289,3.035197,-1.945559,-0.423103,0.293346,-8.057186,2.974971,0.600000,1,2,0,0
727,-0.076131,3.078725,-1.849147,-0.427900,0.290077,-7.993976,3.030847,0.600000,0,1,0,0
728,-0.080172,3.122240,-1.791150,-0.433807,0.286769,-7.968750,3.092072,0.600000,0,1,0,0
729,-0.085222,3.165716,-1.765703,-0.440641,0.283423,-7.975636,3.154377,0.600000,0,1,0,0
730,-0.091099,3.209140,-1.766527,-0.448225,0.280038,-8.008362,3.217731,0.600000,0,1,0,0
731,-0.097650,3.252385,-1.787923,-0.456407,0.276611,-8.061155,3.282090,0.600000,0,1,0,0
732,-0.104784,3.294700,-1.825340,-0.465196,0.273143,-8.128906,3.347416,0.600000,0,1,0,0
733,-0.112318,3.336886,-1.874169,-0.474285,0.269634,-8.207655,3.413696,0.600000,0,1,0,0
734,-0.120173,3.378834,-1.931282,-0.483602,0.266085,-8.294213,3.480911,0.600000,0,1,0,0
735,-0.128294,3.420471,-1.994349,-0.493099,0.262498,-8.386216,3.549050,0.600000,0,1,0,0
736,-0.136644,3.461751,-2.061713,-0.502747,0.258880,-8.481984,3.618100,0.600000,0,1,0,0
737,-0.145198,3.502616,-2.132256,-0.512524,0.255232,-8.580377,3.687995,0.600000,0,1,0,0
738,-0.153939,3.542305,-2.205752,-0.522570,0.251551,-8.680557,3.758718,0.600000,0,1,0,0
739,-0.178035,3.582626,-2.281596,-0.530811,0.247836,-8.782228,3.830286,0.600000,0,1,0,0
740,-0.214864,3.623308,-2.359603,-0.537714,0.244088,-8.885123,3.902688,0.600000,0,1,0,0
741,-0.260792,3.664039,-2.439538,-0.544030,0.240282,-8.989014,3.975892,0.600000,0,1,0,0
742,-0.319682,3.717656,-2.504425,-0.556851,0.236713,-9.084089,4.049861,0.600000,0,1,0,0
743,-0.387716,3.782627,-2.555954,-0.574469,0.233341,-9.171031,4.124578,0.600000,0,1,0,0
744,-0.462093,3.857121,-2.596028,-0.595724,0.230138,-9.250233,4.200046,0.600000,0,1,0,0
745,-0.540447,3.941882,-2.624700,-0.618857,0.227087,-9.322274,4.276031,0.600000,0,1,0,0
746,-0.621644,4.036313,-2.642850,-0.643290,0.224164,-9.387372,4.352726,0.600000,0,1,0,0
747,-0.704612,4.141347,-2.649676,-0.668221,0.221373,-9.444779,4.430089,0.600000,0,1,0,0
748,-0.788883,4.256265,-2.646717,-0.693306,0.218696,-9.495249,4.508094,0.600000,0,1,0,0
749,-0.874008,4.380697,-2.635160,-0.718119,0.216119,-9.539345,4.586710,0.600000,0,1,0,0
750,-0.959435,4.513566,-2.616737,-0.742396,0.213626,-9.577339,4.665905,0.600000,0,1,0,0
751,-1.044965,4.656301,-2.590968,-0.765443,0.211207,-9.609664,4.745649,0.600000,0,1,0,0
752,-1.130305,4.808985,-2.558444,-0.786966,0.208862,-9.636379,4.825918,0.600000,0,1,0,0
753,-1.215288,4.971908,-2.519558,-0.806791,0.206595,-9.657430,4.906699,0.600000,0,1,0,0
754,-1.299436,5.144577,-2.474727,-0.824814,0.204423,-9.672548,4.986642,0.600000,0,1,0,0
755,-1.382490,5.326973,-2.424174,-0.841016,0.202360,-9.681463,5.065776,0.600000,0,1,0,0
756,-1.464124,5.518272,-2.369079,-0.855671,0.200418,-9.683712,5.144147,0.600000,0,1,0,0
757,-1.540163,5.665959,-2.360881,-0.866074,0.197860,-9.716300,5.221779,0.600000,0,1,0,0
758,-1.613462,5.791040,-2.377419,-0.874537,0.194997,-9.764350,5.298702,0.600000,0,1,0,0
759,-1.685527,5.904818,-2.406797,-0.882276,0.191998,-9.819891,5.374936,0.600000,0,1,0,0
760,-1.757115,6.013184,-2.442791,-0.889897,0.188948,-9.878762,5.450510,0.600000,0,1,0,0
761,-1.828586,6.119092,-2.482300,-0.897689,0.185890,-9.938908,5.525444,0.600000,0,1,0,0
762,-1.899755,6.222718,-2.525156,-0.906024,0.182844,-9.999167,5.599765,0.600000,0,1,0,0
763,-1.971174,6.326664,-2.568571,-0.914555,0.179818,-10.059344,5.673507,0.600000,0,1,0,0
764,-2.042756,6.430802,-2.612717,-0.923371,0.176816,-10.119270,5.746681,0.600000,0,1,0,0
765,-2.111054,6.536475,-2.658156,-0.932349,0.173838,-10.178809,5.819306,0.600000,0,1,0,0
766,-2.174290,6.644299,-2.705611,-0.941397,0.170882,-10.238277,5.891294,0.600000,0,1,0,0
767,-2.235412,6.752930,-2.754554,-0.950607,0.167946,-10.297582,5.962673,0.600000,0,1,0,0
768,-2.295276,6.860391,-2.806384,-0.960289,0.165030,-10.356538,6.033464,0.600000,0,1,0,0
769,-2.355153,6.968620,-2.858431,-0.970023,0.162132,-10.415421,6.103693,0.600000,0,1,0,0
770,-2.415107,7.077008,-2.911226,-0.979914,0.159250,-10.474196,6.173376,0.600000,0,1,0,0
771,-2.475149,7.185299,-2.964980,-0.990004,0.156386,-10.532832,6.242534,0.600000,0,1,0,0
772,-2.535263,7.293379,-3.019788,-1.000311,0.153537,-10.591345,6.311173,0.600000,0,1,0,0
773,-2.595466,7.401305,-3.075670,-1.010848,0.150703,-10.649733,6.379409,0.600000,0,1,0,0
774,-2.655156,7.507619,-3.134524,-1.021914,0.147881,-10.707835,6.447257,0.600000,0,1,0,0
775,-2.715285,7.614799,-3.193257,-1.033031,0.145072,-10.765960,6.514736,0.600000,0,1,0,0
776,-2.775609,7.722236,-3.252641,-1.044323,0.142275,-10.824047,6.581857,0.600000,0,1,0,0
777,-2.836023,7.829711,-3.312935,-1.055835,0.139491,-10.882059,6.648639,0.600000,0,1,0,0
778,-2.896473,7.937144,-3.374199,-1.067584,0.136718,-10.939956,6.715094,0.600000,0,1,0,0
779,-2.956938,8.044499,-3.436516,-1.079576,0.133957,-10.997793,6.781224,0.600000,0,1,0,0
780,-3.016644,8.150183,-3.501971,-1.092123,0.131206,-11.055327,6.847058,0.600000,0,1,0,0
781,-3.076836,8.256906,-3.567025,-1.104706,0.128467,-11.112955,6.912598,0.600000,0,1,0,0
782,-3.137171,8.363930,-3.632624,-1.117480,0.125739,-11.170555,6.977863,0.600000,0,1,0,0
783,-3.197526,8.471004,-3.699102,-1.130498,0.123022,-11.228115,7.042853,0.600000,0,1,0,0
784,-3.257840,8.577982,-3.766745,-1.143761,0.120314,-11.285823,7.107522,0.600000,0,1,0,0
785,-3.318089,8.684824,-3.835499,-1.157277,0.117615,-11.343595,7.171884,0.600000,0,1,0,0
786,-3.377329,8.789801,-3.907670,-1.171370,0.114924,-11.401173,7.235949,0.600000,0,1,0,0
787,-3.437126,8.895886,-3.979184,-1.185472,0.112243,-11.458935,7.299724,0.600000,0,1,0,0
788,-3.496995,9.002193,-4.051240,-1.199751,0.109570,-11.516754,7.363223,0.600000,0,1,0,0
789,-3.556785,9.108486,-4.124109,-1.214255,0.106905,-11.574528,7.426469,0.600000,0,1,0,0
790,-3.616447,9.214701,-4.197917,-1.228994,0.104249,-11.632284,7.489475,0.600000,0,1,0,0
791,-3.675953,9.320817,-4.272715,-1.243964,0.101602,-11.690060,7.552242,0.600000,0,1,0,0
792,-3.734168,9.425001,-4.351048,-1.259503,0.098962,-11.747621,7.614783,0.600000,0,1,0,0
793,-3.796906,9.540796,-4.431178,-1.276305,0.096203,-11.806570,7.685031,0.600000,0,1,0,0
794,-3.864838,9.672249,-4.515942,-1.295149,0.094855,-11.867307,7.763628,0.600000,0,1,0,0
795,-3.933818,9.809014,-4.602999,-1.314797,0.095324,-11.928506,7.842112,0.600000,0,1,0,0
796,-4.002895,9.945556,-4.691896,-1.334975,0.094561,-11.989950,7.920563,0.600000,0,1,0,0
797,-4.070522,10.082208,-4.782405,-1.355443,0.093142,-12.051437,7.998957,0.600000,0,1,0,0
798,-4.124324,10.221515,-4.877013,-1.375088,0.092221,-12.112194,8.077563,0.600000,0,1,0,0
799,-4.176040,10.366341,-4.970807,-1.394441,0.093935,-12.173094,8.156317,0.600000,0,1,0,0
800,-4.226734,10.512089,-5.065620,-1.413968,0.095668,-12.234100,8.235156,0.600000,0,1,0,0
801,-4.276597,10.658031,-5.161787,-1.433759,0.097081,-12.295182,8.314076,0.600000,0,1,0,0
802,-4.325654,10.804164,-5.259408,-1.453837,0.098230,-12.356364,8.393097,0.600000,0,1,0,0
803,-4.372847,10.949121,-5.358049,-1.473214,0.099326,-12.417502,8.471172,0.600000,0,1,0,0
804,-4.416561,11.090627,-5.460537,-1.492210,0.100405,-12.478352,8.548358,0.600000,0,1,0,0
805,-4.459754,11.232658,-5.561424,-1.510180,0.101474,-12.539343,8.624715,0.600000,0,1,0,0
806,-4.501418,11.373708,-5.662819,-1.527498,0.102536,-12.600316,8.700273,0.600000,0,1,0,0
807,-4.541488,11.513630,-5.765004,-1.544290,0.103589,-12.661223,8.775084,0.600000,0,1,0,0
808,-4.580021,11.652461,-5.867958,-1.560635,0.104634,-12.722021,8.849196,0.600000,0,1,0,0
809,-4.617096,11.790244,-5.971749,-1.576596,0.105672,-12.782793,8.922640,0.600000,0,1,0,0
810,-4.650988,11.924706,-6.079319,-1.592646,0.106502,-12.843222,8.995530,0.600000,0,1,0,0
811,-4.685144,12.060013,-6.185023,-1.608047,0.106994,-12.903877,9.067873,0.600000,0,1,0,0
812,-4.718160,12.194547,-6.291185,-1.623165,0.107450,-12.964485,9.139623,0.600000,0,1,0,0
813,-4.749943,12.328183,-6.398043,-1.638075,0.107899,-13.025054,9.210802,0.600000,0,1,0,0
814,-4.780583,12.460816,-6.505599,-1.652875,0.108212,-13.085555,9.281447,0.600000,0,1,0,0
815,-4.810118,12.591894,-6.613875,-1.667598,0.107774,-13.146029,9.351601,0.600000,0,1,0,0
816,-4.836504,12.719618,-6.725864,-1.682679,0.107121,-13.206176,9.421289,0.600000,0,1,0,0
817,-4.863704,12.848808,-6.835663,-1.697280,0.106456,-13.266550,9.490521,0.600000,0,1,0,0
818,-4.889946,12.977408,-6.945944,-1.711799,0.105792,-13.326886,9.559323,0.600000,0,1,0,0
819,-4.915138,13.105293,-7.056886,-1.726269,0.105131,-13.387208,9.627706,0.600000,0,1,0,0
820,-4.939295,13.232504,-7.168458,-1.740707,0.104472,-13.447479,9.695691,0.600000,0,1,0,0
821,-4.962428,13.359037,-7.280665,-1.755120,0.103814,-13.507738,9.763288,0.600000,0,1,0,0
822,-4.982243,13.482426,-7.396517,-1.769976,0.103158,-13.567671,9.830521,0.600000,0,1,0,0
823,-5.003072,13.609500,-7.511045,-1.784120,0.102503,-13.628078,9.898421,0.600000,0,1,0,0
824,-5.022238,13.737302,-7.627199,-1.797383,0.101850,-13.688769,9.966655,0.600000,0,1,0,0
825,-5.041444,13.803084,-7.740791,-1.800515,0.101200,-13.764441,10.000000,0.600000,0,1,0,0
