rva,symbol,name,conf,subsystem,file,installed,verdict,imm,detail
00403050,PreRaceLoadingScreenDraw,FUN_00403050,C2,frontend,SkeletonAndScatter_t6.cpp,yes,PASS,DIFF,"imm -0x18,0x24 +0x10,0x38"
00407600,PlayerPositionPtr,Player::GetPositionPtr,C2,util,SlotObjectAccessors.cpp,yes,PASS,same,data=1 ours=28B orig=29B
00407b00,RangeTableFindGroup,FUN_00407b00,C2,gameplay,RangeTable_ah1.cpp,yes,PASS,same,data=0 ours=145B orig=99B
0040cf40,ReleaseResourcePair,FUN_0040cf40,C2,gameplay,Thresholds_ah4.cpp,yes,PASS,same,data=2 ours=58B orig=57B
0040d590,RaceRankThreePlayers,FUN_0040d590,C2,frontend,MenuLeaves_af4.cpp,COMMENTED,PASS,DIFF,"imm -0x5,0x41 +-"
00410860,ScoreThresholdStateCheck,FUN_00410860,C2,util,UtilMid.cpp,COMMENTED,FAIL,DIFF,data -0x7f1a54 +-; imm -0xc8 +0xc7
00412cf0,LabelTrailRecordAppend,FUN_00412cf0,C2,hud,UtilMid.cpp,COMMENTED,PASS,DIFF,"imm -0x20,0x24,0x41 +0x0,0x38"
00415200,AiV0Guard_Entry,AiVehicle0ZeroProgressGuard,C2,ai,AiTargeting.cpp,yes,SKIP,,symbol absent from obj (mangled/static/inlined)
00418de0,VehicleEliminationSlotPostInit,FUN_00418de0,C2,vehicle,Damage.cpp,COMMENTED,PASS,DIFF,"imm -0x1,0x2,0x3,0x14,0x2c +0x4"
00419760,VehicleEliminationSlotInit,FUN_00419760,C2,vehicle,Damage.cpp,COMMENTED,FAIL,DIFF,"data -- +0x63c028,0x63c04c,0x63c06c; imm -- +0x0"
0041bc50,Sub0041bc50_HudRender29Dispatcher,FUN_0041bc50,C2,hud,HudBatch.cpp,COMMENTED,SKIP,,symbol absent from obj (mangled/static/inlined)
0041c2d0,FUN_0041c2d0,FUN_0041c2d0,C2,hud,HudDispatch.cpp,COMMENTED,PASS,DIFF,imm -0x10 +-
0041d730,PlayerSlotConfigInit,sub_0041d730,C2,util,UtilMid.cpp,COMMENTED,FAIL,DIFF,"data -0x7f1a18,0x7f1a28,0x7f1a38,0x7f1a48 +0x63d2a4; imm -0xffffffff +-0x1,0x4"
00421930,BodyGeometryFirstDword,FUN_00421930,C2,render,SlotObjectAccessors.cpp,yes,PASS,same,data=0 ours=31B orig=35B
00423b00,FrontendInputDispatch,FUN_00423b00,C2,frontend,MenuLeaves_af5.cpp,yes,PASS,same,data=1 ours=38B orig=30B
00425c00,CopterClumpRegister,FUN_00425c00,C2,frontend,MenuLeaves_af4.cpp,COMMENTED,PASS,same,data=3 ours=161B orig=156B
004274e0,LocalizationFileLoad,FUN_004274e0,C2,frontend,SkeletonAndScatter_t6.cpp,yes,PASS,DIFF,imm -0x5 +0x4
00428590,ViewportInit,ViewportInit,C2,boot,SubsystemInit.cpp,COMMENTED,PASS,DIFF,"imm -0x4,0x14,0xff +0x18,0xff000000"
00428bf0,TitleBuildInfoRender,FUN_00428bf0,C2,frontend,MenuLeaves_af4.cpp,COMMENTED,PASS,DIFF,"imm -0x4,0xc,0x24,0x40,0x8c,0xff +-0x1,0x10,0x28,0x48,0x88,0xff000000"
0042bcb0,PlayerNameSpriteDraw,FUN_0042bcb0,C2,frontend,SkeletonAndScatter_t6.cpp,yes,PASS,DIFF,"imm -0x9,0x24 +0x7,0xe,0x1c"
00431d00,CarSelectReset,FUN_00431d00,C2,frontend,GameModeCarSelect.cpp,COMMENTED,PASS,same,data=7 ours=182B orig=98B
00442440,TransformMatrixUpdate,FUN_00442440,C2,util,UtilMid.cpp,COMMENTED,PASS,DIFF,"imm -0x10,0x28,0x3c +0x1,0x4,0x8,0x34,0x50"
00443dc0,AiNav_Entry,FUN_00443dc0,C2,ai,AiNavHooks.cpp,yes,SKIP,,symbol absent from obj (mangled/static/inlined)
00448700,VehicleSeedWritePair,VehicleSeedWritePair,C2,vehicle,VehicleSeed.cpp,yes,PASS,same,data=3 ours=46B orig=43B
0044b000,SlotRecordPositionPtr,FUN_0044b000,C2,render,SlotObjectAccessors.cpp,yes,PASS,same,data=1 ours=28B orig=27B
004671d0,FollowTargetField40,FUN_004671d0,C2,render,FollowTargetFieldPtr.cpp,yes,PASS,same,data=1 ours=45B orig=54B
00467210,FollowTargetField10,sub_00467210,C2,render,FollowTargetFieldPtr.cpp,yes,PASS,same,data=1 ours=45B orig=54B
00472dc0,Im2DTriangleDraw,FUN_00472dc0,C2,frontend,BucketMixed_t3.cpp,COMMENTED,FAIL,DIFF,"data -0x898a7c +0x898a2c,0x898a30,0x898a44,0x898a48,0x898a4c,0x898a60; imm -0x1c +0x10,0xff00ff00"
0047b9e0,Track_RenderQuadThunk_47b9e0,FUN_0047b9e0,C2,track,CourseLoadDispatch.cpp,yes,PASS,DIFF,imm -0x8 +-
0047c160,CameraPathNodeContainTest,sub_0047c160,C2,camera,ScenarioLeaves_sa2.cpp,COMMENTED,PASS,DIFF,imm -0x80 +-0x80
0047c270,CameraPathAllNodesEq2,FUN_0047c270,C2,camera,CameraPathPredicates.cpp,yes,FAIL,DIFF,"data -0x6c27a8,0x6c2fa8,0x6c2fe8 +-; imm -0x1,0x4,0x80 +0x8"
0047c2d0,CameraPathAnyNodeNonzero,FUN_0047c2d0,C2,camera,CameraPathPredicates.cpp,yes,FAIL,DIFF,"data -0x6c27a8,0x6c2fa8,0x6c2fe8 +-; imm -0x1,0x4,0x80 +0x8"
0047e9c0,FUN_0047e9c0,PhysicsSceneInitSequence,C2,vehicle,RwpSolverCore23.cpp,yes,PASS,DIFF,"imm -0x40 +0x0,0x34,0x38"
004840b0,ShapeOwnerHandleGet,FUN_004840b0,C2,vehicle,ShapeOwnerHandlePool.cpp,yes,PASS,DIFF,imm -0x4 +0x3
004853b0,SmplFzxStateBlockGetLogged,FUN_004853b0,C2,smplfzx,SmplFzxStateBlock.cpp,yes,PASS,same,data=1 ours=46B orig=52B
00490f50,ByteQuadSet50,FUN_00490f50,C2,render,GlobalByteQuad.cpp,yes,PASS,same,data=4 ours=37B orig=39B
00490f80,ByteQuadSet80,FUN_00490f80,C2,render,GlobalByteQuad.cpp,yes,PASS,same,data=4 ours=37B orig=39B
004926c0,AudioTickAndAvg,AudioTickAndAvg,C2,boot,FrameDispatch.cpp,COMMENTED,PASS,DIFF,imm -0x1f +-
00492d30,GameTickStateMachine7,FUN_00492d30,C2,util,UtilMid.cpp,COMMENTED,PASS,DIFF,imm -- +0x1f
004950b0,QpcTimeScaledTo3Mhz,FUN_004950b0,C2,util,UtilMid.cpp,COMMENTED,PASS,DIFF,imm -0x0 +-
00495280,PizOpen_SelectiveBypass,FUN_00495280,C2,render,PizOpenBypass.cpp,COMMENTED,SKIP,,no obj (TU not in this target's list)
00495350,HardwareShowIntroVideo,HardwareShowIntroVideo,C2,frontend,IntroSplash.cpp,COMMENTED,FAIL,DIFF,"data -- +0x7d3ff8; imm -0x2,0x14,0x20,0x40,0x80,0xff +0x18,0x28,0xff808000"
004a2bf7,Tbl4a2bf7,FUN_004a2bf7,C2,boot,PromoLoop_sessionB.cpp,yes,PASS,same,data=6 ours=61B orig=56B
004a4bb7,WinMainEntry,entry,C2,boot,CrtStartup.cpp,COMMENTED,PASS,DIFF,"imm -0x60,0xffffffff +0x4,0xc,0x44,0x52,0x8c,0xb0"
004a5984,CrtSehProlog,CrtSehProlog,C2,boot,CrtCompilerSupport.cpp,COMMENTED,PASS,DIFF,imm -0xffffffff +-
004a59bf,CrtSehEpilog,CrtSehEpilog,C2,boot,CrtCompilerSupport.cpp,COMMENTED,PASS,same,data=0 ours=17B orig=17B
004b302f,StricmpThunk,__stricmp,C2,util,UtilMid.cpp,COMMENTED,FAIL,DIFF,"data -0x616be4 +-; imm -0x0,0x10 +-"
004b4050,ClumpQueryField18,FUN_004b4050,C2,render,SlotObjectAccessors.cpp,yes,PASS,same,data=0 ours=23B orig=29B
004b6710,PizWin32Open_Compat,FUN_004b6710,C2,render,PizWin32Bypass.cpp,COMMENTED,FAIL,DIFF,"data -0x7d3e48,0x7d3e50 +-; imm --0x1,0x0,0x1,0x3,0x8,0x60000000 +0x4"
004b6770,PizWin32Close_Compat,FUN_004b6770,C2,render,PizWin32Bypass.cpp,COMMENTED,PASS,DIFF,imm -- +-0x1
004b67e0,PizWin32Read_Compat,FUN_004b67e0,C2,render,PizWin32Bypass.cpp,COMMENTED,PASS,same,data=6 ours=275B orig=241B
004c1a70,CameraRecomputeProjCoeffs,CameraRecomputeProjCoeffs,C2,render,CameraProjCoeffs.cpp,yes,PASS,same,data=1 ours=149B orig=150B
004c4600,FUN_004c4600,RwMatrixMultiply,C2,render,RwpSolverMath2.cpp,yes,PASS,DIFF,imm -- +0x1
004c51a0,FUN_004c51a0,RwMatrixTranslate,C2,render,RwpSolverMath2.cpp,yes,PASS,DIFF,imm -- +0x2
004c52f0,FUN_004c52f0,RwMatrixCombine,C2,render,RwpSolverMath2.cpp,yes,PASS,DIFF,"imm -0x0,0x48 +0x2,0x4c"
004c57a0,FontCtxMatrix_AllocInit,FontCtxMatrix_AllocInit,C2,hud,HudBatch.cpp,COMMENTED,SKIP,,symbol absent from obj (mangled/static/inlined)
004c5a00,RwTextureCreate,FUN_004c5a00,C2,render,TextureLoaderCluster.cpp,COMMENTED,PASS,DIFF,"imm -0x11 +0x0,0x1101"
004cc7f0,RwFreeListCreateWrapper,FUN_004cc7f0,C2,render,RenderSubmit_o4.cpp,COMMENTED,PASS,same,data=0 ours=31B orig=33B
004cc820,RwFreeListCreate,FUN_004cc820,C2,render,MixedC3Sweep.cpp,COMMENTED,SKIP,,symbol absent from obj (mangled/static/inlined)
004d71f0,RenderState_GetTexturingOverride,FUN_004d71f0,C2,render,RenderStateSettersA.cpp,yes,PASS,same,data=1 ours=6B orig=6B
004f8640,PluginFieldWriteA8,FUN_004f8640,C2,render,PluginFields_ah4.cpp,yes,PASS,same,data=1 ours=18B orig=18B
004f8670,PluginFieldWriteAC,FUN_004f8670,C2,render,PluginFields_ah4.cpp,yes,PASS,same,data=1 ours=18B orig=18B
00546b10,FUN_00546b10,FUN_00546b10,C2,vehicle,RwpSolverMath2.cpp,yes,PASS,DIFF,imm -0x4100 +-
00546bf0,FUN_00546bf0,FUN_00546bf0,C2,third-party-library[renderware],RwpSolverMath2.cpp,yes,PASS,DIFF,imm -- +0x8
00546c50,FUN_00546c50,FUN_00546c50,C2,third-party-library[renderware],RwpSolverMath2.cpp,yes,PASS,DIFF,imm -- +0x8
00546cb0,FUN_00546cb0,FUN_00546cb0,C2,third-party-library[renderware],RwpSolverMath2.cpp,yes,PASS,DIFF,imm -- +0x8
00552b60,FontSys_InitSeq,FontSys_InitSeq,C2,hud,FontCtx.cpp,COMMENTED,PASS,same,data=1 ours=61B orig=45B
00552e40,FontCtx_FlushMatrix,FontCtx_FlushMatrix,C2,hud,FontCtx.cpp,COMMENTED,PASS,DIFF,"imm -0x5,0x18,0x20,0x64,0x74 +0x38,0x68,0xfffffff0"
005554d0,FontText_StringWidthAccumulator,FUN_005554d0,C2,hud,HudBatch.cpp,COMMENTED,SKIP,,symbol absent from obj (mangled/static/inlined)
0055a1f0,FUN_0055a1f0,FUN_0055a1f0,C2,third-party-library[RenderWare-Physics-3.7],RwpSolverBroadphase3.cpp,yes,PASS,DIFF,"imm -0x1c,0xffff +-0x4,-0x1"
0055a9a0,FUN_0055a9a0,FUN_0055a9a0,C2,third-party-library[RenderWare-Physics-3.7],RwpSolverBroadphase3.cpp,yes,PASS,DIFF,"imm -0x10,0xffff +0x18,0xfffffffe"
0055ab30,FUN_0055ab30,FUN_0055ab30,C2,third-party-library[RenderWare-Physics-3.7],RwpSolverGlue5.cpp,yes,PASS,DIFF,imm -0xffff +-
0055abb0,FUN_0055abb0,FUN_0055abb0,C2,third-party-library[RenderWare-Physics-3.7],RwpSolverBroadphase3.cpp,yes,PASS,DIFF,imm -0xffff +-
0055ae50,FUN_0055ae50,FUN_0055ae50,C2,third-party-library[RenderWare-Physics-3.7],RwpSolverBroadphase3.cpp,yes,PASS,DIFF,imm -- +0x8
0055b750,FUN_0055b750,FUN_0055b750,C2,third-party-library[RenderWare-Physics-3.7],RwpSolverBroadphase3.cpp,yes,PASS,DIFF,imm -0xc +-
0055bae0,FUN_0055bae0,FUN_0055bae0,C2,third-party-library[RenderWare-Physics-3.7],RwpSolverBroadphase3.cpp,yes,PASS,DIFF,imm -0xc +-
0055bb70,FUN_0055bb70,FUN_0055bb70,C2,third-party-library[RenderWare-Physics-3.7],RwpSolverGlue5.cpp,yes,PASS,DIFF,"imm -0x40 +0x18,0x44"
0055bd70,FUN_0055bd70,FUN_0055bd70,C2,third-party-library[RenderWare-Physics-3.7],RwpSolverBroadphase3.cpp,yes,PASS,same,data=0 ours=14B orig=14B
0055bd80,FUN_0055bd80,FUN_0055bd80,C2,third-party-library[RenderWare-Physics-3.7],RwpSolverGlue5.cpp,yes,PASS,DIFF,imm -0x40 +0x44
0055c0f0,FUN_0055c0f0,FUN_0055c0f0,C2,third-party-library[RenderWare-Physics-3.7],RwpSolverBroadphase3.cpp,yes,PASS,DIFF,"imm -0x0,0xc +-"
0055c230,FUN_0055c230,FUN_0055c230,C2,third-party-library[RenderWare-Physics-3.7],RwpSolverGlue5.cpp,yes,PASS,DIFF,imm -0xc +-
0055c2d0,FUN_0055c2d0,FUN_0055c2d0,C2,third-party-library[RenderWare-Physics-3.7],RwpSolverBroadphase3.cpp,yes,PASS,DIFF,imm -- +0x14
0055e050,FUN_0055e050,FUN_0055e050,C2,third-party-library[RenderWare-Physics-3.7],RwpSolverGlue5.cpp,yes,PASS,DIFF,"imm -0x14,0x20 +0x1,0x5,0x8,0xc,0x1f,0x24"
0055fe50,FUN_0055fe50,FUN_0055fe50,C2,third-party-library[RenderWare-Physics-3.7],RwpSolverCore23.cpp,yes,PASS,same,data=0 ours=70B orig=77B
0055fea0,FUN_0055fea0,FUN_0055fea0,C2,third-party-library[RenderWare-Physics-3.7],RwpSolverCore23.cpp,yes,PASS,DIFF,imm -- +0x0
0055ff70,FUN_0055ff70,FUN_0055ff70,C2,third-party-library[RenderWare-Physics-3.7],RwpSolverCore23.cpp,yes,PASS,DIFF,imm -- +0x0
0055ff90,FUN_0055ff90,FUN_0055ff90,C2,third-party-library[RenderWare-Physics-3.7],RwpSolverCore23.cpp,yes,PASS,DIFF,"imm -0x14,0xffff +-0x1,0x10"
005601f0,FUN_005601f0,FUN_005601f0,C2,third-party-library[RenderWare-Physics-3.7],RwpSolverLeaves1.cpp,yes,PASS,DIFF,imm -0x10 +-
00560260,FUN_00560260,FUN_00560260,C2,third-party-library[RenderWare-Physics-3.7],RwpSolverPartition13.cpp,yes,PASS,DIFF,"imm -0xe,0x24,0x2c,0x38,0x41,0x88 +0x35,0x45,0x54,0xa8,0x128,0x15c"
00561040,FUN_00561040,FUN_00561040,C2,third-party-library[RenderWare-Physics-3.7],RwpSolverCore23.cpp,yes,PASS,DIFF,imm -0x84 +0x88
00561280,FUN_00561280,FUN_00561280,C2,third-party-library[RenderWare-Physics-3.7],RwpSolverCore21.cpp,yes,PASS,DIFF,"imm -0x2 +0x14,0xfffffff8"
00561390,FUN_00561390,FUN_00561390,C2,third-party-library[RenderWare-Physics-3.7],RwpSolverCore23.cpp,yes,PASS,DIFF,"imm -0xa8,0x4100 +0xac,0xfffffff8,0xfffffffc"
00561c50,FUN_00561c50,FUN_00561c50,C2,third-party-library[RenderWare-Physics-3.7],RwpSolverCore23.cpp,yes,PASS,DIFF,"imm -0x0,0x4100 +0x24"
00561e60,FUN_00561e60,FUN_00561e60,C2,third-party-library[RenderWare-Physics-3.7],RwpSolverCore23.cpp,yes,PASS,same,data=0 ours=30B orig=31B
00561e80,FUN_00561e80,FUN_00561e80,C2,third-party-library[RenderWare-Physics-3.7],RwpSolverCore23.cpp,yes,PASS,same,data=0 ours=30B orig=31B
00563e70,FUN_00563e70,FUN_00563e70,C2,third-party-library[RenderWare-Physics-3.7],RwpSolverLeaves1.cpp,yes,PASS,DIFF,imm -0x3 +0x8
00563f60,FUN_00563f60,FUN_00563f60,C2,third-party-library[RenderWare-Physics-3.7],RwpSolverLeaves1.cpp,yes,PASS,DIFF,imm -0xffff +-
00564040,FUN_00564040,FUN_00564040,C2,third-party-library[RenderWare-Physics-3.7],RwpSolverLeaves1.cpp,yes,PASS,DIFF,"imm -0x2,0x3,0xffff +0x0"
005641b0,FUN_005641b0,FUN_005641b0,C2,third-party-library[RenderWare-Physics-3.7],RwpSolverLeaves1.cpp,yes,PASS,DIFF,"imm -0x1,0x20,0x4100 +0x2,0x4"
00564310,FUN_00564310,FUN_00564310,C2,third-party-library[RenderWare-Physics-3.7],RwpSolverLeaves1.cpp,yes,PASS,DIFF,"imm -0x20,0x4100,0xffffffff +0x4,0xc,0x1f"
005646c0,FUN_005646c0,FUN_005646c0,C2,third-party-library[RenderWare-Physics-3.7],RwpSolverCore4.cpp,yes,PASS,DIFF,"imm -0x0,0x8,0x41,0x2ad8,0x4100,0x8000 +0x44,0x2adc"
00564c80,FUN_00564c80,FUN_00564c80,C2,third-party-library[RenderWare-Physics-3.7],RwpSolverCore4.cpp,yes,PASS,DIFF,"imm -0x41,0x4c,0x100,0x400 +0x1,0x44,0x60,0xffff0000"
00565120,FUN_00565120,FUN_00565120,C2,third-party-library[RenderWare-Physics-3.7],RwpSolverLeaves1.cpp,yes,PASS,DIFF,imm -0xffff +-
00565160,FUN_00565160,FUN_00565160,C2,third-party-library[RenderWare-Physics-3.7],RwpSolverLeaves1.cpp,yes,PASS,DIFF,imm -0xffff +-
005651b0,FUN_005651b0,FUN_005651b0,C2,third-party-library[RenderWare-Physics-3.7],RwpSolverLeaves1.cpp,yes,PASS,DIFF,"imm -0x400,0xffff +-"
00565200,FUN_00565200,FUN_00565200,C2,third-party-library[RenderWare-Physics-3.7],RwpSolverLeaves1.cpp,yes,PASS,DIFF,imm -0xffff +-
00565260,FUN_00565260,FUN_00565260,C2,third-party-library[RenderWare-Physics-3.7],RwpSolverCore4.cpp,yes,PASS,DIFF,"imm -0x80,0xffff +0x0,0x18,0x2208"
00565550,FUN_00565550,FUN_00565550,C2,third-party-library[RenderWare-Physics-3.7],RwpSolverLeaves1.cpp,yes,PASS,DIFF,imm -0xffff +-
00565ef0,FUN_00565ef0,FUN_00565ef0,C2,third-party-library[RenderWare-Physics-3.7],RwpSolverLeaves1.cpp,yes,PASS,DIFF,"imm -0x41,0x100 +0x1,0x44"
00565fa0,FUN_00565fa0,FUN_00565fa0,C2,third-party-library[RenderWare-Physics-3.7],RwpSolverLeaves1.cpp,yes,PASS,DIFF,imm -0x5 +-
00566200,FUN_00566200,FUN_00566200,C2,third-party-library[RenderWare-Physics-3.7],RwpSolverLeaves1.cpp,yes,PASS,DIFF,imm -0x24 +0x18
005667c0,FUN_005667c0,FUN_005667c0,C2,third-party-library[RenderWare-Physics-3.7],RwpSolverLeaves1.cpp,yes,PASS,DIFF,"imm -0x4100 +0x14,0xfffffff8"
00566830,FUN_00566830,FUN_00566830,C2,third-party-library[RenderWare-Physics-3.7],RwpSolverLeaves1.cpp,yes,PASS,DIFF,"imm -0x5,0x4100 +0x4"
005675d0,FUN_005675d0,FUN_005675d0,C2,third-party-library[RenderWare-Physics-3.7],RwpSolverLeaves1.cpp,yes,PASS,DIFF,"imm -- +0x0,0x1f"
00567c00,FUN_00567c00,FUN_00567c00,C2,third-party-library[RenderWare-Physics-3.7],RwpSolverCore9.cpp,yes,PASS,DIFF,imm -- +0x0
00567c60,FUN_00567c60,FUN_00567c60,C2,third-party-library[RenderWare-Physics-3.7],RwpSolverCore11.cpp,yes,PASS,DIFF,"imm -0x2,0x8,0x10 +0x20"
00567f00,FUN_00567f00,FUN_00567f00,C2,third-party-library[RenderWare-Physics-3.7],RwpSolverCore11.cpp,yes,PASS,DIFF,"imm -0xffff +-0x1,0x8,0xb4"
005684c0,FUN_005684c0,FUN_005684c0,C2,third-party-library[RenderWare-Physics-3.7],RwpSolverLeaves1.cpp,yes,PASS,DIFF,imm -- +0x0
00568560,FUN_00568560,FUN_00568560,C2,third-party-library[RenderWare-Physics-3.7],RwpSolverLeaves1.cpp,yes,PASS,same,data=0 ours=135B orig=143B
005685f0,FUN_005685f0,FUN_005685f0,C2,third-party-library[RenderWare-Physics-3.7],RwpSolverCore11.cpp,yes,PASS,DIFF,imm -- +0x8
00568990,FUN_00568990,FUN_00568990,C2,third-party-library[RenderWare-Physics-3.7],RwpSolverCore21.cpp,yes,PASS,DIFF,"imm -0x54,0x37c,0xffff +-0x1,0x6c,0xe0"
00568dd0,FUN_00568dd0,FUN_00568dd0,C2,third-party-library[RenderWare-Physics-3.7],RwpSolverCore11.cpp,yes,PASS,DIFF,"imm -0xc,0x10 +-0x1,0x2c,0x3ffd"
00568fd0,FUN_00568fd0,FUN_00568fd0,C2,third-party-library[RenderWare-Physics-3.7],RwpSolverCore11.cpp,yes,PASS,DIFF,"imm -0x8,0x4100 +0x0,0x3ffd"
0056b7a0,FUN_0056b7a0,FUN_0056b7a0,C2,third-party-library[RenderWare-Physics-3.7],RwpSolverCore18.cpp,yes,PASS,DIFF,imm -0x100 +-
0056b9d0,FUN_0056b9d0,FUN_0056b9d0,C2,third-party-library[RenderWare-Physics-3.7],RwpSolverCore22.cpp,yes,PASS,same,data=0 ours=86B orig=95B
0056ba30,FUN_0056ba30,FUN_0056ba30,C2,third-party-library[RenderWare-Physics-3.7],RwpSolverCore21.cpp,yes,PASS,DIFF,imm -0x5 +0xe0
0056bb30,FUN_0056bb30,FUN_0056bb30,C2,third-party-library[RenderWare-Physics-3.7],RwpSolverCore21.cpp,yes,PASS,DIFF,"imm -0x8 +0x0,0xc,0x24,0xe0"
0056bb80,FUN_0056bb80,FUN_0056bb80,C2,third-party-library[RenderWare-Physics-3.7],RwpSolverIntegrate6.cpp,yes,PASS,DIFF,"imm -0x5,0x24 +0x0,0x18"
0056bce0,FUN_0056bce0,FUN_0056bce0,C2,third-party-library[RenderWare-Physics-3.7],RwpSolverIntegrate6.cpp,yes,PASS,DIFF,"imm -0x10 +0x14,0xfffffff8"
0056bdf0,FUN_0056bdf0,FUN_0056bdf0,C2,third-party-library[RenderWare-Physics-3.7],RwpSolverIntegrate6.cpp,yes,PASS,same,data=0 ours=176B orig=135B
0056be80,FUN_0056be80,FUN_0056be80,C2,third-party-library[RenderWare-Physics-3.7],RwpSolverIntegrate6.cpp,yes,PASS,DIFF,imm -0x3c +0x14
0056c0a0,FUN_0056c0a0,FUN_0056c0a0,C2,third-party-library[RenderWare-Physics-3.7],RwpSolverIntegrate6.cpp,yes,PASS,DIFF,"imm -0x10,0x4c +0x0,0x28,0xfffffff8"
0056c310,FUN_0056c310,FUN_0056c310,C2,third-party-library[RenderWare-Physics-3.7],RwpSolverIntegrate6.cpp,yes,PASS,DIFF,"imm -0x10,0x48 +0x0,0x14,0x28,0xfffffff8"
0056c580,FUN_0056c580,FUN_0056c580,C2,third-party-library[RenderWare-Physics-3.7],RwpSolverCore7.cpp,yes,PASS,DIFF,"imm -0x0,0x8,0x54 +0x4,0x50"
0056c8e0,FUN_0056c8e0,FUN_0056c8e0,C2,third-party-library[RenderWare-Physics-3.7],RwpSolverCore7.cpp,yes,PASS,DIFF,"imm -0x6,0xc +-"
0056caa0,FUN_0056caa0,FUN_0056caa0,C2,third-party-library[RenderWare-Physics-3.7],RwpSolverCore7.cpp,yes,PASS,DIFF,"imm -0x8,0xa0 +0x0,0xb0"
0056cf90,FUN_0056cf90,FUN_0056cf90,C2,third-party-library[RenderWare-Physics-3.7],RwpSolverCore7.cpp,yes,PASS,DIFF,imm -0x6 +-
0056d070,FUN_0056d070,FUN_0056d070,C2,third-party-library[RenderWare-Physics-3.7],RwpSolverCore7.cpp,yes,PASS,DIFF,imm -- +0x2c
0056d350,FUN_0056d350,FUN_0056d350,C2,third-party-library[RenderWare-Physics-3.7],RwpSolverCore8.cpp,yes,PASS,same,data=0 ours=207B orig=158B
0056d3f0,FUN_0056d3f0,FUN_0056d3f0,C2,third-party-library[RenderWare-Physics-3.7],RwpSolverCore8.cpp,yes,PASS,DIFF,"imm -0x0,0x3,0x18,0x20 +-0x24,-0x10,0x8,0xc,0x14,0xfffffff8"
0056dd40,FUN_0056dd40,FUN_0056dd40,C2,third-party-library[RenderWare-Physics-3.7],RwpSolverCore8.cpp,yes,PASS,DIFF,"imm -0x20,0x88,0xc4,0xdd,0xe8,0xee +0x1,0x8,0x2c,0xb4"
0056e680,FUN_0056e680,FUN_0056e680,C2,third-party-library[RenderWare-Physics-3.7],RwpSolverCore8.cpp,yes,PASS,DIFF,"imm -0x68,0x4100 +0x54,0xfffffff8"
0056ed60,FUN_0056ed60,FUN_0056ed60,C2,third-party-library[RenderWare-Physics-3.7],RwpSolverCore8.cpp,yes,PASS,DIFF,imm -0x18 +0x20
0056ef30,FUN_0056ef30,FUN_0056ef30,C2,third-party-library[RenderWare-Physics-3.7],RwpSolverCore9.cpp,yes,PASS,DIFF,imm -- +0x0
0056efc0,FUN_0056efc0,FUN_0056efc0,C2,third-party-library[RenderWare-Physics-3.7],RwpSolverCore9.cpp,yes,PASS,same,data=0 ours=83B orig=83B
0056f020,FUN_0056f020,FUN_0056f020,C2,third-party-library[RenderWare-Physics-3.7],RwpSolverCore9.cpp,yes,PASS,same,data=0 ours=77B orig=113B
0056f0a0,FUN_0056f0a0,FUN_0056f0a0,C2,third-party-library[RenderWare-Physics-3.7],RwpSolverCore9.cpp,yes,PASS,DIFF,imm -0x3 +0x1
0056f1f0,FUN_0056f1f0,FUN_0056f1f0,C2,third-party-library[RenderWare-Physics-3.7],RwpSolverCore9.cpp,yes,PASS,DIFF,"imm -0x2,0x3 +-"
0056f350,FUN_0056f350,FUN_0056f350,C2,third-party-library[RenderWare-Physics-3.7],RwpSolverCore10.cpp,yes,PASS,DIFF,"imm -0x5,0x41,0xf0 +0x30,0x44,0xc8,0xfffffff8"
0056fad0,FUN_0056fad0,FUN_0056fad0,C2,third-party-library[RenderWare-Physics-3.7],RwpSolverCore9.cpp,yes,PASS,DIFF,imm -- +0x0
0056fb90,FUN_0056fb90,FUN_0056fb90,C2,third-party-library[RenderWare-Physics-3.7],RwpSolverCore10.cpp,yes,PASS,DIFF,"imm -0x2,0x34 +0x1,0x14"
0056fea0,FUN_0056fea0,FUN_0056fea0,C2,third-party-library[RenderWare-Physics-3.7],RwpSolverCore10.cpp,yes,PASS,DIFF,imm -0x20 +0x2c
00570090,FUN_00570090,FUN_00570090,C2,third-party-library[RenderWare-Physics-3.7],RwpSolverCore12.cpp,yes,PASS,DIFF,"imm -0x5,0x320,0x4100,0x3f7fffef +0x100,0x200,0x300,0x400,0x700,0xfffffff8"
005729a0,FUN_005729a0,FUN_005729a0,C2,third-party-library[RenderWare-Physics-3.7],RwpSolverCore21.cpp,yes,PASS,DIFF,"imm -0x41,0x100,0x250,0x4100 +0x44,0x1e8,0xfffffff8"
005735f0,FUN_005735f0,FUN_005735f0,C2,third-party-library[RenderWare-Physics-3.7],RwpSolverCore16.cpp,yes,PASS,same,data=0 ours=163B orig=126B
00573670,FUN_00573670,FUN_00573670,C2,third-party-library[RenderWare-Physics-3.7],RwpSolverCore22.cpp,yes,PASS,DIFF,"imm -0x54,0x37c,0xffff +-0x1,0x6c"
00574ad0,FUN_00574ad0,FUN_00574ad0,C2,third-party-library[RenderWare-Physics-3.7],RwpSolverCore18.cpp,yes,PASS,DIFF,"imm -0x2,0x5,0x41,0x1e8,0x4100,0x7f7fffff +0x1f,0x1f8"
00575120,FUN_00575120,FUN_00575120,C2,third-party-library[RenderWare-Physics-3.7],RwpSolverCore16.cpp,yes,PASS,DIFF,"imm -0x41,0x100 +0x44"
005751f0,FUN_005751f0,FUN_005751f0,C2,third-party-library[RenderWare-Physics-3.7],RwpSolverCore16.cpp,yes,PASS,DIFF,imm -0x18 +0x10
005752b0,FUN_005752b0,FUN_005752b0,C2,third-party-library[RenderWare-Physics-3.7],RwpSolverCore19.cpp,yes,PASS,DIFF,"imm -0x28,0xe0,0x100,0x4100,0xffff +0x0,0x8"
00575560,FUN_00575560,FUN_00575560,C2,third-party-library[RenderWare-Physics-3.7],RwpSolverCore20.cpp,yes,PASS,DIFF,"imm -0x8,0xffff +-0x1,0x1,0x14"
005757d0,FUN_005757d0,FUN_005757d0,C2,third-party-library[RenderWare-Physics-3.7],RwpSolverCore18.cpp,yes,PASS,DIFF,"imm -0xc,0x80,0xffff +0x18"
00575880,FUN_00575880,FUN_00575880,C2,third-party-library[RenderWare-Physics-3.7],RwpSolverCore20.cpp,yes,PASS,DIFF,"imm -0x0,0x41,0xe0,0x4100,0xffff +0x8"
00575b60,FUN_00575b60,FUN_00575b60,C2,third-party-library[RenderWare-Physics-3.7],RwpSolverCore17.cpp,yes,PASS,DIFF,imm -0x4100 +-
00575c60,FUN_00575c60,FUN_00575c60,C2,third-party-library[RenderWare-Physics-3.7],RwpSolverCore18.cpp,yes,PASS,DIFF,"imm -0x14,0x24,0x41,0xffff +-0x1,0x34,0x44,0xffff0000"
00575fe0,FUN_00575fe0,FUN_00575fe0,C2,third-party-library[RenderWare-Physics-3.7],RwpSolverCore17.cpp,yes,PASS,DIFF,"imm -0x30,0x41 +0x44,0x50"
00576640,FUN_00576640,FUN_00576640,C2,third-party-library[RenderWare-Physics-3.7],RwpSolverCore16.cpp,yes,PASS,DIFF,"imm -0x4,0x24,0x41 +0x3,0x8,0x2c,0x44"
00576880,FUN_00576880,FUN_00576880,C2,third-party-library[RenderWare-Physics-3.7],RwpSolverCore15.cpp,yes,PASS,DIFF,"imm -0x41,0x100,0x104,0x4100,0xffff,0x7f7fffff +0x120,0xfffffff8,0xfffffffc"
00577be0,FUN_00577be0,FUN_00577be0,C2,third-party-library[RenderWare-Physics-3.7],RwpSolverCore14.cpp,yes,PASS,DIFF,"imm -0x41,0x100 +0x44"
00577cb0,FUN_00577cb0,FUN_00577cb0,C2,third-party-library[RenderWare-Physics-3.7],RwpSolverCore14.cpp,yes,PASS,DIFF,"imm -0x1,0x5,0x100,0xff7fffff +0x8"
00577ec0,FUN_00577ec0,FUN_00577ec0,C2,third-party-library[RenderWare-Physics-3.7],RwpSolverCore14.cpp,yes,PASS,DIFF,"imm -0x5,0x1c,0x41,0x100,0x4100 +-"
005784a0,FUN_005784a0,FUN_005784a0,C2,third-party-library[RenderWare-Physics-3.7],RwpSolverCore14.cpp,yes,PASS,DIFF,"imm -0x5,0xc +0x0,0x18"
00578610,FUN_00578610,FUN_00578610,C2,third-party-library[RenderWare-Physics-3.7],RwpSolverCore18.cpp,yes,PASS,DIFF,"imm -0x38,0x144,0x4100 +0x174,0xfffffff8"
00578b20,FUN_00578b20,FUN_00578b20,C2,third-party-library[RenderWare-Physics-3.7],RwpSolverCore17.cpp,yes,PASS,DIFF,"imm -0x8,0x4100 +0x14"
00578bd0,FUN_00578bd0,FUN_00578bd0,C2,third-party-library[RenderWare-Physics-3.7],RwpSolverCore17.cpp,yes,PASS,DIFF,"imm -0x8,0x4100 +-"
00578cb0,FUN_00578cb0,FUN_00578cb0,C2,third-party-library[RenderWare-Physics-3.7],RwpSolverCore17.cpp,yes,PASS,DIFF,imm -0x4100 +-
00578d90,FUN_00578d90,FUN_00578d90,C2,third-party-library[RenderWare-Physics-3.7],RwpSolverCore17.cpp,yes,PASS,DIFF,imm -0x4100 +-
00578e50,FUN_00578e50,FUN_00578e50,C2,third-party-library[RenderWare-Physics-3.7],RwpSolverCore19.cpp,yes,PASS,DIFF,imm -0x5 +-
00578ff0,FUN_00578ff0,FUN_00578ff0,C2,third-party-library[RenderWare-Physics-3.7],RwpSolverCore17.cpp,yes,PASS,DIFF,"imm -0x4,0xbc,0xdc,0x4100,0x7f7fffff,0xff7fffff +0x1f,0x2c,0x30,0x90,0xac,0xb0"
00579b50,FUN_00579b50,FUN_00579b50,C2,third-party-library[RenderWare-Physics-3.7],RwpSolverCore16.cpp,yes,PASS,DIFF,"imm -0x5,0xc,0x4100 +0x0"
00579c00,FUN_00579c00,FUN_00579c00,C2,third-party-library[RenderWare-Physics-3.7],RwpSolverCore16.cpp,yes,PASS,DIFF,"imm -0x5,0xc,0x4100,0xbf800000 +-"
00579d50,FUN_00579d50,FUN_00579d50,C2,third-party-library[RenderWare-Physics-3.7],RwpSolverCore16.cpp,yes,PASS,DIFF,"imm -0x18 +0x1,0x4,0xc,0x34"
00579e50,FUN_00579e50,FUN_00579e50,C2,third-party-library[RenderWare-Physics-3.7],RwpSolverCore16.cpp,yes,PASS,DIFF,imm -- +0x0
00579ee0,FUN_00579ee0,FUN_00579ee0,C2,third-party-library[RenderWare-Physics-3.7],RwpSolverCore16.cpp,yes,PASS,DIFF,imm -0x40 +0x44
0057a250,FUN_0057a250,FUN_0057a250,C2,third-party-library[RenderWare-Physics-3.7],RwpSolverCore17.cpp,yes,PASS,DIFF,"imm -0x40,0x41,0x4100 +0x44,0x70"
0057a660,FUN_0057a660,FUN_0057a660,C2,third-party-library[RenderWare-Physics-3.7],RwpSolverCore17.cpp,yes,PASS,DIFF,"imm -0x5,0x50,0x4100 +0x68"
0057a9a0,FUN_0057a9a0,FUN_0057a9a0,C2,third-party-library[RenderWare-Physics-3.7],RwpSolverCore18.cpp,yes,PASS,DIFF,"imm -0x5,0x200,0x4100 +0x210"
0057adb0,FUN_0057adb0,FUN_0057adb0,C2,third-party-library[RenderWare-Physics-3.7],RwpSolverCore19.cpp,yes,PASS,DIFF,imm -0x5 +-
0057ae20,FUN_0057ae20,FUN_0057ae20,C2,third-party-library[RenderWare-Physics-3.7],RwpSolverCore16.cpp,yes,PASS,same,data=0 ours=8B orig=8B
005aed20,AudioVectorLengthFast,AudioVectorLengthFast,C2,audio,AudioVecLength.cpp,yes,PASS,same,data=3 ours=120B orig=119B
005b0f40,AudioQueuePop,FUN_005b0f40,C2,audio,AudioQueuePop.cpp,yes,PASS,DIFF,imm -- +0x4
005c9d00,GetRaceEndTrigger,GetRaceEndTrigger,C2,util,GameStateGetters.cpp,COMMENTED,PASS,same,data=0 ours=3B orig=3B
