rva,symbol,conf,subsystem,file,klass,tests,n_miss,n_extra,ours_b,orig_b,ratio,miss,extra
00404e50,SaveLoad,C4,save,GameSave.cpp,CANDIDATE,,0,1,38,33,1.15,,008a95a0
00404ee0,SerializeToBuffer,C4,save,GameSaveBuffer.cpp,INDUCTION,INDUCTION|WINDOW,1,1,98,99,0.99,007f0f54,007f0f53
00404f50,SaveWrite,C4,save,GameSave.cpp,CANDIDATE,,0,1,38,33,1.15,,008a95a0
004075b0,ItemPosRet4075b0,C3,gameplay,PromoLoop_sessionB.cpp,FOLDED-MEMBER,FOLDED-MEMBER|WINDOW,1,2,59,70,0.84,00639d80,"00639d90,00639dc8"
0040b430,UtilFieldAdd8a94f0,C3,util,UtilLeaves_ac.cpp,WINDOW,WINDOW,0,1,36,47,0.77,,008a94fc
0040b460,MenuMenusBD,C3,frontend,MenuMenusB.cpp,WINDOW,WINDOW,1,6,345,221,1.56,007f1a54,"007f1a24,007f1a34,007f1a44,008a9500,008a9510,008a9520"
0040b540,PlayerScoreRankOrder,C3,gameplay,ScoreMasks_ah3.cpp,WINDOW,WINDOW,1,6,324,221,1.47,007f1a54,"007f1a24,007f1a34,007f1a44,008a94e4,008a94e8,008a94ec"
0040b620,SlotSortByModeScore,C3,frontend,MenuScoreGetters.cpp,WINDOW,WINDOW,1,6,264,136,1.94,007f1a54,"007f1a24,007f1a34,007f1a44,008a9534,008a9538,008a953c"
0040b970,Bool0Out8a94e0,C3,gameplay,PromoLoop_round67.cpp,UNROLLED,UNROLLED|WINDOW,0,3,60,41,1.46,,"008a94e4,008a94e8,008a94ec"
0040cd90,CountNonZeroPairs,C4,gameplay,ScoreMasks_ah3.cpp,CANDIDATE,,0,16,158,5,31.60,,"00899260,008992a4,008992ac,008992f0,008992f8,0089933c,00899344,00899388"
00411600,ReplayRecordFrame,C3,vehicle,Replay.cpp,CANDIDATE,,2,0,176,334,0.53,"0063bb10,007f0ff4",
00413f20,ZeroFill60_63bc60,C3,util,PromoLoop_round69.cpp,CANDIDATE,,1,0,17,43,0.40,0063bd50,
00413fe0,Reset413fe0,C3,ai,PromoLoop_sessionB.cpp,INDUCTION,INDUCTION|WINDOW,1,1,129,73,1.77,0089a4f0,0089a4c8
00414030,AiSplineBankTimerReset,C3,ai,PromoLoop_round1.cpp,UNROLLED,UNROLLED|WINDOW,1,3,66,48,1.38,00803324,"008032e8,008032fc,00803310"
00414120,CopyTable005f2a70To0089a384,C3,frontend,SmallLeaves_t1.cpp,WINDOW,WINDOW,2,1,64,81,0.79,"0089a384,0089a420",005f2b0c
00416250,AiControlStep,C3,ai,AiControlStep.cpp,WRAPPER,"resolved-via:??$ControlStepBody@$0A@@?A0xe779b373@@YAXPAXHPAE@Z,?Ftol@?A0xe779b373@@YAHN@Z",0,0,5,2015,-,,
00416a30,AiControlStepM49,C3,ai,AiControlStep.cpp,WRAPPER,"resolved-via:??$ControlStepBody@$00@?A0xe779b373@@YAXPAXHPAE@Z,?Ftol@?A0xe779b373@@YAHN@Z",0,0,5,1871,-,,
004177b0,AiPreTick,C3,ai,AiPreTick.cpp,WINDOW,WINDOW,0,1,1497,1339,1.12,,0089a890
00417da0,AiControlStepM8,C3,ai,AiControlStep.cpp,WRAPPER,"resolved-via:??$ControlStepBody@$01@?A0xe779b373@@YAXPAXHPAE@Z,?Ftol@?A0xe779b373@@YAHN@Z",0,0,5,1980,-,,
00418560,AiVehicleStep,C3,ai,AiController.cpp,INLINED,INLINED|WINDOW,1,3,752,741,1.01,0089a4d0,"007f1039,007f103c,007f103d"
0041a500,GhostVec3Set63c6d0,C3,gameplay,PromoLoop_round65.cpp,FOLDED-MEMBER,FOLDED-MEMBER|WINDOW,1,3,74,71,1.04,0063c630,"0063c6d0,0063c6d4,0063c6d8"
0041a550,GhostVec4Set63c6b0,C3,gameplay,PromoLoop_round65.cpp,FOLDED-MEMBER,FOLDED-MEMBER|WINDOW,1,4,93,86,1.08,0063c630,"0063c6b0,0063c6b4,0063c6b8,0063c6bc"
0041c410,HudStandingsRowUpdate,C3,hud,HudStandingsRowUpdate.cpp,CANDIDATE,,1,0,10,1294,0.01,005f337c,
0041db80,Sub0041db80_HudThresholdDispatch,C4,hud,HudBatch.cpp,WINDOW,WINDOW,0,6,294,10,29.40,,"0063d560,0063d564,0063d568,0063d56c,0063d570,0063d588"
0041ded0,HudModeGuardDispatch,C3,hud,BatchAA_s1.cpp,CANDIDATE,,1,0,17,30,0.57,0063d5a0,
0041e4b0,StructPropagate41e4b0,C3,render,PromoLoop_sessionB.cpp,WRAPPER,"resolved-via:?F41e4b0_Body@@YAXPAE@Z,?offs@?1??F41e4b0_Body@@YAXPAE@Z@4QBIB",0,0,16,379,-,,
0041eda0,TimerBitFieldSet,C3,util,TimerInit.cpp,FOLDED-MEMBER,FOLDED-MEMBER,1,1,37,49,0.76,0063d9e0,0063dc74
0041eda0,SlotBitSet,C3,util,TimerSlot.cpp,FOLDED-MEMBER,FOLDED-MEMBER,1,1,37,49,0.76,0063d9e0,0063dc74
0041ede0,Flag0041ede0,C3,util,PromoLoop_round74.cpp,FOLDED-MEMBER,FOLDED-MEMBER,1,1,87,112,0.78,0063d9e0,0063dc74
0041ee50,Flag41ee50,C3,util,PromoLoop_sessionB.cpp,FOLDED-MEMBER,FOLDED-MEMBER,1,1,63,89,0.71,0063d9e0,0063dc74
0041eeb0,Flag0041eeb0,C3,gameplay,PromoLoop_round74.cpp,FOLDED-MEMBER,FOLDED-MEMBER,1,1,130,172,0.76,0063d9e0,0063dc74
0041ef80,FlagToggle63dc74,C3,util,PromoLoop_round66.cpp,FOLDED-MEMBER,FOLDED-MEMBER,1,1,42,55,0.76,0063d9e0,0063dc74
0041f000,TimerSlotDataCopy,C3,util,TimerInit.cpp,FOLDED-MEMBER,FOLDED-MEMBER,1,1,48,37,1.30,0063d9e0,0063dc10
0041f000,SlotDataCopy,C3,util,TimerSlot.cpp,CANDIDATE,,1,6,66,37,1.78,0063d9e0,"0063dc10,0063dc14,0063dc18,0063dc1c,0063dc20,0063dc24"
0041f030,TriggerStructRead,C3,ai,PromoLoop_round21.cpp,CANDIDATE,,1,4,48,47,1.02,0063d9e0,"0063dc38,0063dc3c,0063dc40,0063dc44"
0041f090,GetPlayerStateBits,C3,util,EventTable.cpp,FOLDED-MEMBER,FOLDED-MEMBER,1,1,43,54,0.80,0063d9e0,0063dc74
0041f260,WorldMatrixCopy,C3,util,PromoLoop_round21.cpp,FOLDED-MEMBER,FOLDED-MEMBER,1,1,96,43,2.23,0063d9e0,0063dc4c
0041f330,Search41f330_RegAbi,C3,gameplay,PromoLoop_sessionB.cpp,CANDIDATE,,1,0,10,47,0.21,005f37a8,
00420d40,TimerStructArrayClear,C3,util,TimerInit.cpp,FOLDED-MEMBER,FOLDED-MEMBER|INDUCTION|WINDOW,1,1,56,55,1.02,0063e4c4,0063e4c0
00420d40,SlotArrayClear,C3,util,TimerSlot.cpp,FOLDED-MEMBER,FOLDED-MEMBER|INDUCTION|WINDOW,1,1,56,55,1.02,0063e4c4,0063e4c0
00420d80,IndexedFloatPairSum420d80,C3,gameplay,PromoLoop_sessionB.cpp,WINDOW,WINDOW,0,1,22,25,0.88,,0063e4bc
00420da0,TblRetPtrout63e4b8_0,C4,gameplay,PromoLoop_round59.cpp,WINDOW,WINDOW,0,1,32,30,1.07,,0063e4c0
00420dc0,TblRetPtrout63e4b8_4,C4,gameplay,PromoLoop_round59.cpp,FOLDED-MEMBER,FOLDED-MEMBER|WINDOW,1,2,32,31,1.03,0063e4b8,"0063e4bc,0063e4c4"
00422120,TimerSubarrayInit,C3,util,TimerSubarrayInit.cpp,CANDIDATE,,2,0,26,29,0.90,"0063fb90,006403b0",
00422ac0,SlotQuadSet,C3,render,LowRvaMixed_q3.cpp,UNROLLED,UNROLLED|WINDOW,0,3,48,42,1.14,,"006412ec,006412f0,006412f4"
00423480,AiFilenameBuild,C3,ai,ScenarioLeaves_sa2.cpp,WINDOW,WINDOW,0,1,202,179,1.13,,0064410f
00423ee0,PlayerBlock2Field00Get,C4,frontend,MenuLeaves_s3.cpp,UNROLLED,UNROLLED|INDUCTION|WINDOW,3,3,112,127,0.88,"007f1a28,007f1a38,007f1a48","007f1a1c,007f1a20,007f1a24"
00423f60,PlayerBlock2Field04Get,C4,frontend,MenuLeaves_s3.cpp,UNROLLED,UNROLLED|INDUCTION|WINDOW,3,3,127,140,0.91,"007f1a28,007f1a38,007f1a48","007f1a1c,007f1a20,007f1a24"
00423ff0,PlayerBlock2Field50Get,C4,frontend,MenuLeaves_s3.cpp,UNROLLED,UNROLLED|INDUCTION|WINDOW,3,3,112,127,0.88,"007f1a28,007f1a38,007f1a48","007f1a1c,007f1a20,007f1a24"
00424070,PlayerBlock2Field08Get,C4,frontend,MenuLeaves_s3.cpp,UNROLLED,UNROLLED|INDUCTION|WINDOW,3,3,127,140,0.91,"007f1a28,007f1a38,007f1a48","007f1a1c,007f1a20,007f1a24"
004248b0,PerCarSnapshotInit,C3,vehicle,SmallLeaves_q4.cpp,CANDIDATE,,15,0,125,112,1.12,"008994c0,00899560,00899564,00899568,008995b0,008995b4,008995b8,008995bc",
00425ee0,SlotWordPtrGet,C3,frontend,GlobalGetters_s4.cpp,CANDIDATE,,1,0,13,13,1.00,00899294,
00426cd0,TrackSlotArrayReset,C3,render,TrackLoaderMicros_p3.cpp,UNROLLED,UNROLLED|WINDOW,0,5,66,23,2.87,,"0066d6e8,0066d6ec,0066d6f0,0066d6f4,0066d6f8"
00426d00,FrontendArraySlotGet,C3,frontend,BatchAA_s6.cpp,CANDIDATE,,1,0,22,22,1.00,00663670,
00427840,FontText_UTF16WidenCopy,C4,hud,HudBatch.cpp,CANDIDATE,,1,0,48,54,0.89,007d3ff8,
00427ad0,MenuMenusBB,C3,frontend,MenuMenusB.cpp,CANDIDATE,,0,2,392,270,1.45,,"0066d828,0066d82a"
004282a0,MenuMenusBA,C3,frontend,MenuMenusB.cpp,CANDIDATE,,0,2,272,122,2.23,,"0066d828,0066d82a"
00429aa0,GameStateSlotsFill,C4,util,UtilMid.cpp,CANDIDATE,,2,0,105,135,0.78,"00614718,0061471c",
0042aa00,MenuCursorStep,C3,frontend,MenuGetters.cpp,CANDIDATE,,1,0,125,169,0.74,0067ed84,
0042ac90,MenuEntryGet,C3,frontend,MenuNav.cpp,CANDIDATE,,1,0,132,127,1.04,0067ed40,
0042add0,Find42add0_RegAbi,C3,frontend,PromoLoop_sessionB.cpp,WRAPPER,resolved-via:_Find42add0,0,0,11,64,-,,
0042ae10,MenuReadinessCheckA,C4,frontend,MenuStateMachine.cpp,INDUCTION,INDUCTION|WINDOW,2,2,160,157,1.02,"007f1762,007f1a54","007f1761,007f1a53"
0042aeb0,MenuReadinessCheckB,C3,frontend,MenuStateMachine.cpp,INDUCTION,INDUCTION|WINDOW,2,2,144,157,0.92,"007f1763,007f1a54","007f1762,007f1a53"
0042af50,MenuReadinessCheckC,C3,frontend,MenuStateMachine.cpp,INDUCTION,INDUCTION|WINDOW,2,2,160,157,1.02,"007f1761,007f1a54","007f1760,007f1a53"
0042af50,MenuReadinessCheck,C3,frontend,TimerReset.cpp,INDUCTION,INDUCTION|WINDOW,2,2,160,157,1.02,"007f1761,007f1a54","007f1760,007f1a53"
0042aff0,MenuButtonDetectA,C4,frontend,MenuNav.cpp,WINDOW,WINDOW,7,1,350,388,0.90,"007f1092,007f10de,007f112a,007f1176,007f11c2,007f120e,007f1766",007f1765
0042b180,MenuButtonDetectB,C4,frontend,MenuNav.cpp,WINDOW,WINDOW,7,1,350,388,0.90,"007f1093,007f10df,007f112b,007f1177,007f11c3,007f120f,007f1767",007f1766
0042b310,MenuButtonDetectC,C4,frontend,MenuButtonDetect.cpp,CANDIDATE,,1,0,590,548,1.08,0067ed40,
0042b540,MenuButtonDetectD,C3,frontend,MenuButtonDetect.cpp,CANDIDATE,,1,0,590,548,1.08,0067ed40,
0042b9e0,CarSlotAssign,C3,frontend,MenuButtonDetect.cpp,FOLDED-MEMBER,FOLDED-MEMBER|WINDOW,1,2,419,377,1.11,007f1a5c,"007f1a2c,007f1a5b"
0042bb60,MenuTeamBalance,C3,frontend,MenuNav.cpp,CANDIDATE,,1,0,394,323,1.22,007f1a58,
0042c150,Scan42c150,C3,util,PromoLoop_sessionB.cpp,FOLDED-MEMBER,FOLDED-MEMBER|WINDOW,2,1,100,78,1.28,"0067ea14,0067ea44",0067ea18
0042d3a0,RaceTransitionBufZero,C3,vehicle,SmallLeaves_o5.cpp,FOLDED-MEMBER,FOLDED-MEMBER|WINDOW,2,1,21,53,0.40,"0067ed7c,0067f0bc",0067ed78
0042d3e0,MenuEntryArrayInit,C3,frontend,MenuInit.cpp,FOLDED-MEMBER,FOLDED-MEMBER|INDUCTION|WINDOW,1,1,94,59,1.59,00898ac4,00898ac0
0042e5b0,MenuChromeShellB,C3,frontend,MenuSpriteDispatch.cpp,INLINED,INLINED,1,0,634,755,0.84,007f1010,
0042ebe0,FrontendPlayerSlotCheck,C4,frontend,MenuHelpers.cpp,FOLDED-MEMBER,FOLDED-MEMBER|INDUCTION|WINDOW,1,1,93,389,0.24,007f0a48,007f0a54
0042f0c0,MenuSpriteDispatchA,C3,frontend,MenuSpriteDispatch.cpp,CANDIDATE,,4,0,414,801,0.52,"0067e844,0067e9f8,0067ed40,0067ed80",
0042f7b0,FrontendCursorUpdate,C3,frontend,MenuHelpers.cpp,CANDIDATE,,2,2,269,288,0.93,"0067e85c,007f1504","0067e868,007f1045"
0042fa00,PlayerSlotEdgeAdjust,C3,frontend,SkeletonAndScatter_t6.cpp,CANDIDATE,,1,1,183,163,1.12,007f1504,007f1045
0042fb70,MenuSpriteDispatchB,C3,frontend,MenuSpriteDispatch.cpp,CANDIDATE,,5,0,400,701,0.57,"0067e9f8,0067ed38,0067ed40,0067ed78,0067ed80",
0042fe90,MenuSpriteDispatchC,C3,frontend,MenuSpriteDispatch.cpp,CANDIDATE,,3,1,346,647,0.53,"0067ed38,0067ed78,00898bec",00898df4
00430290,ChampionshipComplete,C4,save,CareerEvents.cpp,CANDIDATE,,7,6,929,987,0.94,"007f0a40,007f0a6c,007f0a70,007f0a74,007f0a9c,007f0c88,007f0cb4","007f0a4c,007f0a64,007f0a7c,007f0c28,00898ab0,00899140"
00430910,MenuOptionSlotGet,C3,frontend,FrontendState.cpp,CANDIDATE,,1,0,148,138,1.07,007f0a40,
00430b90,ProgressBarSetA,C4,frontend,SpriteCluster.cpp,CANDIDATE,,3,1,1276,1694,0.75,"0067e9f8,0067ed38,0067ed78",0063b8fc
00432080,RaceEndCheckFinish,C3,vehicle,ReplayCluster.cpp,CANDIDATE,,14,0,308,417,0.74,"007f108d,007f10d9,007f1125,007f1171,007f11bd,007f1209,007f1255,007f154d",
00432b30,PromptStripTwin,C4,frontend,PromptStripTwin.cpp,CANDIDATE,,1,0,19,1327,0.01,00898ae8,
00436810,LocalPlayerSlotCheck,C3,frontend,MenuHelpers.cpp,FOLDED-MEMBER,FOLDED-MEMBER|WINDOW,4,2,249,194,1.28,"007f0a74,007f0a7c,007f0cb4,007f0cbc","007f0aa4,007f0aac"
00439210,LobbySlotListRender,C4,frontend,SpriteCluster.cpp,CANDIDATE,,6,0,910,5109,0.18,"0067f17c,0067f184,007d3ff8,007f0a40,007f0a58,007f0a5c",
0043a610,AbilitySelectRender,C3,frontend,SetupScreenRenderers.cpp,INDUCTION,INDUCTION|WINDOW,1,1,1243,1056,1.18,0067e898,0067e897
0043aa30,TeamSelectRender,C3,frontend,SetupScreenRenderers.cpp,FOLDED-MEMBER,FOLDED-MEMBER|INDUCTION|WINDOW,2,2,1320,1196,1.10,"0067e980,0067e9c8","0067e97f,0067e9c7"
0043aee0,MenuSlotFlagSetCurrent,C3,frontend,MenuLeaves_af4.cpp,CANDIDATE,,1,0,43,40,1.07,007f0a40,
0043c000,TimerSlotTickDispatcher,C4,util,UtilMid.cpp,CANDIDATE,,35,0,177,1451,0.12,"0067e7b0,0067e7b4,0067e7b8,0067e7bc,0067e7c0,0067e7c4,0067e7c8,0067e7cc",
0043c5b0,MenuDrawLoopTwin,C4,frontend,MenuDrawLoopTwin.cpp,FOLDED-MEMBER,FOLDED-MEMBER|WINDOW,4,2,1864,3302,0.56,"0067ed40,0067ed80,00898aec,00899104","00898ad0,0089911c"
00450b10,HudIm2DQuad,C3,hud,DrawQuadPrimitives.cpp,WINDOW,WINDOW,1,10,424,391,1.08,00898a98,"00898a30,00898a44,00898a48,00898a4c,00898a60,00898a64,00898a68,00898a7c"
004576b0,AnyActive4576b0,C3,gameplay,PromoLoop_sessionB.cpp,WINDOW,WINDOW,1,2,56,56,1.00,0068a254,"0068a274,0068a308"
00458f20,Set458f20,C3,gameplay,PromoLoop_sessionB.cpp,FOLDED-MEMBER,FOLDED-MEMBER|WINDOW,1,2,80,81,0.99,0068b198,"0068b1b4,0068b1b8"
0045baa0,Search45baa0_RegAbi,C3,powerups,PromoLoop_sessionB.cpp,WRAPPER,resolved-via:_Search45baa0,0,0,10,32,-,,
0045c510,Match45c510,C3,gameplay,PromoLoop_sessionB.cpp,WINDOW,WINDOW,0,1,63,54,1.17,,0088f690
0045ca30,FloatClamp3Level45ca30,C3,gameplay,PromoLoop_sessionB.cpp,UNROLLED,UNROLLED|WINDOW,1,5,253,118,2.14,0088f670,"0088f5e4,0088f5e8,0088f5ec,0088f5f0,0088f5f4"
004625b0,AudioCharacterBankPathsBuild,C3,audio,AudioCharacterBankPaths.cpp,CANDIDATE,,1,1,104,400,0.26,006041f0,00690458
0046b4f0,UtilTableRead46b4f0,C3,util,UtilLeaves_ab6.cpp,WINDOW,WINDOW,0,1,76,72,1.06,,00881600
0046baa0,VehiclePhysicsStateReset,C3,util,PromoLoop_round80.cpp,CANDIDATE,,0,86,764,572,1.34,,"008815b4,008815b8,008815bc,008815c0,008815c4,008815c8,008815cc,008815d0"
0046bda0,IndexedFloatAccum16_46bda0,C4,gameplay,PromoLoop_sessionB.cpp,FOLDED-MEMBER,FOLDED-MEMBER|WINDOW,1,1,158,104,1.52,008815a0,00881750
0046c570,VehicleDampVec3,C3,vehicle,MiscDamping.cpp,FOLDED-MEMBER,FOLDED-MEMBER,1,3,82,75,1.09,008815a0,"00881f50,00881f54,00881f58"
0046c5c0,VehicleSlotInit,C3,frontend,SmallLeaves_n2.cpp,FOLDED-MEMBER,FOLDED-MEMBER,1,2,49,48,1.02,008815a0,"008815a4,008820b0"
00472c60,ChromeBaseDraw,C3,frontend,DrawQuadPrimitives.cpp,WINDOW,WINDOW,1,11,449,347,1.29,00898a98,"00898a2c,00898a30,00898a44,00898a48,00898a4c,00898a60,00898a64,00898a68"
00472f40,TextGradientV0V1Override,C3,frontend,DrawQuadPrimitives.cpp,WINDOW,WINDOW,1,9,457,362,1.26,00898a98,"00898a2c,00898a44,00898a48,00898a60,00898a64,00898a68,00898a7c,00898a80"
004730b0,TextGradientV2V3Override,C3,frontend,DrawQuadPrimitives.cpp,WINDOW,WINDOW,1,9,457,362,1.26,00898a98,"00898a2c,00898a30,00898a44,00898a48,00898a4c,00898a60,00898a64,00898a7c"
00473540,GradientQuadHorizAlpha,C3,frontend,MenuLeaves_af1.cpp,WINDOW,WINDOW,1,7,458,376,1.22,00898a9c,"00898a28,00898a44,00898a48,00898a60,00898a64,00898a7c,00898a80"
004736c0,BorderQuadFourAlpha,C3,frontend,MenuLeaves_af1.cpp,WINDOW,WINDOW,1,7,485,424,1.14,00898a9c,"00898a28,00898a44,00898a48,00898a60,00898a64,00898a7c,00898a80"
00473870,TextSpriteUVExplicit,C3,frontend,DrawQuadPrimitives.cpp,WINDOW,WINDOW,1,10,415,379,1.09,00898a98,"00898a30,00898a44,00898a48,00898a4c,00898a60,00898a64,00898a68,00898a7c"
004739f0,TextSpriteScaled,C3,frontend,DrawQuadPrimitives.cpp,WINDOW,WINDOW,1,11,602,557,1.08,00898a98,"00898a2c,00898a30,00898a44,00898a48,00898a4c,00898a60,00898a64,00898a68"
00473ee0,LogoOverlayTwin,C4,frontend,LogoOverlayTwin.cpp,CANDIDATE,,3,0,85,1461,0.06,"0086ecc8,0086eccc,00898a9c",
00475a60,PendingOpQueueFlush,C4,util,UtilMid.cpp,CANDIDATE,,1,0,92,74,1.24,00691604,
00476a10,Copy476a10,C3,render,PromoLoop_sessionB.cpp,WINDOW,WINDOW,0,2,104,30,3.47,,"00692524,00692528"
00476d00,MultiArrayScatter476d00,C3,render,PromoLoop_sessionB.cpp,WINDOW,WINDOW,0,8,348,238,1.46,,"00692524,00692538,0069253c,00692540,00692544,00692548,0069254c,00692550"
00477b60,Alloc477b60,C3,render,PromoLoop_sessionB.cpp,FOLDED-MEMBER,FOLDED-MEMBER,1,4,95,117,0.81,00693198,"00693448,0069344c,00693450,00693454"
0047ce40,Search47ce40,C3,physics,PromoLoop_sessionB.cpp,CANDIDATE,,0,1,38,37,1.03,,006c6eb0
0047eb30,VehicleCouplingBridge,C3,vehicle,VehicleCouplingBridge.cpp,CANDIDATE,,2,0,158,1708,0.09,"008816d8,00881f68",
00484c90,Zero484c90,C3,util,PromoLoop_sessionB.cpp,FOLDED-MEMBER,FOLDED-MEMBER|INDUCTION|WINDOW,1,1,135,83,1.63,006dccbc,006dccb8
0048f590,ParticlePoolAlloc48f590,C3,particle,PromoLoop_sessionB.cpp,CANDIDATE,,1,0,268,235,1.14,0076a0d4,
00491070,Rain491070,C3,render,PromoLoop_sessionB.cpp,CANDIDATE,,2,0,93,78,1.19,"00616031,00616032",
004922e0,CarEventTrigger,C3,vehicle,ScenarioWriters_sa2s2.cpp,WINDOW,WINDOW,0,4,97,82,1.18,,"007f105c,007f1064,007f1068,007f106c"
00492340,CarSlotInit,C3,frontend,GameModeInit.cpp,WINDOW,WINDOW,0,4,55,47,1.17,,"007f105c,007f1064,007f1068,007f106c"
004924f0,DataZeroFill,C3,boot,SubsystemInit.cpp,INLINED,INLINED,30,0,7,414,0.02,"007f0a40,007f0a44,007f0a48,007f0a4c,007f0a50,007f0a54,007f0a58,007f0a5c",
00494ef0,ThunkVideoStateGet,C4,boot,Teardown.cpp,CANDIDATE,,0,1,6,5,1.20,,00771a04
004971b0,ControllerConfigLoad_j5,C3,input,DInput.cpp,WRAPPER,"resolved-via:?ControllerConfigLoad_Body@@YGHH@Z,?g_FormatContcfgName@@3Q6APADXZA,??_C@_0CJ@MMKKPFPG@Attempting?5to?5load?5controller?5c@",0,0,13,115,-,,
00498910,ConfigFilenameGet,C4,save,SettingsConfig.cpp,CANDIDATE,,3,0,91,50,1.82,"007731ec,007731f0,007731f4",
00498d20,ReadModeFromCombo_j5,C4,save,SettingsDialog.cpp,WRAPPER,resolved-via:?ReadModeFromCombo_Body@@YGHPAUHWND__@@@Z,0,0,13,53,-,,
00498d60,PopulateModeCombo_s2,C4,save,SettingsDialog.cpp,WRAPPER,"resolved-via:?PopulateModeCombo_Body@@YGXPAUHWND__@@@Z,?FormatModeString_Thunk@@YAXPADPAH@Z",0,0,13,219,-,,
00498f60,VideoDialogInit_i3,C4,save,SettingsAndIO.cpp,WRAPPER,resolved-via:?VideoDialogInit_Body@@YGXPAUHWND__@@@Z,0,0,13,516,-,,
00499170,SubsystemSelectionChanged_i3,C4,save,SettingsAndIO.cpp,WRAPPER,resolved-via:?SubsystemSelectionChanged_Body@@YGXPAUHWND__@@@Z,0,0,13,128,-,,
00499740,SetControlTextFromResource_i3,C4,save,SettingsAndIO.cpp,WRAPPER,resolved-via:?SetControlTextFromResource_Body@@YGXPAUHWND__@@I@Z,0,0,16,100,-,,
004a3258,CrtExitCore,C3,boot,CrtStartup.cpp,CANDIDATE,,1,0,214,211,1.01,008ab6cc,
004b65a0,Global7d3e4cGetThunk,C3,vehicle,PromoLoop_round30.cpp,CANDIDATE,,0,1,6,5,1.20,,007d3e4c
004b65c0,Copy4b65c0,C3,render,PromoLoop_sessionB.cpp,CANDIDATE,,0,1,84,25,3.36,,008ad888
004c39b0,RwV3dNormalize,C4,render,RwV3dNormalize.cpp,WRAPPER,"resolved-via:?kSqrtSentinels@RwLutGuard@@3QBUSentinel@1@B,?c@?1??SqrtRoot@RwLutGuard@@YAPBIXZ@4UCache@2@A,?Resolve@RwLutGuard@@YAPBIIAAUCache@1@PBUSentinel@1@I@Z",0,0,437,271,-,,
004c3b30,FastSqrt,C4,util,RwSqrt.cpp,WRAPPER,"resolved-via:?kSqrtSentinels@RwLutGuard@@3QBUSentinel@1@B,?c@?1??SqrtRoot@RwLutGuard@@YAPBIXZ@4UCache@2@A,?Resolve@RwLutGuard@@YAPBIIAAUCache@1@PBUSentinel@1@I@Z",0,0,166,84,-,,
004c3b90,FastInvSqrt,C4,util,RwSqrt.cpp,WRAPPER,"resolved-via:?kInvSqrtSentinels@RwLutGuard@@3QBUSentinel@1@B,?c@?1??InvSqrtRoot@RwLutGuard@@YAPBIXZ@4UCache@2@A,?Resolve@RwLutGuard@@YAPBIIAAUCache@1@PBUSentinel@1@I@Z",0,0,163,87,-,,
004c3bf0,Vec2Length,C4,render,RwV2d.cpp,WRAPPER,"resolved-via:?kSqrtSentinels@RwLutGuard@@3QBUSentinel@1@B,?c@?1??SqrtRoot@RwLutGuard@@YAPBIXZ@4UCache@2@A,?Resolve@RwLutGuard@@YAPBIIAAUCache@1@PBUSentinel@1@I@Z",0,0,219,101,-,,
004c3c60,Vec2Normalize,C4,render,RwV2d.cpp,WRAPPER,"resolved-via:?kSqrtSentinels@RwLutGuard@@3QBUSentinel@1@B,?c@?1??SqrtRoot@RwLutGuard@@YAPBIXZ@4UCache@2@A,?Resolve@RwLutGuard@@YAPBIIAAUCache@1@PBUSentinel@1@I@Z",0,0,394,250,-,,
004c5010,RwMatrixScale,C4,render,RwMatrixScale.cpp,CANDIDATE,,1,0,462,398,1.16,0061811c,
004c8650,rwD3D9RenderStateCacheInvalidate,C3,render,D3D9Helpers_p4.cpp,CANDIDATE,,2,0,94,64,1.47,"007d40c0,007d40c8",
00552c10,FontSys_InitRenderState,C3,hud,FontCtx.cpp,WINDOW,WINDOW,1,1,385,254,1.52,00912bfc,00912700
0055ac00,RwpShapeActiveBitSet,C4,third-party-library[RenderWare-Physics-3.7],RwpIntegrator.cpp,CANDIDATE,,0,1,345,78,4.42,,00771968
0055b800,RwpBodyMatrixRefresh,C4,third-party-library[RenderWare-Physics-3.7],RwpIntegrator.cpp,CANDIDATE,,0,1,754,93,8.11,,00771968
0055dff0,RwpBodyRefreshGate,C4,third-party-library[RenderWare-Physics-3.7],RwpIntegrator.cpp,CANDIDATE,,0,1,491,83,5.92,,00771968
0055e200,RwpSolverContextSet,C4,third-party-library[RenderWare-Physics-3.7],RwpIntegrator.cpp,CANDIDATE,,0,1,240,11,21.82,,00771968
0057c210,RwpBodyTableLookup,C4,third-party-library[RenderWare-Physics-3.7],RwpIntegrator.cpp,CANDIDATE,,0,1,250,14,17.86,,00771968
005acd60,AudioFmtGlobalScan,C3,audio,AudioRws.cpp,WINDOW,WINDOW,0,1,63,50,1.26,,00633698
005ade90,AudioListDrain,C3,audio,AudioRws.cpp,UNROLLED,UNROLLED|WINDOW,0,3,266,50,5.32,,"009146c8,009146d0,009146d8"
005ae030,AudioSubStructCleanup,C3,audio,AudioRws.cpp,CANDIDATE,,0,1,69,24,2.88,,007dda28
005ae650,AudioPoolConstruct,C3,audio,AudioRws.cpp,INDUCTION,INDUCTION|WINDOW,1,1,143,292,0.49,007ddab0,007dda84
005c9770,AudioPcmPackSaturate,C3,audio,AudioLeaves_ab4.cpp,INDUCTION,INDUCTION|WINDOW,1,1,325,310,1.05,007fff00,007fff01
