rva	name	verdict	n	ndiff	proof	detail	boot_state	group	log	at	control	control_at
00403050	PreRaceLoadingScreenDraw	NO_SAMPLES	0	0			RACE_OK	1		2026-09-10T12:16:09		
00407600	PlayerPositionPtr	NO_SAMPLES	0	0			RACE_OK	1		2026-09-10T16:09:38		
00407b00	RangeTableFindGroup	CLEAN	48	0	A/B-IS-REAL installed=e9 uninstalled=53		RACE_OK	16	shadow_ab_20260910_001251_16x_00407600.log	2026-09-10T00:12:51		
0040cf40	ReleaseResourcePair	NO_SAMPLES	0	0			RACE_OK	1		2026-09-10T12:17:04		
00421560	L2_FUN_00421560	CLEAN	24	0	A/B-IS-REAL installed=e9 uninstalled=a1		RACE_OK	4	shadow_ab_20260910_120315_4x_00421560.log	2026-09-10T12:03:15		
00421930	BodyGeometryFirstDword	NO_SAMPLES	0	0			RACE_OK	1		2026-09-10T16:10:19		
00421960	L2_FUN_00421960	CRASH	0	0		 |   p0.grounded=4 airflag=1  vel=[-83.7, 0.2, 331.1]    /     + 13s  ph=3  spawnFired=12  p0.grounded=4 airflag=1  vel=[2322.9, -23.2, 2510.9]    /   game exited.	CRASH	1	shadow_ab_20260910_152725_1x_00421960.log	2026-09-10T15:27:25	CRASH	2026-09-10T15:29:37
00421980	L2_FUN_00421980	CRASH	0	0		 |   p0.grounded=4 airflag=1  vel=[-65.7, 0.1, 273.4]    /     + 13s  ph=3  spawnFired=12  p0.grounded=4 airflag=1  vel=[2360.0, -23.3, 2333.9]    /   game exited.	CRASH	1		2026-09-10T09:38:40		
004219c0	L2_FUN_004219c0	CRASH	0	0		" | cal-packages\Python312\site-packages\frida\core.py"", line 499, in _rpc_request /     raise result.error / frida.InvalidOperationError: script has been destroyed"	CRASH	1	shadow_ab_20260910_152737_1x_004219c0.log	2026-09-10T15:27:37	CRASH	2026-09-10T15:29:06
00423b00	FrontendInputDispatch	CLEAN	24	0	A/B-IS-REAL installed=e9 uninstalled=83		RACE_OK	8	shadow_ab_20260910_103042_8x_00403050.log	2026-09-10T10:30:42		
004274e0	LocalizationFileLoad	NO_SAMPLES	0	0			RACE_OK	1		2026-09-10T16:11:02		
0042bcb0	PlayerNameSpriteDraw	NO_SAMPLES	0	0			RACE_OK	1		2026-09-10T12:18:00		
0044b000	SlotRecordPositionPtr	NO_SAMPLES	0	0			RACE_OK	1		2026-09-10T16:11:43		
00457610	L2_FUN_00457610	CLEAN	24	0	A/B-IS-REAL installed=e9 uninstalled=a1		RACE_OK	3	shadow_ab_20260910_120415_3x_00457610.log	2026-09-10T12:04:15		
0045d3f0	L2_FUN_0045d3f0	CLEAN	2	0	A/B-IS-REAL installed=e9 uninstalled=a1		RACE_OK	5	shadow_ab_20260910_023716_5x_005aeed0.log	2026-09-10T02:37:17		
004671d0	FollowTargetField40	CLEAN	48	0	A/B-IS-REAL installed=e9 uninstalled=e8		RACE_OK	16	shadow_ab_20260910_001251_16x_00407600.log	2026-09-10T00:12:51		
00467210	FollowTargetField10	CLEAN	48	0	A/B-IS-REAL installed=e9 uninstalled=e8		RACE_OK	16	shadow_ab_20260910_001251_16x_00407600.log	2026-09-10T00:12:51		
0047b9e0	Track_RenderQuadThunk_47b9e0	NO_SAMPLES	0	0			RACE_OK	1		2026-09-10T12:18:55		
0047e9c0	FUN_0047e9c0	DIVERGENT	24	1	A/B-IS-REAL installed=e9 uninstalled=8b	pages=o:3,n:2,diff:1 stack=0 noise=0 ovf=0 ret=0 @00624000+048 x1	RACE_OK	8	shadow_ab_20260910_103042_8x_00403050.log	2026-09-10T10:30:42		
004840b0	ShapeOwnerHandleGet	NO_SAMPLES	0	0			RACE_OK	1		2026-09-10T16:12:25		
004853b0	SmplFzxStateBlockGetLogged	NO_SAMPLES	0	0			RACE_OK	1		2026-09-10T16:13:07		
00486f50	L2_FUN_00486f50	CLEAN	24	0	A/B-IS-REAL installed=e9 uninstalled=a1		RACE_OK	3	shadow_ab_20260910_120415_3x_00457610.log	2026-09-10T12:04:15		
0048fce0	L2_FUN_0048fce0	CLEAN	24	0	A/B-IS-REAL installed=e9 uninstalled=a1		RACE_OK	4	shadow_ab_20260910_120315_4x_00421560.log	2026-09-10T12:03:15		
0048fd10	L2_FUN_0048fd10	CLEAN	24	0	A/B-IS-REAL installed=e9 uninstalled=a1		RACE_OK	4	shadow_ab_20260910_120315_4x_00421560.log	2026-09-10T12:03:15		
0048fd40	L2_FUN_0048fd40	CLEAN	24	0	A/B-IS-REAL installed=e9 uninstalled=a1		RACE_OK	4	shadow_ab_20260910_120315_4x_00421560.log	2026-09-10T12:03:15		
00490490	L2_FUN_00490490	CLEAN	24	0	A/B-IS-REAL installed=e9 uninstalled=a1		RACE_OK	3	shadow_ab_20260910_120415_3x_00457610.log	2026-09-10T12:04:15		
00490f50	ByteQuadSet50	NO_SAMPLES	0	0			RACE_OK	1		2026-09-10T12:19:51		
00490f80	ByteQuadSet80	NO_SAMPLES	0	0			RACE_OK	1		2026-09-10T12:20:46		
00495fe0	L2_FUN_00495fe0	CRASH	0	0		 |  track=0 mode=10 cars=4 === /   attaching ASAP... /   [agent] ready /     phase=0  (waiting for menu (phase 1)) /   game exited while waiting for menu (phase 1)	CRASH	1		2026-09-10T15:27:41	CRASH	2026-09-10T15:28:52
004a2bf7	Tbl4a2bf7	NO_SAMPLES	0	0			RACE_OK	1		2026-09-10T12:21:42		
004b4050	ClumpQueryField18	NO_SAMPLES	0	0			RACE_OK	1		2026-09-10T16:13:48		
004c4600	FUN_004c4600	CLEAN	48	0	A/B-IS-REAL installed=e9 uninstalled=8b		RACE_OK	16	shadow_ab_20260910_001251_16x_00407600.log	2026-09-10T00:12:51		
004c51a0	FUN_004c51a0	CLEAN	24	0	A/B-IS-REAL installed=e9 uninstalled=8b		RACE_OK	4	shadow_ab_20260910_103201_4x_004a2bf7.log	2026-09-10T10:32:01		
004c52f0	FUN_004c52f0	CLEAN	48	0	A/B-IS-REAL installed=e9 uninstalled=8b		RACE_OK	16	shadow_ab_20260910_001251_16x_00407600.log	2026-09-10T00:12:51		
004d71f0	RenderState_GetTexturingOverride	CLEAN	48	0	A/B-IS-REAL installed=e9 uninstalled=a1		RACE_OK	16	shadow_ab_20260910_001251_16x_00407600.log	2026-09-10T00:12:51		
004f8640	PluginFieldWriteA8	NO_SAMPLES	0	0			RACE_OK	1		2026-09-10T16:14:30		
004f8670	PluginFieldWriteAC	NO_SAMPLES	0	0			RACE_OK	1		2026-09-10T16:15:11		
00546b10	FUN_00546b10	CLEAN	48	0	A/B-IS-REAL installed=e9 uninstalled=53		RACE_OK	16	shadow_ab_20260910_001251_16x_00407600.log	2026-09-10T00:12:51		
00546bf0	FUN_00546bf0	NO_SAMPLES	0	0			RACE_OK	1		2026-09-10T16:15:52		
00546c50	FUN_00546c50	CLEAN	48	0	A/B-IS-REAL installed=e9 uninstalled=56		RACE_OK	8	shadow_ab_20260910_002854_8x_00546bf0.log	2026-09-10T00:28:54		
00546cb0	FUN_00546cb0	NO_SAMPLES	0	0			RACE_OK	1		2026-09-10T16:16:33		
0055a1f0	FUN_0055a1f0	CLEAN	48	0	A/B-IS-REAL installed=e9 uninstalled=83		RACE_OK	16	shadow_ab_20260910_001251_16x_00407600.log	2026-09-10T00:12:51		
0055a9a0	FUN_0055a9a0	NO_SAMPLES	0	0			RACE_OK	1		2026-09-10T16:17:14		
0055ab30	FUN_0055ab30	CLEAN	48	0	A/B-IS-REAL installed=e9 uninstalled=53		RACE_OK	16	shadow_ab_20260910_001331_16x_0055ab30.log	2026-09-10T00:13:31		
0055abb0	FUN_0055abb0	CLEAN	48	0	A/B-IS-REAL installed=e9 uninstalled=8b		RACE_OK	16	shadow_ab_20260910_001718_16x_00407600.log	2026-09-10T00:17:18		
0055ae50	FUN_0055ae50	CLEAN	48	0	A/B-IS-REAL installed=e9 uninstalled=8b		RACE_OK	16	shadow_ab_20260910_001331_16x_0055ab30.log	2026-09-10T00:13:31		
0055b750	FUN_0055b750	DIVERGENT	48	13	A/B-IS-REAL installed=e9 uninstalled=83	fields=1/3 @+08 x6; fields=1/3 @+04 x6; fields=2/3 @+04,+08 x1	RACE_OK	8	shadow_ab_20260910_002854_8x_00546bf0.log	2026-09-10T00:28:54		
0055bae0	FUN_0055bae0	CLEAN	48	0	A/B-IS-REAL installed=e9 uninstalled=8b		RACE_OK	16	shadow_ab_20260910_001718_16x_00407600.log	2026-09-10T00:17:18		
0055bb70	FUN_0055bb70	CLEAN	48	0	A/B-IS-REAL installed=e9 uninstalled=83		RACE_OK	16	shadow_ab_20260910_001718_16x_00407600.log	2026-09-10T00:17:18		
0055bd80	FUN_0055bd80	CRASH	1	0	A/B-IS-REAL installed=e9 uninstalled=83	" | cal-packages\Python312\site-packages\frida\core.py"", line 499, in _rpc_request /     raise result.error / frida.InvalidOperationError: script has been destroyed"	CRASH	1	shadow_ab_20260910_152128_1x_0055bd80.log	2026-09-10T15:21:28	RACE_OK	2026-09-10T15:22:12
0055c0f0	FUN_0055c0f0	CLEAN	24	0	A/B-IS-REAL installed=e9 uninstalled=8b		RACE_OK	1	shadow_ab_20260910_103339_1x_0055c0f0.log	2026-09-10T10:33:39		
0055c230	FUN_0055c230	CLEAN	48	0	A/B-IS-REAL installed=e9 uninstalled=83		RACE_OK	16	shadow_ab_20260910_001718_16x_00407600.log	2026-09-10T00:17:18		
0055c2d0	FUN_0055c2d0	DIVERGENT	24	5	A/B-IS-REAL installed=e9 uninstalled=83	pages=o:0,n:0,diff:0 stack=2 noise=0 ovf=0 ret=0 stk+03c x4; pages=o:0,n:0,diff:0 stack=1 noise=0 ovf=0 ret=0 stk+03c x1	RACE_OK	2	shadow_ab_20260910_103453_2x_0055c2d0.log	2026-09-10T10:34:53		
0055e050	FUN_0055e050	CLEAN	48	0	A/B-IS-REAL installed=e9 uninstalled=83		RACE_OK	16	shadow_ab_20260910_001331_16x_0055ab30.log	2026-09-10T00:13:31		
0055fe50	FUN_0055fe50	CLEAN	48	0	A/B-IS-REAL installed=e9 uninstalled=56		RACE_OK	16	shadow_ab_20260910_001331_16x_0055ab30.log	2026-09-10T00:13:31		
0055fea0	FUN_0055fea0	CLEAN	48	0	A/B-IS-REAL installed=e9 uninstalled=56		RACE_OK	16	shadow_ab_20260910_001331_16x_0055ab30.log	2026-09-10T00:13:31		
0055ff70	FUN_0055ff70	CLEAN	48	0	A/B-IS-REAL installed=e9 uninstalled=56		RACE_OK	16	shadow_ab_20260910_001331_16x_0055ab30.log	2026-09-10T00:13:31		
0055ff90	FUN_0055ff90	CLEAN	48	0	A/B-IS-REAL installed=e9 uninstalled=83		RACE_OK	16	shadow_ab_20260910_001331_16x_0055ab30.log	2026-09-10T00:13:31		
005601f0	FUN_005601f0	CLEAN	24	0	A/B-IS-REAL installed=e9 uninstalled=56		RACE_OK	2	shadow_ab_20260910_103453_2x_0055c2d0.log	2026-09-10T10:34:53		
00560260	FUN_00560260	CLEAN	24	0	A/B-IS-REAL installed=e9 uninstalled=83		RACE_OK	1	shadow_ab_20260910_152457_1x_00560260.log	2026-09-10T15:24:57	RACE_OK	2026-09-10T15:23:40
00561040	FUN_00561040	CLEAN	48	0	A/B-IS-REAL installed=e9 uninstalled=81		RACE_OK	16	shadow_ab_20260910_001331_16x_0055ab30.log	2026-09-10T00:13:31		
00561280	FUN_00561280	NO_SAMPLES	0	0			RACE_OK	1		2026-09-10T16:17:56		
00561390	FUN_00561390	CLEAN	48	0	A/B-IS-REAL installed=e9 uninstalled=81		RACE_OK	16	shadow_ab_20260910_001331_16x_0055ab30.log	2026-09-10T00:13:31		
00561c50	FUN_00561c50	CLEAN	48	0	A/B-IS-REAL installed=e9 uninstalled=83		RACE_OK	16	shadow_ab_20260910_001331_16x_0055ab30.log	2026-09-10T00:13:31		
00561e60	FUN_00561e60	CLEAN	48	0	A/B-IS-REAL installed=e9 uninstalled=56		RACE_OK	16	shadow_ab_20260910_001331_16x_0055ab30.log	2026-09-10T00:13:31		
00561e80	FUN_00561e80	CLEAN	48	0	A/B-IS-REAL installed=e9 uninstalled=56		RACE_OK	16	shadow_ab_20260910_001412_16x_00561e80.log	2026-09-10T00:14:12		
00563e70	FUN_00563e70	CLEAN	24	0	A/B-IS-REAL installed=e9 uninstalled=51		RACE_OK	8	shadow_ab_20260910_103603_8x_00560260.log	2026-09-10T10:36:03		
00563f60	FUN_00563f60	CLEAN	24	0	A/B-IS-REAL installed=e9 uninstalled=83		RACE_OK	8	shadow_ab_20260910_103603_8x_00560260.log	2026-09-10T10:36:03		
00564040	FUN_00564040	CLEAN	48	0	A/B-IS-REAL installed=e9 uninstalled=51		RACE_OK	16	shadow_ab_20260910_001412_16x_00561e80.log	2026-09-10T00:14:12		
005641b0	FUN_005641b0	CLEAN	48	0	A/B-IS-REAL installed=e9 uninstalled=83		RACE_OK	16	shadow_ab_20260910_001412_16x_00561e80.log	2026-09-10T00:14:12		
00564310	FUN_00564310	DIVERGENT	48	20	A/B-IS-REAL installed=e9 uninstalled=83	o=00000000,n=00000001 x3; o=00000003,n=00000004 x2; o=00000000,n=00000005 x2	RACE_OK	16	shadow_ab_20260910_001412_16x_00561e80.log	2026-09-10T00:14:12		
005646c0	FUN_005646c0	CLEAN	24	0	A/B-IS-REAL installed=e9 uninstalled=b8		RACE_OK	8	shadow_ab_20260910_103603_8x_00560260.log	2026-09-10T10:36:03		
00564c80	FUN_00564c80	CLEAN	48	0	A/B-IS-REAL installed=e9 uninstalled=83		RACE_OK	16	shadow_ab_20260910_001412_16x_00561e80.log	2026-09-10T00:14:12		
00565120	FUN_00565120	CLEAN	24	0	A/B-IS-REAL installed=e9 uninstalled=8b		RACE_OK	2	shadow_ab_20260910_104206_2x_00565120.log	2026-09-10T10:42:06		
00565160	FUN_00565160	NO_SAMPLES	0	0			RACE_OK	1		2026-09-10T16:18:37		
005651b0	FUN_005651b0	CLEAN	24	0	A/B-IS-REAL installed=e9 uninstalled=8b		RACE_OK	4	shadow_ab_20260910_104316_4x_005651b0.log	2026-09-10T10:43:16		
00565200	FUN_00565200	CLEAN	48	0	A/B-IS-REAL installed=e9 uninstalled=8b		RACE_OK	8	shadow_ab_20260910_002854_8x_00546bf0.log	2026-09-10T00:28:54		
00565260	FUN_00565260	CLEAN	24	0	A/B-IS-REAL installed=e9 uninstalled=83		RACE_OK	8	shadow_ab_20260910_103603_8x_00560260.log	2026-09-10T10:36:03		
00565550	FUN_00565550	CLEAN	48	0	A/B-IS-REAL installed=e9 uninstalled=8b		RACE_OK	16	shadow_ab_20260910_001412_16x_00561e80.log	2026-09-10T00:14:12		
00565ef0	FUN_00565ef0	NO_SAMPLES	0	0			RACE_OK	1		2026-09-10T16:19:19		
00565fa0	FUN_00565fa0	NO_SAMPLES	0	0			RACE_OK	1		2026-09-10T16:20:00		
00566200	FUN_00566200	NO_SAMPLES	0	0			RACE_OK	1		2026-09-10T16:20:44		
005667c0	FUN_005667c0	DIVERGENT_FLOAT10	48	48	A/B-IS-REAL installed=e9 uninstalled=8b	o=00000000,n=cb489a38 x9; o=20000000,n=efadf34d x7; o=a0000000,n=0b68e206 x5	RACE_OK	16	shadow_ab_20260910_001718_16x_00407600.log	2026-09-10T00:17:18		
00566830	FUN_00566830	NO_SAMPLES	0	0			RACE_OK	1		2026-09-10T16:21:26		
005675d0	FUN_005675d0	CLEAN	24	0	A/B-IS-REAL installed=e9 uninstalled=8b		RACE_OK	8	shadow_ab_20260910_103713_8x_00566830.log	2026-09-10T10:37:13		
00567c00	FUN_00567c00	CLEAN	24	0	A/B-IS-REAL installed=e9 uninstalled=8b		RACE_OK	8	shadow_ab_20260910_103713_8x_00566830.log	2026-09-10T10:37:13		
00567c60	FUN_00567c60	CLEAN	24	0	A/B-IS-REAL installed=e9 uninstalled=8b		RACE_OK	8	shadow_ab_20260910_103713_8x_00566830.log	2026-09-10T10:37:13		
00567f00	FUN_00567f00	CLEAN	24	0	A/B-IS-REAL installed=e9 uninstalled=51		RACE_OK	8	shadow_ab_20260910_103713_8x_00566830.log	2026-09-10T10:37:13		
005684c0	FUN_005684c0	CLEAN	18	0	A/B-IS-REAL installed=e9 uninstalled=8b		RACE_OK	8	shadow_ab_20260910_103713_8x_00566830.log	2026-09-10T10:37:13		
00568560	FUN_00568560	CLEAN	9	0	A/B-IS-REAL installed=e9 uninstalled=8b		RACE_OK	8	shadow_ab_20260910_103713_8x_00566830.log	2026-09-10T10:37:13		
005685f0	FUN_005685f0	CLEAN	24	0	A/B-IS-REAL installed=e9 uninstalled=8b		RACE_OK	4	shadow_ab_20260910_104316_4x_005651b0.log	2026-09-10T10:43:16		
00568990	FUN_00568990	CLEAN	48	0	A/B-IS-REAL installed=e9 uninstalled=83		RACE_OK	16	shadow_ab_20260910_001412_16x_00561e80.log	2026-09-10T00:14:12		
00568dd0	FUN_00568dd0	CLEAN	48	0	A/B-IS-REAL installed=e9 uninstalled=83		RACE_OK	16	shadow_ab_20260910_001412_16x_00561e80.log	2026-09-10T00:14:12		
00568fd0	FUN_00568fd0	CLEAN	48	0	A/B-IS-REAL installed=e9 uninstalled=83		RACE_OK	16	shadow_ab_20260910_001412_16x_00561e80.log	2026-09-10T00:14:12		
0056b7a0	FUN_0056b7a0	CLEAN	48	0	A/B-IS-REAL installed=e9 uninstalled=8b		RACE_OK	16	shadow_ab_20260910_001412_16x_00561e80.log	2026-09-10T00:14:12		
0056b9d0	FUN_0056b9d0	NO_SAMPLES	0	0			RACE_OK	1		2026-09-10T16:22:08		
0056ba30	FUN_0056ba30	CLEAN	48	0	A/B-IS-REAL installed=e9 uninstalled=8b		RACE_OK	16	shadow_ab_20260910_001412_16x_00561e80.log	2026-09-10T00:14:12		
0056bb30	FUN_0056bb30	CLEAN	48	0	A/B-IS-REAL installed=e9 uninstalled=56		RACE_OK	16	shadow_ab_20260910_001412_16x_00561e80.log	2026-09-10T00:14:12		
0056bb80	FUN_0056bb80	NO_SAMPLES	0	0			RACE_OK	1		2026-09-10T00:31:17		
0056bce0	FUN_0056bce0	CLEAN	48	0	A/B-IS-REAL installed=e9 uninstalled=83		RACE_OK	1	shadow_ab_20260910_142315_1x_0056bce0.log	2026-09-10T14:23:15		
0056bdf0	FUN_0056bdf0	CLEAN	24	0	A/B-IS-REAL installed=e9 uninstalled=53		RACE_OK	4	shadow_ab_20260910_104316_4x_005651b0.log	2026-09-10T10:43:16		
0056be80	FUN_0056be80	NO_SAMPLES	0	0			RACE_OK	1		2026-09-10T16:22:50		
0056c0a0	FUN_0056c0a0	CLEAN	24	0	A/B-IS-REAL installed=e9 uninstalled=8b		RACE_OK	8	shadow_ab_20260910_120656_8x_004f8670.log	2026-09-10T12:06:56		
0056c310	FUN_0056c310	CLEAN	24	0	A/B-IS-REAL installed=e9 uninstalled=8b		RACE_OK	8	shadow_ab_20260910_120656_8x_004f8670.log	2026-09-10T12:06:56		
0056c580	FUN_0056c580	CLEAN	24	0	A/B-IS-REAL installed=e9 uninstalled=83		RACE_OK	8	shadow_ab_20260910_120656_8x_004f8670.log	2026-09-10T12:06:56		
0056c8e0	FUN_0056c8e0	CLEAN	24	0	A/B-IS-REAL installed=e9 uninstalled=83		RACE_OK	7	shadow_ab_20260910_121354_7x_004f8640.log	2026-09-10T12:13:54		
0056caa0	FUN_0056caa0	CLEAN	24	0	A/B-IS-REAL installed=e9 uninstalled=81		RACE_OK	8	shadow_ab_20260910_120806_8x_0056caa0.log	2026-09-10T12:08:06		
0056cf90	FUN_0056cf90	CLEAN	48	0	A/B-IS-REAL installed=e9 uninstalled=8b		RACE_OK	1	shadow_ab_20260910_003217_1x_0056cf90.log	2026-09-10T00:32:18		
0056d070	FUN_0056d070	CLEAN	24	0	A/B-IS-REAL installed=e9 uninstalled=83		RACE_OK	8	shadow_ab_20260910_120806_8x_0056caa0.log	2026-09-10T12:08:06		
0056d350	FUN_0056d350	NO_SAMPLES	0	0			RACE_OK	1		2026-09-10T00:33:08		
0056d3f0	FUN_0056d3f0	NO_SAMPLES	0	0			RACE_OK	1		2026-09-10T16:23:32		
0056dd40	FUN_0056dd40	CLEAN	24	0	A/B-IS-REAL installed=e9 uninstalled=55		RACE_OK	8	shadow_ab_20260910_120806_8x_0056caa0.log	2026-09-10T12:08:06		
0056e680	FUN_0056e680	CLEAN	24	0	A/B-IS-REAL installed=e9 uninstalled=83		RACE_OK	8	shadow_ab_20260910_120806_8x_0056caa0.log	2026-09-10T12:08:06		
0056ed60	FUN_0056ed60	CLEAN	48	0	A/B-IS-REAL installed=e9 uninstalled=83		RACE_OK	1	shadow_ab_20260910_003358_1x_0056ed60.log	2026-09-10T00:33:58		
0056ef30	FUN_0056ef30	CLEAN	24	0	A/B-IS-REAL installed=e9 uninstalled=8b		RACE_OK	8	shadow_ab_20260910_120806_8x_0056caa0.log	2026-09-10T12:08:06		
0056efc0	FUN_0056efc0	CLEAN	24	0	A/B-IS-REAL installed=e9 uninstalled=8b		RACE_OK	8	shadow_ab_20260910_120806_8x_0056caa0.log	2026-09-10T12:08:06		
0056f020	FUN_0056f020	CLEAN	24	0	A/B-IS-REAL installed=e9 uninstalled=8b		RACE_OK	8	shadow_ab_20260910_120806_8x_0056caa0.log	2026-09-10T12:08:06		
0056f0a0	FUN_0056f0a0	CRASH	0	0		 | p0.grounded=4 airflag=1  vel=[1639.6, -68.8, 1267.2]    /     + 18s  ph=3  spawnFired=12  p0.grounded=4 airflag=1  vel=[-69.5, 35.2, -483.1]    /   game exited.	CRASH	1	shadow_ab_20260910_151653_1x_0056f0a0.log	2026-09-10T15:16:53	RACE_OK	2026-09-10T15:17:53
0056f1f0	FUN_0056f1f0	CLEAN	24	0	A/B-IS-REAL installed=e9 uninstalled=51		RACE_OK	1	shadow_ab_20260910_121102_1x_0056f1f0.log	2026-09-10T12:11:02		
0056f350	FUN_0056f350	CRASH	0	0		 |   p0.grounded=4 airflag=1  vel=[-83.7, 0.2, 331.1]    /     + 13s  ph=3  spawnFired=12  p0.grounded=4 airflag=1  vel=[2322.9, -23.2, 2510.9]    /   game exited.	CRASH	1	shadow_ab_20260910_151900_1x_0056f350.log	2026-09-10T15:19:00	CRASH	2026-09-10T15:19:28
0056fad0	FUN_0056fad0	CLEAN	48	0	A/B-IS-REAL installed=e9 uninstalled=8b		RACE_OK	1	shadow_ab_20260910_003450_1x_0056fad0.log	2026-09-10T00:34:50		
0056fb90	FUN_0056fb90	NO_SAMPLES	0	0			RACE_OK	1		2026-09-10T16:24:14		
0056fea0	FUN_0056fea0	NO_SAMPLES	0	0			RACE_OK	1		2026-09-10T14:32:02		
00570090	FUN_00570090	NO_SAMPLES	0	0			RACE_OK	1		2026-09-10T14:33:23		
005729a0	FUN_005729a0	NO_SAMPLES	0	0			RACE_OK	1		2026-09-10T16:24:56		
005735f0	FUN_005735f0	NO_SAMPLES	0	0			RACE_OK	1		2026-09-10T00:35:41		
00573670	FUN_00573670	NO_SAMPLES	0	0			RACE_OK	1		2026-09-10T16:25:37		
00574ad0	FUN_00574ad0	DIVERGENT	3	1	A/B-IS-REAL installed=e9 uninstalled=8b	o=00000001,n=00000000 x1	CRASH	16	shadow_ab_20260910_001753_16x_005729a0.log	2026-09-10T00:17:53		
00575120	FUN_00575120	DIVERGENT	48	46	A/B-IS-REAL installed=e9 uninstalled=8b	o=00000001,n=00000000 x46	RACE_OK	8	shadow_ab_20260910_002316_8x_00561280.log	2026-09-10T00:23:16		
005751f0	FUN_005751f0	DIVERGENT_FLOAT10	48	48	A/B-IS-REAL installed=e9 uninstalled=83	o=60000000,n=45d02c44 x1; o=e0000000,n=f7adff38 x1; o=40000000,n=77babab5 x1	RACE_OK	8	shadow_ab_20260910_002316_8x_00561280.log	2026-09-10T00:23:16		
005752b0	FUN_005752b0	DIVERGENT	48	1	A/B-IS-REAL installed=e9 uninstalled=81	o=00000000,n=00000001 x1	CRASH	16	shadow_ab_20260910_001753_16x_005729a0.log	2026-09-10T00:17:53		
00575560	FUN_00575560	DIVERGENT	48	2	A/B-IS-REAL installed=e9 uninstalled=8b	o=00000000,n=00000001 x2	CRASH	16	shadow_ab_20260910_001753_16x_005729a0.log	2026-09-10T00:17:53		
005757d0	FUN_005757d0	CLEAN	48	0	A/B-IS-REAL installed=e9 uninstalled=83		RACE_OK	8	shadow_ab_20260910_002316_8x_00561280.log	2026-09-10T00:23:16		
00575880	FUN_00575880	CLEAN	48	0	A/B-IS-REAL installed=e9 uninstalled=53		RACE_OK	8	shadow_ab_20260910_002427_8x_00575880.log	2026-09-10T00:24:27		
00575c60	FUN_00575c60	CLEAN	48	0	A/B-IS-REAL installed=e9 uninstalled=83		RACE_OK	8	shadow_ab_20260910_002427_8x_00575880.log	2026-09-10T00:24:27		
00575fe0	FUN_00575fe0	CLEAN	48	0	A/B-IS-REAL installed=e9 uninstalled=83		RACE_OK	8	shadow_ab_20260910_002427_8x_00575880.log	2026-09-10T00:24:27		
00576640	FUN_00576640	CLEAN	48	0	A/B-IS-REAL installed=e9 uninstalled=83		RACE_OK	8	shadow_ab_20260910_002427_8x_00575880.log	2026-09-10T00:24:27		
00576880	FUN_00576880	DIVERGENT	7	2	A/B-IS-REAL installed=e9 uninstalled=81	o=00000001,n=00000002 x2	CRASH	16	shadow_ab_20260910_001753_16x_005729a0.log	2026-09-10T00:17:53		
00577be0	FUN_00577be0	DIVERGENT	48	38	A/B-IS-REAL installed=e9 uninstalled=51	o=00000001,n=00000000 x38	RACE_OK	8	shadow_ab_20260910_002427_8x_00575880.log	2026-09-10T00:24:27		
00577cb0	FUN_00577cb0	DIVERGENT	48	24	A/B-IS-REAL installed=e9 uninstalled=83	o=00000001,n=00000000 x24	RACE_OK	8	shadow_ab_20260910_002427_8x_00575880.log	2026-09-10T00:24:27		
00577ec0	FUN_00577ec0	CLEAN	48	0	A/B-IS-REAL installed=e9 uninstalled=83		RACE_OK	8	shadow_ab_20260910_002427_8x_00575880.log	2026-09-10T00:24:27		
005784a0	FUN_005784a0	CLEAN	48	0	A/B-IS-REAL installed=e9 uninstalled=83		RACE_OK	8	shadow_ab_20260910_002427_8x_00575880.log	2026-09-10T00:24:27		
00578610	FUN_00578610	CLEAN	48	0	A/B-IS-REAL installed=e9 uninstalled=81		RACE_OK	8	shadow_ab_20260910_002538_8x_00578610.log	2026-09-10T00:25:38		
00578b20	FUN_00578b20	DIVERGENT_FLOAT10	48	26	A/B-IS-REAL installed=e9 uninstalled=83	o=00000000,n=00000000 x13; o=80000000,n=00000000 x3; o=40000000,n=30000000 x2	RACE_OK	8	shadow_ab_20260910_002538_8x_00578610.log	2026-09-10T00:25:38		
00578bd0	FUN_00578bd0	DIVERGENT_FLOAT10	48	15	A/B-IS-REAL installed=e9 uninstalled=83	o=00000000,n=00000000 x11; o=80000000,n=00000000 x2; o=00000000,n=80000000 x1	RACE_OK	8	shadow_ab_20260910_002538_8x_00578610.log	2026-09-10T00:25:38		
00578cb0	FUN_00578cb0	DIVERGENT_FLOAT10	48	8	A/B-IS-REAL installed=e9 uninstalled=83	o=00000000,n=00000000 x5; o=80000000,n=00000000 x2; o=00000000,n=e0000000 x1	RACE_OK	8	shadow_ab_20260910_002538_8x_00578610.log	2026-09-10T00:25:38		
00578e50	FUN_00578e50	CLEAN	48	0	A/B-IS-REAL installed=e9 uninstalled=8b		RACE_OK	8	shadow_ab_20260910_002538_8x_00578610.log	2026-09-10T00:25:38		
00578ff0	FUN_00578ff0	DIVERGENT	48	5	A/B-IS-REAL installed=e9 uninstalled=81	o=00000002,n=00000001 x3; o=00000004,n=00000003 x1; o=00000003,n=00000002 x1	RACE_OK	8	shadow_ab_20260910_002538_8x_00578610.log	2026-09-10T00:25:38		
00579b50	FUN_00579b50	CLEAN	39	0	A/B-IS-REAL installed=e9 uninstalled=8b		RACE_OK	8	shadow_ab_20260910_002538_8x_00578610.log	2026-09-10T00:25:38		
00579c00	FUN_00579c00	NO_SAMPLES	0	0			RACE_OK	1		2026-09-10T16:26:18		
00579d50	FUN_00579d50	NO_SAMPLES	0	0			RACE_OK	1		2026-09-10T16:26:59		
0057a250	FUN_0057a250	NO_SAMPLES	0	0			RACE_OK	1		2026-09-10T16:27:41		
0057a660	FUN_0057a660	NO_SAMPLES	0	0			RACE_OK	1		2026-09-10T16:28:23		
0057a9a0	FUN_0057a9a0	NO_SAMPLES	0	0			RACE_OK	1		2026-09-10T16:29:04		
0057adb0	FUN_0057adb0	NO_SAMPLES	0	0			RACE_OK	1		2026-09-10T16:29:46		
0057ae20	FUN_0057ae20	NO_SAMPLES	0	0			RACE_OK	1		2026-09-10T16:30:27		
005a6e10	L2_FUN_005a6e10	CLEAN	24	0	A/B-IS-REAL installed=e9 uninstalled=8b		RACE_OK	1	shadow_ab_20260910_160347_1x_005a6e10.log	2026-09-10T16:03:47		
005ad2e0	L2_FUN_005ad2e0	NO_PORT	0	0		manifest claimed GENERATED:lane2-decomp2port but L2_005ad2e0.cpp does not exist on disk and is not in asi_sources.rsp; the 2026-09-10T02:37 NO_SAMPLES was correct but for the wrong reason (nothing installed, not never called). Site status corrected to SKIP:tu-missing-on-disk.	RACE_OK	5	shadow_ab_20260910_023716_5x_005aeed0.log	2026-09-10T02:37:17		
005aeed0	L2_FUN_005aeed0	INVALID_WITNESS	4	1	A/B-IS-REAL installed=e9 uninstalled=8b	body is `WaitForSingleObject(*param_1,0) != WAIT_TIMEOUT`, an auto-reset event poll. The A/B calls original-then-port on the SAME handle, so the first call CONSUMES the signal and the second legitimately returns WAIT_TIMEOUT -- reproducible ret-mismatch on sample 0 and clean thereafter on two independent boots. Not a port defect; the witness is invalid (ShadowAB.h LIMITS). Site status -> SKIP:irreversible-side-effect.	RACE_OK	1	shadow_ab_20260910_160431_1x_005aeed0.log	2026-09-10T16:04:32		
005af010	L2_FUN_005af010	CLEAN	8	0	A/B-IS-REAL installed=e9 uninstalled=53		RACE_OK	5	shadow_ab_20260910_023716_5x_005aeed0.log	2026-09-10T02:37:17		
005b0f40	AudioQueuePop	NO_SAMPLES	0	0			RACE_OK	7		2026-09-10T00:26:48		
005b8080	L2_FUN_005b8080	INVALID_WITNESS	0	0		body calls CloseHandle, so the A/B would call it TWICE = double-close. Measured 0 calls in the 4-car race (probes at 39k) with the hook installed and manifest installed=1, so it has never actually fired -- the only reason this has not corrupted a run. Site status -> SKIP:irreversible-side-effect.	RACE_OK	1		2026-09-10T15:48:07		
