rva	name	file	subsystem	kind	ret	cc	params	phase	status
00403050	PreRaceLoadingScreenDraw	SkeletonAndScatter_t6.cpp	frontend	tracked	void	__cdecl		race	GENERATED
00407600	PlayerPositionPtr	SlotObjectAccessors.cpp	util	ret	std::uint32_t	__cdecl	int player	race	ALREADY:shadow-site-present
00407b00	RangeTableFindGroup	RangeTable_ah1.cpp	gameplay	ret	int	__cdecl	int param_1	race	ALREADY:shadow-site-present
0040cf40	ReleaseResourcePair	Thresholds_ah4.cpp	gameplay	tracked	void	__cdecl	void	race	GENERATED
00421930	BodyGeometryFirstDword	SlotObjectAccessors.cpp	render	ret	std::uint32_t	__cdecl	int handleOff	race	ALREADY:shadow-site-present
00423b00	FrontendInputDispatch	MenuLeaves_af5.cpp	frontend	tracked	void	__cdecl	void	race	GENERATED
004274e0	LocalizationFileLoad	SkeletonAndScatter_t6.cpp	frontend	ret	std::uint32_t	__cdecl		race	ALREADY:shadow-site-present
0042bcb0	PlayerNameSpriteDraw	SkeletonAndScatter_t6.cpp	frontend	tracked	void	__cdecl	int param_1, float param_2, float param_3, std::uint32_t param_4, int param_5	race	GENERATED
00448700	VehicleSeedWritePair	VehicleSeed.cpp	vehicle					race	SKIP:definition-count=0
0044b000	SlotRecordPositionPtr	SlotObjectAccessors.cpp	render	ret	std::uint32_t	__cdecl	int slot	race	ALREADY:shadow-site-present
0045d3f0	L2_FUN_0045d3f0	L2_0045d3f0.cpp	lane2	ret		__cdecl		race	GENERATED:lane2-decomp2port
004671d0	FollowTargetField40	FollowTargetFieldPtr.cpp	render	ret	std::uint32_t	__cdecl	int sel	race	ALREADY:shadow-site-present
00467210	FollowTargetField10	FollowTargetFieldPtr.cpp	render	ret	std::uint32_t	__cdecl	int sel	race	ALREADY:shadow-site-present
0047b9e0	Track_RenderQuadThunk_47b9e0	CourseLoadDispatch.cpp	track	tracked	void	__cdecl	std::uint32_t param_1, std::uint32_t param_2	race	GENERATED
0047e9c0	FUN_0047e9c0	RwpSolverCore23.cpp	vehicle	tracked	void	__cdecl	int param_1, undefined4 param_2	race	GENERATED
004840b0	ShapeOwnerHandleGet	ShapeOwnerHandlePool.cpp	vehicle	ret	std::uint32_t	__cdecl	std::uint32_t idx	race	ALREADY:shadow-site-present
004853b0	SmplFzxStateBlockGetLogged	SmplFzxStateBlock.cpp	smplfzx	ret	std::uint32_t	__cdecl	int id	race	ALREADY:shadow-site-present
00490f50	ByteQuadSet50	GlobalByteQuad.cpp	render	tracked	void	__cdecl	int a, int b, int c, int d	race	GENERATED
00490f80	ByteQuadSet80	GlobalByteQuad.cpp	render	tracked	void	__cdecl	int a, int b, int c, int d	race	GENERATED
004a2bf7	Tbl4a2bf7	PromoLoop_sessionB.cpp	boot	tracked	void	__cdecl	void	race	GENERATED
004b4050	ClumpQueryField18	SlotObjectAccessors.cpp	render	ret	std::uint32_t	__cdecl	int clump	race	ALREADY:shadow-site-present
004c1a70	CameraRecomputeProjCoeffs	CameraProjCoeffs.cpp	render					race	SKIP:definition-count=0
004c4600	FUN_004c4600	RwpSolverMath2.cpp	render	ret	undefined4 *	__cdecl	undefined4 *param_1,undefined4 *param_2,undefined4 *param_3	race	ALREADY:shadow-site-present
004c51a0	FUN_004c51a0	RwpSolverMath2.cpp	render	tracked	void	__cdecl	float *param_1,float *param_2,int param_3	race	GENERATED
004c52f0	FUN_004c52f0	RwpSolverMath2.cpp	render	ret	uint *	__cdecl	uint *param_1,uint *param_2,int param_3	race	ALREADY:shadow-site-present
004d71f0	RenderState_GetTexturingOverride	RenderStateSettersA.cpp	render	ret	std::uint32_t	__cdecl		race	ALREADY:shadow-site-present
004f8640	PluginFieldWriteA8	PluginFields_ah4.cpp	render	tracked	void	__cdecl	int offset, uint32_t value	race	GENERATED
004f8670	PluginFieldWriteAC	PluginFields_ah4.cpp	render	tracked	void	__cdecl	int offset, uint32_t value	race	GENERATED
00546b10	FUN_00546b10	RwpSolverMath2.cpp	vehicle	ret	undefined4	__cdecl	float *param_1,float *param_2	race	ALREADY:shadow-site-present
00546bf0	FUN_00546bf0	RwpSolverMath2.cpp	third-party-library[renderware]	region	void	__cdecl	float *param_1,float *param_2	race	ALREADY:shadow-site-present
00546c50	FUN_00546c50	RwpSolverMath2.cpp	third-party-library[renderware]	region	void	__cdecl	float *param_1,float *param_2	race	ALREADY:shadow-site-present
00546cb0	FUN_00546cb0	RwpSolverMath2.cpp	third-party-library[renderware]	region	void	__cdecl	float *param_1,float *param_2	race	ALREADY:shadow-site-present
0055a1f0	FUN_0055a1f0	RwpSolverBroadphase3.cpp	third-party-library[RenderWare-Physics-3.7]	ret	int	__cdecl	uint param_1,int param_2,uint param_3,uint *param_4,int *param_5, uint param_6,uint *param_7,int param_8,uint param_9,uint *param_10	race	ALREADY:shadow-site-present
0055a9a0	FUN_0055a9a0	RwpSolverBroadphase3.cpp	third-party-library[RenderWare-Physics-3.7]	ret	int	__cdecl	uint param_1,int param_2,uint param_3,int param_4,int param_5, uint param_6	race	ALREADY:shadow-site-present
0055ab30	FUN_0055ab30	RwpSolverGlue5.cpp	third-party-library[RenderWare-Physics-3.7]	ret	undefined4 *	__cdecl	undefined4 *param_1,int param_2,int param_3	race	ALREADY:shadow-site-present
0055abb0	FUN_0055abb0	RwpSolverBroadphase3.cpp	third-party-library[RenderWare-Physics-3.7]	ret	undefined4	__cdecl	undefined4 *param_1,int param_2,undefined4 param_3	race	ALREADY:shadow-site-present
0055ae50	FUN_0055ae50	RwpSolverBroadphase3.cpp	third-party-library[RenderWare-Physics-3.7]	ret	undefined2	__cdecl	int *param_1,int param_2	race	ALREADY:shadow-site-present
0055b750	FUN_0055b750	RwpSolverBroadphase3.cpp	third-party-library[RenderWare-Physics-3.7]	region	void	__cdecl	int *param_1,float *param_2,float *param_3	race	ALREADY:shadow-site-present
0055bae0	FUN_0055bae0	RwpSolverBroadphase3.cpp	third-party-library[RenderWare-Physics-3.7]	ret	float *	__cdecl	int param_1,float *param_2,undefined4 param_3	race	ALREADY:shadow-site-present
0055bb70	FUN_0055bb70	RwpSolverGlue5.cpp	third-party-library[RenderWare-Physics-3.7]	ret	float *	__cdecl	int param_1,int param_2,undefined4 param_3	race	ALREADY:shadow-site-present
0055bd70	FUN_0055bd70	RwpSolverBroadphase3.cpp	third-party-library[RenderWare-Physics-3.7]					race	SKIP:definition-count=0
0055bd80	FUN_0055bd80	RwpSolverGlue5.cpp	third-party-library[RenderWare-Physics-3.7]	tracked	void	__cdecl	int param_1,int param_2,undefined4 param_3,undefined4 param_4	race	SKIP:runtracked-unbounded-effects
0055c0f0	FUN_0055c0f0	RwpSolverBroadphase3.cpp	third-party-library[RenderWare-Physics-3.7]	tracked	void	__cdecl	float *param_1,float *param_2	race	GENERATED
0055c230	FUN_0055c230	RwpSolverGlue5.cpp	third-party-library[RenderWare-Physics-3.7]	ret	int	__cdecl	int param_1,float *param_2,undefined4 param_3,float *param_4,undefined4 param_5	race	ALREADY:shadow-site-present
0055c2d0	FUN_0055c2d0	RwpSolverBroadphase3.cpp	third-party-library[RenderWare-Physics-3.7]	tracked	void	__cdecl	int param_1,float *param_2,float *param_3,float *param_4, float *param_5	race	GENERATED
0055e050	FUN_0055e050	RwpSolverGlue5.cpp	third-party-library[RenderWare-Physics-3.7]	ret	int *	__cdecl	int *param_1	race	ALREADY:shadow-site-present
0055fe50	FUN_0055fe50	RwpSolverCore23.cpp	third-party-library[RenderWare-Physics-3.7]	ret	int	__cdecl	int param_1	race	ALREADY:shadow-site-present
0055fea0	FUN_0055fea0	RwpSolverCore23.cpp	third-party-library[RenderWare-Physics-3.7]	ret	int	__cdecl	int param_1	race	ALREADY:shadow-site-present
0055ff70	FUN_0055ff70	RwpSolverCore23.cpp	third-party-library[RenderWare-Physics-3.7]	ret	int	__cdecl	int param_1	race	ALREADY:shadow-site-present
0055ff90	FUN_0055ff90	RwpSolverCore23.cpp	third-party-library[RenderWare-Physics-3.7]	ret	int	__cdecl	int param_1	race	ALREADY:shadow-site-present
005601f0	FUN_005601f0	RwpSolverLeaves1.cpp	third-party-library[RenderWare-Physics-3.7]	tracked	void	__cdecl	int *param_1,int param_2,undefined4 param_3,undefined4 param_4,int *param_5	race	GENERATED
00560260	FUN_00560260	RwpSolverPartition13.cpp	third-party-library[RenderWare-Physics-3.7]	tracked	void	__cdecl	int *param_1,int *param_2,undefined4 *param_3,int *param_4,int *param_5, int param_6,int *param_7,int param_8,undefined4 *param_9,float param_10, void *param_11,undefined4 param_12,void *param_13	race	GENERATED
00561040	FUN_00561040	RwpSolverCore23.cpp	third-party-library[RenderWare-Physics-3.7]	ret	int	__cdecl	int param_1	race	ALREADY:shadow-site-present
00561280	FUN_00561280	RwpSolverCore21.cpp	third-party-library[RenderWare-Physics-3.7]	ret	float *	__cdecl	int param_1,int param_2,float *param_3	race	ALREADY:shadow-site-present
00561390	FUN_00561390	RwpSolverCore23.cpp	third-party-library[RenderWare-Physics-3.7]	ret	int	__cdecl	int param_1	race	ALREADY:shadow-site-present
00561c50	FUN_00561c50	RwpSolverCore23.cpp	third-party-library[RenderWare-Physics-3.7]	ret	int	__cdecl	int param_1	race	ALREADY:shadow-site-present
00561e60	FUN_00561e60	RwpSolverCore23.cpp	third-party-library[RenderWare-Physics-3.7]	ret	int	__cdecl	int param_1	race	ALREADY:shadow-site-present
00561e80	FUN_00561e80	RwpSolverCore23.cpp	third-party-library[RenderWare-Physics-3.7]	ret	int	__cdecl	int param_1	race	ALREADY:shadow-site-present
00563e70	FUN_00563e70	RwpSolverLeaves1.cpp	third-party-library[RenderWare-Physics-3.7]	tracked	void	__cdecl	int param_1,ushort param_2,ushort param_3	race	GENERATED
00563f60	FUN_00563f60	RwpSolverLeaves1.cpp	third-party-library[RenderWare-Physics-3.7]	tracked	void	__cdecl	int param_1,ushort param_2	race	GENERATED
00564040	FUN_00564040	RwpSolverLeaves1.cpp	third-party-library[RenderWare-Physics-3.7]	ret	uint	__cdecl	int param_1,ushort param_2,int param_3,int param_4,int param_5	race	ALREADY:shadow-site-present
005641b0	FUN_005641b0	RwpSolverLeaves1.cpp	third-party-library[RenderWare-Physics-3.7]	ret	bool	__cdecl	float *param_1,float *param_2	race	ALREADY:shadow-site-present
00564310	FUN_00564310	RwpSolverLeaves1.cpp	third-party-library[RenderWare-Physics-3.7]	ret	uint	__cdecl	float *param_1,float *param_2,float *param_3	race	ALREADY:shadow-site-present
005646c0	FUN_005646c0	RwpSolverCore4.cpp	third-party-library[RenderWare-Physics-3.7]	tracked	void	__cdecl	int param_1, float *param_2, ushort param_3	race	GENERATED
00564c80	FUN_00564c80	RwpSolverCore4.cpp	third-party-library[RenderWare-Physics-3.7]	ret	int	__cdecl	int param_1, uint param_2, float *param_3	race	ALREADY:shadow-site-present
00565120	FUN_00565120	RwpSolverLeaves1.cpp	third-party-library[RenderWare-Physics-3.7]	tracked	void	__cdecl	int param_1,uint param_2,uint param_3,ushort param_4	race	GENERATED
00565160	FUN_00565160	RwpSolverLeaves1.cpp	third-party-library[RenderWare-Physics-3.7]	tracked	void	__cdecl	int param_1,uint param_2,uint param_3	race	GENERATED
005651b0	FUN_005651b0	RwpSolverLeaves1.cpp	third-party-library[RenderWare-Physics-3.7]	tracked	void	__cdecl	int param_1,uint param_2,uint param_3	race	GENERATED
00565200	FUN_00565200	RwpSolverLeaves1.cpp	third-party-library[RenderWare-Physics-3.7]	region	void	__cdecl	int param_1,uint param_2,float *param_3	race	ALREADY:shadow-site-present
00565260	FUN_00565260	RwpSolverCore4.cpp	third-party-library[RenderWare-Physics-3.7]	tracked	void	__cdecl	int param_1, uint param_2	race	GENERATED
00565550	FUN_00565550	RwpSolverLeaves1.cpp	third-party-library[RenderWare-Physics-3.7]	ret	undefined2	__cdecl	int param_1,uint param_2	race	ALREADY:shadow-site-present
00565ef0	FUN_00565ef0	RwpSolverLeaves1.cpp	third-party-library[RenderWare-Physics-3.7]	region	void	__cdecl	float *param_1,float *param_2,float *param_3	race	ALREADY:shadow-site-present
00565fa0	FUN_00565fa0	RwpSolverLeaves1.cpp	third-party-library[RenderWare-Physics-3.7]	region	void	__cdecl	float *param_1,float *param_2,float *param_3,float param_4	race	ALREADY:shadow-site-present
00566200	FUN_00566200	RwpSolverLeaves1.cpp	third-party-library[RenderWare-Physics-3.7]	region	void	__cdecl	float *param_1,float *param_2,float *param_3	race	ALREADY:shadow-site-present
005667c0	FUN_005667c0	RwpSolverLeaves1.cpp	third-party-library[RenderWare-Physics-3.7]	ret_float10	float10	__cdecl	float *param_1,float *param_2	race	ALREADY:shadow-site-present
00566830	FUN_00566830	RwpSolverLeaves1.cpp	third-party-library[RenderWare-Physics-3.7]	tracked	void	__cdecl	float *param_1,float *param_2	race	GENERATED
005675d0	FUN_005675d0	RwpSolverLeaves1.cpp	third-party-library[RenderWare-Physics-3.7]	tracked	void	__cdecl	int param_1,int param_2,int param_3,undefined4 param_4	race	GENERATED
00567c00	FUN_00567c00	RwpSolverCore9.cpp	third-party-library[RenderWare-Physics-3.7]	tracked	void	__cdecl	int param_1,int param_2	race	GENERATED
00567c60	FUN_00567c60	RwpSolverCore11.cpp	third-party-library[RenderWare-Physics-3.7]	tracked	void	__cdecl	int param_1,int param_2,undefined4 *param_3,int param_4, int param_5,uint param_6,undefined4 param_7,int param_8,int param_9,uint param_10	race	GENERATED
00567f00	FUN_00567f00	RwpSolverCore11.cpp	third-party-library[RenderWare-Physics-3.7]	tracked	void	__cdecl	int param_1,int param_2,int a3,int a4,int a5, int in_stack_00000018,uint in_stack_0000001c,int in_stack_00000020, int in_stack_00000024	race	GENERATED
005684c0	FUN_005684c0	RwpSolverLeaves1.cpp	third-party-library[RenderWare-Physics-3.7]	tracked	void	__cdecl	int param_1,int *param_2,int *param_3,undefined4 *param_4,undefined4 *param_5	race	GENERATED
00568560	FUN_00568560	RwpSolverLeaves1.cpp	third-party-library[RenderWare-Physics-3.7]	tracked	void	__cdecl	int *param_1,int param_2,int *param_3,undefined4 *param_4,undefined4 *param_5	race	GENERATED
005685f0	FUN_005685f0	RwpSolverCore11.cpp	third-party-library[RenderWare-Physics-3.7]	tracked	void	__cdecl	int param_1,uint *param_2,uint *param_3,undefined4 *param_4, undefined4 *param_5	race	GENERATED
00568990	FUN_00568990	RwpSolverCore21.cpp	third-party-library[RenderWare-Physics-3.7]	ret	uint	__cdecl	int param_1,int param_2,uint param_3,int param_4,uint param_5	race	ALREADY:shadow-site-present
00568dd0	FUN_00568dd0	RwpSolverCore11.cpp	third-party-library[RenderWare-Physics-3.7]	ret	int *	__cdecl	int *param_1,int param_2	race	ALREADY:shadow-site-present
00568fd0	FUN_00568fd0	RwpSolverCore11.cpp	third-party-library[RenderWare-Physics-3.7]	ret	int *	__cdecl	int *param_1,int param_2	race	ALREADY:shadow-site-present
0056b7a0	FUN_0056b7a0	RwpSolverCore18.cpp	third-party-library[RenderWare-Physics-3.7]	ret	int	__cdecl	undefined4 *param_1,int param_2,uint param_3,int param_4	race	ALREADY:shadow-site-present
0056b9d0	FUN_0056b9d0	RwpSolverCore22.cpp	third-party-library[RenderWare-Physics-3.7]	ret	undefined4	__cdecl	int param_1,undefined4 param_2,undefined4 param_3,undefined4 param_4,undefined4 param_5, undefined4 param_6,undefined4 param_7	race	ALREADY:shadow-site-present
0056ba30	FUN_0056ba30	RwpSolverCore21.cpp	third-party-library[RenderWare-Physics-3.7]	ret	bool	__cdecl	int param_1,int param_2	race	ALREADY:shadow-site-present
0056bb30	FUN_0056bb30	RwpSolverCore21.cpp	third-party-library[RenderWare-Physics-3.7]	ret	int	__cdecl	int param_1	race	ALREADY:shadow-site-present
0056bb80	FUN_0056bb80	RwpSolverIntegrate6.cpp	third-party-library[RenderWare-Physics-3.7]	region	void	__cdecl	float *param_1,float *param_2,float param_3	race	ALREADY:shadow-site-present
0056bce0	FUN_0056bce0	RwpSolverIntegrate6.cpp	third-party-library[RenderWare-Physics-3.7]	region	void	__cdecl	float *param_1,float *param_2,float param_3	race	ALREADY:shadow-site-present
0056bdf0	FUN_0056bdf0	RwpSolverIntegrate6.cpp	third-party-library[RenderWare-Physics-3.7]	tracked	void	__cdecl	int param_1,undefined4 param_2,int param_3,int *param_4,float param_5	race	GENERATED
0056be80	FUN_0056be80	RwpSolverIntegrate6.cpp	third-party-library[RenderWare-Physics-3.7]	tracked	void	__cdecl	int *param_1,int param_2,float param_3	race	GENERATED
0056c0a0	FUN_0056c0a0	RwpSolverIntegrate6.cpp	third-party-library[RenderWare-Physics-3.7]	tracked	void	__cdecl	int param_1,undefined4 param_2,int param_3,undefined4 param_4,int param_5, int *param_6,int param_7,undefined4 param_8,int param_9,undefined4 param_10, float param_11	race	GENERATED
0056c310	FUN_0056c310	RwpSolverIntegrate6.cpp	third-party-library[RenderWare-Physics-3.7]	tracked	void	__cdecl	int param_1,undefined4 param_2,int param_3,undefined4 param_4,int param_5, undefined4 param_6,undefined4 param_7,int param_8,int *param_9,int param_10, undefined4 param_11,float param_12	race	GENERATED
0056c580	FUN_0056c580	RwpSolverCore7.cpp	third-party-library[RenderWare-Physics-3.7]	tracked	void	__cdecl	int param_1,undefined4 param_2,int param_3,undefined4 param_4, undefined4 param_5,int param_6,int *param_7,int param_8	race	GENERATED
0056c8e0	FUN_0056c8e0	RwpSolverCore7.cpp	third-party-library[RenderWare-Physics-3.7]	tracked	void	__cdecl	int param_1,int param_2,float *param_3,int param_4	race	GENERATED
0056caa0	FUN_0056caa0	RwpSolverCore7.cpp	third-party-library[RenderWare-Physics-3.7]	tracked	void	__cdecl	int param_1,undefined4 param_2,int *param_3,int *param_4, int *param_5,int param_6,int *param_7,int param_8,uint param_9,undefined4 param_10, undefined4 param_11,int param_12,int param_13,undefined4 param_14,int param_15, undefined4 param_16,undefined4 param_17,int param_18	race	GENERATED
0056cf90	FUN_0056cf90	RwpSolverCore7.cpp	third-party-library[RenderWare-Physics-3.7]	region	void	__cdecl	undefined4 *param_1,int param_2,int param_3	race	ALREADY:shadow-site-present
0056d070	FUN_0056d070	RwpSolverCore7.cpp	third-party-library[RenderWare-Physics-3.7]	tracked	void	__cdecl	int *param_1,int param_2,uint param_3,int param_4, undefined4 param_5,int param_6,int param_7,undefined4 param_8,int *param_9, int param_10,int param_11	race	GENERATED
0056d350	FUN_0056d350	RwpSolverCore8.cpp	third-party-library[RenderWare-Physics-3.7]	region	void	__cdecl	int *param_1,float *param_2,float *param_3,int param_4, int param_5,int param_6	race	ALREADY:shadow-site-present
0056d3f0	FUN_0056d3f0	RwpSolverCore8.cpp	third-party-library[RenderWare-Physics-3.7]	tracked	void	__cdecl	int param_1, int a1_, int a2_, int a3_, int in_stack_00000014, int a5_, int a6_, int in_stack_00000020, int a8_, int a9_, int in_stack_0000002c, int a11_, int a12_, int in_stack_00000038, int a14_, int a15_, int in_stack_00000044, int a17_, int a18_, int in_stack_00000050, int a20_, int a21_, int in_stack_0000005c, int in_stack_00000060, int a24_, int in_stack_00000068, int a26_, int a27_, float in_stack_00000074	race	GENERATED
0056dd40	FUN_0056dd40	RwpSolverCore8.cpp	third-party-library[RenderWare-Physics-3.7]	tracked	void	__cdecl	int param_1, int a1_, int a2_, int a3_, int in_stack_00000014, int a5_, int a6_, int in_stack_00000020_, int a8_, int a9_, int in_stack_0000002c, int a11_, int a12_, int in_stack_00000038, int a14_, int a15_, int in_stack_00000044, int a17_, int a18_, int in_stack_00000050, int a20_, int a21_, int in_stack_0000005c, int in_stack_00000060, int a24_, int in_stack_00000068, int a26_, int a27_, float in_stack_00000074	race	GENERATED
0056e680	FUN_0056e680	RwpSolverCore8.cpp	third-party-library[RenderWare-Physics-3.7]	tracked	void	__cdecl	int param_1,undefined4 param_2,int *param_3,int *param_4, int param_5,undefined4 param_6,int param_7,int *param_8,int param_9, undefined4 param_10,int param_11,undefined4 param_12,int param_13, undefined4 param_14,float param_15	race	GENERATED
0056ed60	FUN_0056ed60	RwpSolverCore8.cpp	third-party-library[RenderWare-Physics-3.7]	region	void	__cdecl	float *param_1,float *param_2,float *param_3	race	ALREADY:shadow-site-present
0056ef30	FUN_0056ef30	RwpSolverCore9.cpp	third-party-library[RenderWare-Physics-3.7]	tracked	void	__cdecl	int param_1	race	GENERATED
0056efc0	FUN_0056efc0	RwpSolverCore9.cpp	third-party-library[RenderWare-Physics-3.7]	tracked	void	__cdecl	int param_1,undefined4 param_2	race	GENERATED
0056f020	FUN_0056f020	RwpSolverCore9.cpp	third-party-library[RenderWare-Physics-3.7]	tracked	void	__cdecl	int param_1	race	GENERATED
0056f0a0	FUN_0056f0a0	RwpSolverCore9.cpp	third-party-library[RenderWare-Physics-3.7]	tracked	void	__cdecl	int param_1	race	SKIP:runtracked-unbounded-effects
0056f1f0	FUN_0056f1f0	RwpSolverCore9.cpp	third-party-library[RenderWare-Physics-3.7]	tracked	void	__cdecl	int *param_1,undefined4 *param_2	race	GENERATED
0056f350	FUN_0056f350	RwpSolverCore10.cpp	third-party-library[RenderWare-Physics-3.7]	tracked	void	__cdecl	int param_1,float *param_2,float param_3	race	GENERATED
0056fad0	FUN_0056fad0	RwpSolverCore9.cpp	third-party-library[RenderWare-Physics-3.7]	region	void	__cdecl	float *param_1,float *param_2,float *param_3,float *param_4, int param_5,int param_6	race	ALREADY:shadow-site-present
0056fb90	FUN_0056fb90	RwpSolverCore10.cpp	third-party-library[RenderWare-Physics-3.7]	ret	int *	__cdecl	uint *param_1,float *param_2,float *param_3,int *param_4, float *param_5	race	ALREADY:shadow-site-present
0056fea0	FUN_0056fea0	RwpSolverCore10.cpp	third-party-library[RenderWare-Physics-3.7]	tracked	void	__cdecl	float *param_1,float *param_2,float *param_3,float *param_4	race	GENERATED
00570090	FUN_00570090	RwpSolverCore12.cpp	third-party-library[RenderWare-Physics-3.7]	tracked	void	__cdecl	int param_1,int param_2,float param_3,float param_4	race	GENERATED
005729a0	FUN_005729a0	RwpSolverCore21.cpp	third-party-library[RenderWare-Physics-3.7]	ret	undefined4	__cdecl	float *param_1,int *param_2,float *param_3,float *param_4	race	ALREADY:shadow-site-present
005735f0	FUN_005735f0	RwpSolverCore16.cpp	third-party-library[RenderWare-Physics-3.7]	region	void	__cdecl	float *param_1,float *param_2,float *param_3,float *param_4	race	ALREADY:shadow-site-present
00573670	FUN_00573670	RwpSolverCore22.cpp	third-party-library[RenderWare-Physics-3.7]	ret	int	__cdecl	int param_1,int param_2,uint param_3,int param_4,int param_5,int param_6,int param_7	race	ALREADY:shadow-site-present
00574ad0	FUN_00574ad0	RwpSolverCore18.cpp	third-party-library[RenderWare-Physics-3.7]	ret	undefined4	__cdecl	float *param_1,float *param_2,uint param_3,float param_4,float param_5, undefined4 param_6	race	ALREADY:shadow-site-present
00575120	FUN_00575120	RwpSolverCore16.cpp	third-party-library[RenderWare-Physics-3.7]	ret	undefined4	__cdecl	float *param_1,undefined4 param_2,int param_3,float param_4	race	ALREADY:shadow-site-present
005751f0	FUN_005751f0	RwpSolverCore16.cpp	third-party-library[RenderWare-Physics-3.7]	ret_float10	float10	__cdecl	float *param_1,float *param_2,float *param_3	race	ALREADY:shadow-site-present
005752b0	FUN_005752b0	RwpSolverCore19.cpp	third-party-library[RenderWare-Physics-3.7]	ret	undefined4	__cdecl	int param_1,float param_2,float *param_3	race	ALREADY:shadow-site-present
00575560	FUN_00575560	RwpSolverCore20.cpp	third-party-library[RenderWare-Physics-3.7]	ret	int	__cdecl	int param_1,uint param_2,uint param_3,int param_4,int param_5	race	ALREADY:shadow-site-present
005757d0	FUN_005757d0	RwpSolverCore18.cpp	third-party-library[RenderWare-Physics-3.7]	ret	bool	__cdecl	int *param_1,int param_2	race	ALREADY:shadow-site-present
00575880	FUN_00575880	RwpSolverCore20.cpp	third-party-library[RenderWare-Physics-3.7]	ret	undefined4	__cdecl	int param_1,int param_2,int *param_3,float param_4	race	ALREADY:shadow-site-present
00575b60	FUN_00575b60	RwpSolverCore17.cpp	third-party-library[RenderWare-Physics-3.7]	tracked	void	__cdecl	int param_1,int param_2,float *param_3,byte *param_4	race	GENERATED
00575c60	FUN_00575c60	RwpSolverCore18.cpp	third-party-library[RenderWare-Physics-3.7]	ret	int	__cdecl	undefined4 *param_1,uint *param_2,float *param_3,float *param_4,float *param_5, undefined4 param_6	race	ALREADY:shadow-site-present
00575fe0	FUN_00575fe0	RwpSolverCore17.cpp	third-party-library[RenderWare-Physics-3.7]	ret	uint	__cdecl	int param_1,uint *param_2,undefined4 param_3,int param_4,uint *param_5, int param_6,uint *param_7,float *param_8,float *param_9,uint param_10	race	ALREADY:shadow-site-present
00576640	FUN_00576640	RwpSolverCore16.cpp	third-party-library[RenderWare-Physics-3.7]	ret	uint	__cdecl	int *param_1,uint param_2,uint param_3,int param_4,int param_5	race	ALREADY:shadow-site-present
00576880	FUN_00576880	RwpSolverCore15.cpp	third-party-library[RenderWare-Physics-3.7]	ret	uint	__cdecl	float *param_1,uint param_2,float *param_3,uint param_4,float param_5, float param_6,float *param_7,float *param_8,uint *param_9,uint *param_10, float *param_11,float *param_12	race	ALREADY:shadow-site-present
00577be0	FUN_00577be0	RwpSolverCore14.cpp	third-party-library[RenderWare-Physics-3.7]	ret	undefined4	__cdecl	float *param_1,float *param_2,float param_3,float param_4,float *param_5,float *param_6	race	ALREADY:shadow-site-present
00577cb0	FUN_00577cb0	RwpSolverCore14.cpp	third-party-library[RenderWare-Physics-3.7]	ret	undefined4	__cdecl	float *param_1,uint param_2,float *param_3,float *param_4,float *param_5,uint *param_6	race	ALREADY:shadow-site-present
00577ec0	FUN_00577ec0	RwpSolverCore14.cpp	third-party-library[RenderWare-Physics-3.7]	ret	undefined4	__cdecl	float *param_1,float *param_2,float param_3,float param_4,float *param_5,float *param_6, float param_7,float param_8,float *param_9,float *param_10,float *param_11	race	ALREADY:shadow-site-present
005784a0	FUN_005784a0	RwpSolverCore14.cpp	third-party-library[RenderWare-Physics-3.7]	ret	undefined4	__cdecl	uint *param_1,float *param_2,float *param_3,float *param_4,float param_5	race	ALREADY:shadow-site-present
00578610	FUN_00578610	RwpSolverCore18.cpp	third-party-library[RenderWare-Physics-3.7]	ret	undefined4	__cdecl	undefined4 param_1,int *param_2,float param_3,float *param_4,float *param_5, float *param_6	race	ALREADY:shadow-site-present
00578b20	FUN_00578b20	RwpSolverCore17.cpp	third-party-library[RenderWare-Physics-3.7]	ret_float10	float10	__cdecl	int *param_1,float *param_2,float *param_3	race	ALREADY:shadow-site-present
00578bd0	FUN_00578bd0	RwpSolverCore17.cpp	third-party-library[RenderWare-Physics-3.7]	ret_float10	float10	__cdecl	int *param_1,float *param_2,float *param_3,float *param_4	race	ALREADY:shadow-site-present
00578cb0	FUN_00578cb0	RwpSolverCore17.cpp	third-party-library[RenderWare-Physics-3.7]	ret_float10	float10	__cdecl	int *param_1,float *param_2,float *param_3,float *param_4	race	ALREADY:shadow-site-present
00578d90	FUN_00578d90	RwpSolverCore17.cpp	third-party-library[RenderWare-Physics-3.7]	tracked	void	__cdecl	float *param_1,float *param_2,float *param_3,float *param_4	race	GENERATED
00578e50	FUN_00578e50	RwpSolverCore19.cpp	third-party-library[RenderWare-Physics-3.7]	ret	undefined4	__cdecl	undefined4 param_1,undefined4 param_2,float param_3,int param_4,undefined4 param_5	race	ALREADY:shadow-site-present
00578ff0	FUN_00578ff0	RwpSolverCore17.cpp	third-party-library[RenderWare-Physics-3.7]	ret	uint	__cdecl	uint *param_1,uint param_2,int param_3,uint *param_4,uint param_5,float param_6	race	ALREADY:shadow-site-present
00579b50	FUN_00579b50	RwpSolverCore16.cpp	third-party-library[RenderWare-Physics-3.7]	ret	undefined4	__cdecl	float *param_1,int param_2,float param_3	race	ALREADY:shadow-site-present
00579c00	FUN_00579c00	RwpSolverCore16.cpp	third-party-library[RenderWare-Physics-3.7]	ret	undefined4	__cdecl	float *param_1,uint param_2,int param_3,float *param_4	race	ALREADY:shadow-site-present
00579d50	FUN_00579d50	RwpSolverCore16.cpp	third-party-library[RenderWare-Physics-3.7]	ret_float10	float10	__cdecl	float *param_1,float *param_2,int param_3,int *param_4,float *param_5	race	ALREADY:shadow-site-present
00579e50	FUN_00579e50	RwpSolverCore16.cpp	third-party-library[RenderWare-Physics-3.7]	tracked	void	__cdecl	int param_1	race	GENERATED
00579ee0	FUN_00579ee0	RwpSolverCore16.cpp	third-party-library[RenderWare-Physics-3.7]	tracked	void	__cdecl	float *param_1	race	GENERATED
0057a250	FUN_0057a250	RwpSolverCore17.cpp	third-party-library[RenderWare-Physics-3.7]	ret	int	__cdecl	int *param_1,float *param_2,float param_3,int param_4,float *param_5, float *param_6,float *param_7,float param_8	race	ALREADY:shadow-site-present
0057a660	FUN_0057a660	RwpSolverCore17.cpp	third-party-library[RenderWare-Physics-3.7]	ret_float10	float10	__cdecl	int *param_1,float *param_2	race	ALREADY:shadow-site-present
0057a9a0	FUN_0057a9a0	RwpSolverCore18.cpp	third-party-library[RenderWare-Physics-3.7]	ret	undefined4	__cdecl	undefined4 param_1,int *param_2,float param_3,float *param_4,float *param_5, float *param_6,float param_7	race	ALREADY:shadow-site-present
0057adb0	FUN_0057adb0	RwpSolverCore19.cpp	third-party-library[RenderWare-Physics-3.7]	ret	undefined4	__cdecl	undefined4 param_1,undefined4 param_2,float param_3,int param_4,undefined4 param_5	race	ALREADY:shadow-site-present
0057ae20	FUN_0057ae20	RwpSolverCore16.cpp	third-party-library[RenderWare-Physics-3.7]	ret	int	__cdecl	int param_1	race	ALREADY:shadow-site-present
005a6e10	L2_FUN_005a6e10	L2_005a6e10.cpp	lane2	ret		__cdecl		race	GENERATED:lane2-decomp2port
005ad2e0	L2_FUN_005ad2e0	L2_005ad2e0.cpp	lane2	ret		__cdecl		race	SKIP:tu-missing-on-disk
005aed20	AudioVectorLengthFast	AudioVecLength.cpp	audio					race	SKIP:definition-count=0
005aeed0	L2_FUN_005aeed0	L2_005aeed0.cpp	lane2	ret		__cdecl		race	SKIP:irreversible-side-effect
005af010	L2_FUN_005af010	L2_005af010.cpp	lane2	ret		__cdecl		race	GENERATED:lane2-decomp2port
005b0f40	AudioQueuePop	AudioQueuePop.cpp	audio	ret	std::uint32_t	__cdecl	void* obj	race	ALREADY:shadow-site-present
005b8080	L2_FUN_005b8080	L2_005b8080.cpp	lane2	tracked	void	__cdecl		race	SKIP:irreversible-side-effect
00421980	L2_FUN_00421980	L2_00421980.cpp	lane2	tracked	void	__cdecl		race	GENERATED:lane2-decomp2port-tracked
00421960	L2_FUN_00421960	L2_00421960.cpp	lane2	tracked	void	__cdecl		race	SKIP:callee-arity
0041f290	L2_FUN_0041f290	L2_0041f290.cpp	lane2	tracked	void	__cdecl		race	GENERATED:lane2-decomp2port-tracked
004219c0	L2_FUN_004219c0	L2_004219c0.cpp	lane2	tracked	void	__cdecl		race	SKIP:hidden-reg-arg
00495fe0	L2_FUN_00495fe0	L2_00495fe0.cpp	lane2	tracked	void	__cdecl		race	SKIP:hidden-reg-arg
0041f060	L2_FUN_0041f060	L2_0041f060.cpp	lane2	tracked	void	__cdecl		race	GENERATED:lane2-decomp2port-tracked
0045dfc0	L2_FUN_0045dfc0	L2_0045dfc0.cpp	lane2	tracked	void	__cdecl		race	GENERATED:lane2-decomp2port-tracked
0045cc50	L2_FUN_0045cc50	L2_0045cc50.cpp	lane2	tracked	void	__cdecl		race	SKIP:tu-missing-on-disk
00426030	L2_FUN_00426030	L2_00426030.cpp	lane2	tracked	void	__cdecl		race	SKIP:tu-missing-on-disk
0048f740	L2_FUN_0048f740	L2_0048f740.cpp	lane2	tracked	void	__cdecl		race	GENERATED:lane2-decomp2port-tracked
0041f220	L2_FUN_0041f220	L2_0041f220.cpp	lane2	tracked	void	__cdecl		race	GENERATED:lane2-decomp2port-tracked
00442a20	L2_FUN_00442a20	L2_00442a20.cpp	lane2	tracked	void	__cdecl		race	GENERATED:lane2-decomp2port-tracked
0041f1e0	L2_FUN_0041f1e0	L2_0041f1e0.cpp	lane2	tracked	void	__cdecl		race	GENERATED:lane2-decomp2port-tracked
00485070	L2_FUN_00485070	L2_00485070.cpp	lane2	tracked	void	__cdecl		race	GENERATED:lane2-decomp2port-tracked
00489890	L2_FUN_00489890	L2_00489890.cpp	lane2	tracked	void	__cdecl		race	GENERATED:lane2-decomp2port-tracked
00494a80	L2_FUN_00494a80	L2_00494a80.cpp	lane2	tracked	void	__cdecl		race	GENERATED:lane2-decomp2port-tracked
005ab1c0	L2_FUN_005ab1c0	L2_005ab1c0.cpp	lane2	tracked	void	__cdecl		race	GENERATED:lane2-decomp2port-tracked
00475ef0	L2_FUN_00475ef0	L2_00475ef0.cpp	lane2	tracked	void	__cdecl		race	GENERATED:lane2-decomp2port-tracked
005aa7a0	L2_FUN_005aa7a0	L2_005aa7a0.cpp	lane2	tracked	void	__cdecl		race	GENERATED:lane2-decomp2port-tracked
00421560	L2_FUN_00421560	L2_00421560.cpp	lane2	tracked	void	__cdecl		race	GENERATED:lane2-idiom-rwslot
0048fce0	L2_FUN_0048fce0	L2_0048fce0.cpp	lane2	tracked	void	__cdecl		race	GENERATED:lane2-idiom-rwslot
0048fd10	L2_FUN_0048fd10	L2_0048fd10.cpp	lane2	tracked	void	__cdecl		race	GENERATED:lane2-idiom-rwslot
0048fd40	L2_FUN_0048fd40	L2_0048fd40.cpp	lane2	tracked	void	__cdecl		race	GENERATED:lane2-idiom-rwslot
00457610	L2_FUN_00457610	L2_00457610.cpp	lane2	tracked	void	__cdecl		race	GENERATED:lane2-idiom-rwslot
00486f50	L2_FUN_00486f50	L2_00486f50.cpp	lane2	tracked	void	__cdecl		race	GENERATED:lane2-idiom-rwslot
00490490	L2_FUN_00490490	L2_00490490.cpp	lane2	tracked	void	__cdecl		race	GENERATED:lane2-idiom-rwslot
