frame,call,rec,framectr,pre_live,pre_px,pre_py,pre_pz,pre_dx,pre_dy,pre_dz,pre_bias,pre_age,pre_speed,pre_tgt0,pre_tgt1,post_live,post_px,post_py,post_pz,post_dx,post_dy,post_dz,post_bias,post_age,post_speed,post_tgt0,post_tgt1
918,917,0,918,1,0x3f027073,0x3f54f2d7,0xc04b114c,0x0,0x0,0x0,0x0,0x0,0x3e07ef79,-1,-1,1,0x3f032df1,0x3f55ad5d,0xc05390e3,0x3b3d7e7e,0x3b3a8636,0xbe07f971,0xbd42fc9a,0x3c888888,0x3e0809b0,-1,-1
919,918,0,919,1,0x3f032df1,0x3f55ad5d,0xc05390e3,0x3b3d7e7e,0x3b3a8636,0xbe07f971,0xbd42fc9a,0x3c888888,0x3e0809b0,-1,-1,1,0x3f0103a5,0x3f4655ad,0xc05c06f7,0xbc0a9302,0xbd757afd,0xbe07613c,0x3cb56bd4,0x3d088888,0x3e083e1e,-1,-1
920,919,0,920,1,0x3f0103a5,0x3f4655ad,0xc05c06f7,0xbc0a9302,0xbd757afd,0xbe07613c,0x3cb56bd4,0x3d088888,0x3e083e1e,-1,-1,1,0x3ef8ac45,0x3f45689a,0xc0645197,0xbc95b056,0xbb6d1328,0xbe04a9ff,0x3cb101ac,0x3d4ccccc,0x3e088cc3,-1,-1
921,920,0,921,1,0x3ef8ac45,0x3f45689a,0xc0645197,0xbc95b056,0xbb6d1328,0xbe04a9ff,0x3cb101ac,0x3d4ccccc,0x3e088cc3,-1,-1,1,0x3eebaa2d,0x3f41bb31,0xc06c66be,0xbcd02181,0xbc6b5a34,0xbe015274,0x3d0dd830,0x3d888888,0x3e08f59f,-1,-1
922,921,0,922,1,0x3eebaa2d,0x3f41bb31,0xc06c66be,0xbcd02181,0xbc6b5a34,0xbe015274,0x3d0dd830,0x3d888888,0x3e08f59f,-1,-1,1,0x3edc9beb,0x3f3fdb19,0xc07457cf,0xbcf0e41e,0xbbf00c18,0xbdfe2218,0x3d1f7f5e,0x3daaaaaa,0x3e0978b1,-1,-1
923,922,0,923,1,0x3edc9beb,0x3f3fdb19,0xc07457cf,0xbcf0e41e,0xbbf00c18,0xbdfe2218,0x3d1f7f5e,0x3daaaaaa,0x3e0978b1,-1,-1,1,0x3ecd22f6,0x3f3ec47b,0xc07c4962,0xbcf78f49,0xbb8b4f00,0xbdfe3269,0x3d2167ce,0x3dcccccc,0x3e0a15fa,-1,-1
924,923,0,924,1,0x3ecd22f6,0x3f3ec47b,0xc07c4962,0xbcf78f49,0xbb8b4f00,0xbdfe3269,0x3d2167ce,0x3dcccccc,0x3e0a15fa,-1,-1,1,0x3ebee403,0x3f3ebbe6,0xc0823215,0xbce3ef29,0xb9095800,0xbe01ac84,0x3d0eaa4e,0x3deeeeee,0x3e0acd7a,-1,-1
925,924,0,925,1,0x3ebee403,0x3f3ebbe6,0xc0823215,0xbce3ef29,0xb9095800,0xbe01ac84,0x3d0eaa4e,0x3deeeeee,0x3e0acd7a,-1,-1,1,0x3eb38f14,0x3f3fa8dd,0xc086622c,0xbcb54eeb,0x3b6cf6e0,0xbe0602d0,0x3cd1aaec,0x3e088888,0x3e0b9f31,-1,-1
926,925,0,926,1,0x3eb38f14,0x3f3fa8dd,0xc086622c,0xbcb54eeb,0x3b6cf6e0,0xbe0602d0,0x3cd1aaec,0x3e088888,0x3e0b9f31,-1,-1,1,0x3eacc0bb,0x3f415f24,0xc08ab677,0xbc59cb19,0x3bdb23b4,0xbe0a8955,0x3c4a7d58,0x3e199999,0x3e0c8b1f,-1,-1
927,926,0,927,1,0x3eacc0bb,0x3f415f24,0xc08ab677,0xbc59cb19,0x3bdb23b4,0xbe0a8955,0x3c4a7d58,0x3e199999,0x3e0c8b1f,-1,-1,1,0x3eabade5,0x3f438cf0,0xc08f226f,0xbb096b1c,0x3c0b731a,0xbe0d7f0f,0xbb6ff920,0x3e2aaaaa,0x3e0d9144,-1,-1
928,927,0,928,1,0x3eabade5,0x3f438cf0,0xc08f226f,0xbb096b1c,0x3c0b731a,0xbe0d7f0f,0xbb6ff920,0x3e2aaaaa,0x3e0d9144,-1,-1,1,0x3eb0c49f,0x3f45bf17,0xc09390a7,0x3c22d733,0x3c0c89a9,0xbe0dc70c,0xbca21a34,0x3e3bbbbb,0x3e0eb1a0,-1,-1
929,928,0,929,1,0x3eb0c49f,0x3f45bf17,0xc09390a7,0x3c22d733,0x3c0c89a9,0xbe0dc70c,0xbca21a34,0x3e3bbbbb,0x3e0eb1a0,-1,-1,1,0x3ebb8657,0x3f47b3c0,0xc097ecb5,0x3cac1b80,0x3bfa5484,0xbe0b81b3,0xbd0dece4,0x3e4ccccc,0x3e0fec33,-1,-1
930,929,0,930,1,0x3ebb8657,0x3f47b3c0,0xc097ecb5,0x3cac1b80,0x3bfa5484,0xbe0b81b3,0xbd0dece4,0x3e4ccccc,0x3e0fec33,-1,-1,1,0x3ecab9b6,0x3f491000,0xc09c2cd1,0x3cf335f2,0x3bae1fe8,0xbe08038e,0xbd3e54c4,0x3e5ddddd,0x3e1140fd,-1,-1
931,930,0,931,1,0x3ecab9b6,0x3f491000,0xc09c2cd1,0x3cf335f2,0x3bae1fe8,0xbe08038e,0xbd3e54c4,0x3e5ddddd,0x3e1140fd,-1,-1,1,0x3edccc24,0x3f4997fc,0xc0a05659,0x3d109370,0x3b07fc80,0xbe053107,0xbd4ccccd,0x3e6eeeee,0x3e12affd,-1,-1
932,931,0,932,1,0x3edccc24,0x3f4997fc,0xc0a05659,0x3d109370,0x3b07fc80,0xbe053107,0xbd4ccccd,0x3e6eeeee,0x3e12affd,-1,-1,1,0x3ef01c4b,0x3f4a32b2,0xc0a47bc5,0x3d1a8137,0x3b1ab5f0,0xbe04ad81,0xbd4ccccd,0x3e7fffff,0x3e143934,-1,-1
933,932,0,933,1,0x3ef01c4b,0x3f4a32b2,0xc0a47bc5,0x3d1a8137,0x3b1ab5f0,0xbe04ad81,0xbd4ccccd,0x3e7fffff,0x3e143934,-1,-1,1,0x3f018444,0x3f4a760f,0xc0a8b5df,0x3d1761ec,0x3a86b9a0,0xbe074336,0xbd4ccccd,0x3e888888,0x3e15dca2,-1,-1
934,933,0,934,1,0x3f018444,0x3f4a760f,0xc0a8b5df,0x3d1761ec,0x3a86b9a0,0xbe074336,0xbd4ccccd,0x3e888888,0x3e15dca2,-1,-1,1,0x3f09ec41,0x3f490df0,0xc0ad1ae2,0x3d067fcf,0xbbb40f98,0xbe0ca066,0xbd4ccccd,0x3e911110,0x3e179a47,-1,-1
935,934,0,935,1,0x3f09ec41,0x3f490df0,0xc0ad1ae2,0x3d067fcf,0xbbb40f98,0xbe0ca066,0xbd4ccccd,0x3e911110,0x3e179a47,-1,-1,1,0x3f105e25,0x3f44bf74,0xc0b1b616,0x3cce3c8d,0xbc89cf8e,0xbe136677,0xbd4ccccd,0x3e999998,0x3e197223,-1,-1
936,935,0,936,1,0x3f105e25,0x3f44bf74,0xc0b1b616,0x3cce3c8d,0xbc89cf8e,0xbe136677,0xbd4ccccd,0x3e999998,0x3e197223,-1,-1,1,0x3f140613,0x3f3c8eee,0xc0b682e0,0x3c69fb87,0xbd030860,0xbe199942,0xbc957b80,0x3ea22220,0x3e1b6436,-1,-1
937,936,0,937,1,0x3f140613,0x3f3c8eee,0xc0b682e0,0x3c69fb87,0xbd030860,0xbe199942,0xbc957b80,0x3ea22220,0x3e1b6436,-1,-1,1,0x3f145d37,0x3f380aa7,0xc0bb6e55,0x3aae48bd,0xbc9088e8,0xbe1d6eae,0xbb1c9e60,0x3eaaaaa8,0x3e1d7080,-1,-1
938,937,0,938,1,0x3f145d37,0x3f380aa7,0xc0bb6e55,0x3aae48bd,0xbc9088e8,0xbe1d6eae,0xbb1c9e60,0x3eaaaaa8,0x3e1d7080,-1,-1,1,0x3f115882,0x3f331523,0xc0c05fc5,0xbc412d57,0xbc9eb087,0xbe1e2df7,0x3c7fcd00,0x3eb33330,0x3e1f9701,-1,-1
939,938,0,939,1,0x3f115882,0x3f331523,0xc0c05fc5,0xbc412d57,0xbc9eb087,0xbe1e2df7,0x3c7fcd00,0x3eb33330,0x3e1f9701,-1,-1,1,0x3f0b6bb3,0x3f2eba59,0xc0c5445c,0xbcbd99e0,0xbc8b5940,0xbe1c92ea,0x3cfd2834,0x3ebbbbb8,0x3e21d7b8,-1,-1
940,939,0,940,1,0x3f0b6bb3,0x3f2eba59,0xc0c5445c,0xbcbd99e0,0xbc8b5940,0xbe1c92ea,0x3cfd2834,0x3ebbbbb8,0x3e21d7b8,-1,-1,1,0x3f036145,0x3f2b3d77,0xc0ca17c5,0xbd00a6dd,0xbc5f389c,0xbe1a6d23,0x3d2c34b0,0x3ec44440,0x3e2432a6,-1,-1
941,940,0,941,1,0x3f036145,0x3f2b3d77,0xc0ca17c5,0xbd00a6dd,0xbc5f389c,0xbe1a6d23,0x3d2c34b0,0x3ec44440,0x3e2432a6,-1,-1,1,0x3ef45149,0x3f28d614,0xc0cee5ca,0xbd138a09,0xbc19d8d8,0xbe19c091,0x3d444258,0x3eccccc8,0x3e26a7cb,-1,-1
942,941,0,942,1,0x3ef45149,0x3f28d614,0xc0cee5ca,0xbd138a09,0xbc19d8d8,0xbe19c091,0x3d444258,0x3eccccc8,0x3e26a7cb,-1,-1,1,0x3ee17789,0x3f27a334,0xc0d3c52a,0xbd16cdff,0xbb996ff0,0xbe1bebfd,0x3d43def8,0x3ed55550,0x3e293727,-1,-1
943,942,0,943,1,0x3ee17789,0x3f27a334,0xc0d3c52a,0xbd16cdff,0xbb996ff0,0xbe1bebfd,0x3d43def8,0x3ed55550,0x3e293727,-1,-1,1,0x3ed03fdb,0x3f27a98c,0xc0d8ce55,0xbd09bd6f,0x38caf400,0xbe212569,0x3d2a323c,0x3eddddd8,0x3e2be0ba,-1,-1
944,943,0,944,1,0x3ed03fdb,0x3f27a98c,0xc0d8ce55,0xbd09bd6f,0x38caf400,0xbe212569,0x3d2a323c,0x3eddddd8,0x3e2be0ba,-1,-1,1,0x3ec2d14c,0x3f28d50a,0xc0de1131,0xbcd6e8f1,0x3b95bf08,0xbe285b8f,0x3cf0fc1c,0x3ee66660,0x3e2ea484,-1,-1
945,944,0,945,1,0x3ec2d14c,0x3f28d50a,0xc0de1131,0xbcd6e8f1,0x3b95bf08,0xbe285b8f,0x3cf0fc1c,0x3ee66660,0x3e2ea484,-1,-1,1,0x3ebb3d8d,0x3f2af17b,0xc0e38d6b,0xbc7277d6,0x3c071c56,0xbe2f8734,0x3c4b6088,0x3eeeeee8,0x3e318285,-1,-1
946,945,0,946,1,0x3ebb3d8d,0x3f2af17b,0xc0e38d6b,0xbc7277d6,0x3c071c56,0xbe2f8734,0x3c4b6088,0x3eeeeee8,0x3e318285,-1,-1,1,0x3ebb0c34,0x3f2da644,0xc0e9312c,0xb9c56583,0x3c2d3244,0xbe34781c,0xbbfbd2e0,0x3ef77770,0x3e347abd,-1,-1
947,946,0,947,1,0x3ebb0c34,0x3f2da644,0xc0e9312c,0xb9c56583,0x3c2d3244,0xbe34781c,0xbbfbd2e0,0x3ef77770,0x3e347abd,-1,-1,1,0x3ec2bfc4,0x3f307e43,0xc0eee048,0x3c767205,0x3c35ffd0,0xbe35e389,0xbce98bbc,0x3efffff8,0x3e378d2c,-1,-1
948,947,0,948,1,0x3ec2bfc4,0x3f307e43,0xc0eee048,0x3c767205,0x3c35ffd0,0xbe35e389,0xbce98bbc,0x3efffff8,0x3e378d2c,-1,-1,1,0x3ed1aba8,0x3f32fc8c,0xc0f48136,0x3ceebe3a,0x3c1f925c,0xbe341dcf,0xbd42c82e,0x3f044440,0x3e3ab9d1,-1,-1
949,948,0,949,1,0x3ed1aba8,0x3f32fc8c,0xc0f48136,0x3ceebe3a,0x3c1f925c,0xbe341dcf,0xbd42c82e,0x3f044440,0x3e3ab9d1,-1,-1,1,0x3ee639ca,0x3f34b34b,0xc0fa091f,0x3d247114,0x3bdb5fa0,0xbe30fd22,0xbd4ccccd,0x3f088884,0x3e3e00ad,-1,-1
950,949,0,950,1,0x3ee639ca,0x3f34b34b,0xc0fa091f,0x3d247114,0x3bdb5fa0,0xbe30fd22,0xbd4ccccd,0x3f088884,0x3e3e00ad,-1,-1,1,0x3efe6577,0x3f388f06,0xc0ff8100,0x3d415d67,0x3c76eedc,0xbe2efc19,0xbd4ccccd,0x3f0cccc8,0x3e4161c0,-1,-1
951,950,0,951,1,0x3efe6577,0x3f388f06,0xc0ff8100,0x3d415d67,0x3c76eedc,0xbe2efc19,0xbd4ccccd,0x3f0cccc8,0x3e4161c0,-1,-1,1,0x3f0c089f,0x3f3d940a,0xc1028136,0x3d4d5e39,0x3ca0a08a,0xbe302d81,0xbd4ccccd,0x3f11110c,0x3e44dd0a,-1,-1
952,951,0,952,1,0x3f0c089f,0x3f3d940a,0xc1028136,0x3d4d5e39,0x3ca0a08a,0xbe302d81,0xbd4ccccd,0x3f11110c,0x3e44dd0a,-1,-1,1,0x3f1887e5,0x3f41ff6c,0xc1055725,0x3d47f460,0x3c8d6c4a,0xbe357bb2,0xbd4ccccd,0x3f155550,0x3e48728b,-1,-1
953,952,0,953,1,0x3f1887e5,0x3f41ff6c,0xc1055725,0x3d47f460,0x3c8d6c4a,0xbe357bb2,0xbd4ccccd,0x3f155550,0x3e48728b,-1,-1,1,0x3f2382dd,0x3f440674,0xc1085073,0x3d2faf7f,0x3c01c1ec,0xbe3e5361,0xbd4ccccd,0x3f199994,0x3e4c2243,-1,-1
954,953,0,954,1,0x3f2382dd,0x3f440674,0xc1085073,0x3d2faf7f,0x3c01c1ec,0xbe3e5361,0xbd4ccccd,0x3f199994,0x3e4c2243,-1,-1,1,0x3f2bb9c9,0x3f41ff11,0xc10b7367,0x3d036ebc,0xbc01d8dc,0xbe48bd05,0xbd4ccccd,0x3f1dddd8,0x3e4fec32,-1,-1
955,954,0,955,1,0x3f2bb9c9,0x3f41ff11,0xc10b7367,0x3d036ebc,0xbc01d8dc,0xbe48bd05,0xbd4ccccd,0x3f1dddd8,0x3e4fec32,-1,-1,1,0x3f300d7a,0x3f3a971d,0xc10ebb67,0x3c8a7625,0xbcecfe73,0xbe520006,0xbd4ccccd,0x3f22221c,0x3e53d058,-1,-1
956,955,0,956,1,0x3f300d7a,0x3f3a971d,0xc10ebb67,0x3c8a7625,0xbcecfe73,0xbe520006,0xbd4ccccd,0x3f22221c,0x3e53d058,-1,-1,1,0x3f2fd029,0x3f2d0f8a,0xc1121a8b,0xba754482,0xbd587930,0xbe57c91c,0xbd4ccccd,0x3f266660,0x3e57ceb5,-1,-1
957,956,0,957,1,0x3f2fd029,0x3f2d0f8a,0xc1121a8b,0xba754482,0xbd587930,0xbe57c91c,0xbd4ccccd,0x3f266660,0x3e57ceb5,-1,-1,1,0x3f2b01cf,0x3f1964c4,0xc1157fe0,0xbc99cb4f,0xbd9d5634,0xbe595522,0x3c326ad8,0x3f2aaaa4,0x3e5be748,-1,-1
958,957,0,958,1,0x3f2b01cf,0x3f1964c4,0xc1157fe0,0xbc99cb4f,0xbd9d5634,0xbe595522,0x3c326ad8,0x3f2aaaa4,0x3e5be748,-1,-1,1,0x3f224d9a,0x3f0fe92c,0xc118df5c,0xbd0b4352,0xbd17b979,0xbe57df10,0x3d4887c8,0x3f2eeee8,0x3e601a12,-1,-1
959,958,0,959,1,0x3f224d9a,0x3f0fe92c,0xc118df5c,0xbd0b4352,0xbd17b979,0xbe57df10,0x3d4887c8,0x3f2eeee8,0x3e601a12,-1,-1,1,0x3f16cfba,0x3f0c21bc,0xc11c375f,0xbd37de05,0xbc71dc08,0xbe5600d8,0x3d72ac6a,0x3f33332c,0x3e646713,-1,-1
960,959,0,960,1,0x3f16cfba,0x3f0c21bc,0xc11c375f,0xbd37de05,0xbc71dc08,0xbe5600d8,0x3d72ac6a,0x3f33332c,0x3e646713,-1,-1,1,0x3f09d41c,0x3f08bff7,0xc11f913e,0xbd4fb9de,0xbc587150,0xbe5677dd,0x3d8a668c,0x3f377770,0x3e68ce4b,-1,-1
961,960,0,961,1,0x3f09d41c,0x3f08bff7,0xc11f913e,0xbd4fb9de,0xbc587150,0xbe5677dd,0x3d8a668c,0x3f377770,0x3e68ce4b,-1,-1,1,0x3ef9705e,0x3f075587,0xc122fd42,0xbd51becd,0xbbb53820,0xbe5b00f3,0x3d8772d8,0x3f3bbbb4,0x3e6d4fba,-1,-1
962,961,0,962,1,0x3ef9705e,0x3f075587,0xc122fd42,0xbd51becd,0xbbb53820,0xbe5b00f3,0x3d8772d8,0x3f3bbbb4,0x3e6d4fba,-1,-1,1,0x3ee1ddef,0x3f078f7a,0xc1268bf9,0xbd3c937b,0x3a67cd80,0xbe63adcd,0x3d66cb8e,0x3f3ffff8,0x3e71eb60,-1,-1
963,962,0,963,1,0x3ee1ddef,0x3f078f7a,0xc1268bf9,0xbd3c937b,0x3a67cd80,0xbe63adcd,0x3d66cb8e,0x3f3ffff8,0x3e71eb60,-1,-1,1,0x3ed0024e,0x3f096638,0xc12a4718,0xbd0edd09,0x3beb5ec8,0xbe6ec7d8,0x3d1cb580,0x3f44443c,0x3e76a13d,-1,-1
964,963,0,964,1,0x3ed0024e,0x3f096638,0xc12a4718,0xbd0edd09,0x3beb5ec8,0xbe6ec7d8,0x3d1cb580,0x3f44443c,0x3e76a13d,-1,-1,1,0x3ec6c346,0x3f0c85fe,0xc12e2c72,0xbc93f07d,0x3c47f1a0,0xbe795699,0x3c5d11e8,0x3f488880,0x3e7b7151,-1,-1
965,964,0,965,1,0x3ec6c346,0x3f0c85fe,0xc12e2c72,0xbc93f07d,0x3c47f1a0,0xbe795699,0x3c5d11e8,0x3f488880,0x3e7b7151,-1,-1,1,0x3ec82aea,0x3f106d4c,0xc1322dca,0x3b33d1d7,0x3c79d363,0xbe802b07,0xbc7b6c38,0x3f4cccc4,0x3e802dce,-1,-1
966,965,0,966,1,0x3ec82aea,0x3f106d4c,0xc1322dca,0x3b33d1d7,0x3c79d363,0xbe802b07,0xbc7b6c38,0x3f4cccc4,0x3e802dce,-1,-1,1,0x3ed4bfb6,0x3f147206,0xc13636a3,0x3cc94cc1,0x3c809740,0xbe811b28,0xbd379206,0x3f511108,0x3e82b00f,-1,-1
967,966,0,967,1,0x3ed4bfb6,0x3f147206,0xc13636a3,0x3cc94cc1,0x3c809740,0xbe811b28,0xbd379206,0x3f511108,0x3e82b00f,-1,-1,1,0x3eeb5ceb,0x3f17e2d8,0xc13a35b2,0x3d34e9a9,0x3c5c3488,0xbe7fc3b4,0xbd4ccccd,0x3f55554c,0x3e853f6b,-1,-1
968,967,0,968,1,0x3eeb5ceb,0x3f17e2d8,0xc13a35b2,0x3d34e9a9,0x3c5c3488,0xbe7fc3b4,0xbd4ccccd,0x3f55554c,0x3e853f6b,-1,-1,1,0x3f04d16a,0x3f1f9d39,0xc13e249b,0x3d722f41,0x3cf74c12,0xbe7bba3d,0xbd4ccccd,0x3f599990,0x3e87cec7,-1,-1
969,968,0,969,1,0x3f04d16a,0x3f1f9d39,0xc13e249b,0x3d722f41,0x3cf74c12,0xbe7bba3d,0xbd4ccccd,0x3f599990,0x3e87cec7,-1,-1,1,0x3f165302,0x3f2afe13,0xc1420b35,0x3d8c0cbc,0x3d360da5,0xbe79a69f,0xbd4ccccd,0x3f5dddd4,0x3e8a5e23,-1,-1
970,969,0,970,1,0x3f165302,0x3f2afe13,0xc1420b35,0x3d8c0cbc,0x3d360da5,0xbe79a69f,0xbd4ccccd,0x3f5dddd4,0x3e8a5e23,-1,-1,1,0x3f28ae36,0x3f37abe4,0xc145fc7b,0x3d92d99f,0x3d4add09,0xbe7c516d,0xbd4ccccd,0x3f622218,0x3e8ced7f,-1,-1
971,970,0,971,1,0x3f28ae36,0x3f37abe4,0xc145fc7b,0x3d92d99f,0x3d4add09,0xbe7c516d,0xbd4ccccd,0x3f622218,0x3e8ced7f,-1,-1,1,0x3f3a4f28,0x3f431aeb,0xc14a0f72,0x3d8d0791,0x3d36f073,0xbe825eee,0xbd4ccccd,0x3f66665c,0x3e8f7cdb,-1,-1
972,971,0,972,1,0x3f3a4f28,0x3f431aeb,0xc14a0f72,0x3d8d0791,0x3d36f073,0xbe825eee,0xbd4ccccd,0x3f66665c,0x3e8f7cdb,-1,-1,1,0x3f497f7b,0x3f4abc7b,0xc14e5686,0x3d730534,0x3cf4320e,0xbe88e27b,0xbd4ccccd,0x3f6aaaa0,0x3e920c37,-1,-1
973,972,0,973,1,0x3f497f7b,0x3f4abc7b,0xc14e5686,0x3d730534,0x3cf4320e,0xbe88e27b,0xbd4ccccd,0x3f6aaaa0,0x3e920c37,-1,-1,1,0x3f54774f,0x3f4c3db8,0xc152d7df,0x3d2f7d42,0x3bc09e88,0xbe902b1f,0xbd4ccccd,0x3f6eeee4,0x3e949b93,-1,-1
974,973,0,974,1,0x3f54774f,0x3f4c3db8,0xc152d7df,0x3d2f7d42,0x3bc09e88,0xbe902b1f,0xbd4ccccd,0x3f6eeee4,0x3e949b93,-1,-1,1,0x3f59b00a,0x3f45da03,0xc15789f5,0x3ca71757,0xbccc76ab,0xbe9642b4,0xbd4ccccd,0x3f733328,0x3e972aef,-1,-1
975,974,0,975,1,0x3f59b00a,0x3f45da03,0xc15789f5,0x3ca71757,0xbccc76ab,0xbe9642b4,0xbd4ccccd,0x3f733328,0x3e972aef,-1,-1,1,0x3f58589b,0x3f36ad8a,0xc15c5701,0xbbabb758,0xbd72c78c,0xbe99a186,0xbd4ccccd,0x3f77776c,0x3e99ba4b,-1,-1
976,975,0,976,1,0x3f58589b,0x3f36ad8a,0xc15c5701,0xbbabb758,0xbd72c78c,0xbe99a186,0xbd4ccccd,0x3f77776c,0x3e99ba4b,-1,-1,1,0x3f509f5a,0x3f1ee6c6,0xc16126ba,0xbcf7282e,0xbdbe3620,0xbe99f71c,0xbd4ccccd,0x3f7bbbb0,0x3e9c49a7,-1,-1
977,976,0,977,1,0x3f509f5a,0x3f1ee6c6,0xc16126ba,0xbcf7282e,0xbdbe3620,0xbe99f71c,0xbd4ccccd,0x3f7bbbb0,0x3e9c49a7,-1,-1,1,0x3f439d99,0x3eff8288,0xc165e980,0xbd501c13,0xbdf92c0e,0xbe9858bf,0xbd4ccccd,0x3f7ffff4,0x3e9ed903,-1,-1
978,977,0,978,1,0x3f439d99,0x3eff8288,0xc165e980,0xbd501c13,0xbdf92c0e,0xbe9858bf,0xbd4ccccd,0x3f7ffff4,0x3e9ed903,-1,-1,1,0x3f32fbf8,0x3eb6a283,0xc16a9f1e,0xbd850d04,0xbe11c00a,0xbe96b3b9,0x3dd98a0a,0x3f82221c,0x3ea1685f,-1,-1
979,978,0,979,1,0x3f32fbf8,0x3eb6a283,0xc16a9f1e,0xbd850d04,0xbe11c00a,0xbe96b3b9,0x3dd98a0a,0x3f82221c,0x3ea1685f,-1,-1,1,0x3f2098f8,0x3eb87556,0xc16f564f,0xbd931802,0x3b6969a0,0xbe96e614,0x3db8e197,0x3f84443e,0x3ea3f7bb,-1,-1
980,979,0,980,1,0x3f2098f8,0x3eb87556,0xc16f564f,0xbd931802,0x3b6969a0,0xbe96e614,0x3db8e197,0x3f84443e,0x3ea3f7bb,-1,-1,1,0x3f0e65db,0x3eb2c096,0xc1742628,0xbd9198ea,0xbc369800,0xbe99fb30,0x3dbd63f7,0x3f866660,0x3ea68717,-1,-1
981,980,0,981,1,0x3f0e65db,0x3eb2c096,0xc1742628,0xbd9198ea,0xbc369800,0xbe99fb30,0x3dbd63f7,0x3f866660,0x3ea68717,-1,-1,1,0x3efcdccc,0x3eb4e5a2,0xc1792458,0xbd7f7754,0x3b8942e0,0xbe9fc60c,0x3d99be07,0x3f888882,0x3ea91673,-1,-1
982,981,0,982,1,0x3efcdccc,0x3eb4e5a2,0xc1792458,0xbd7f7754,0x3b8942e0,0xbe9fc60c,0x3d99be07,0x3f888882,0x3ea91673,-1,-1,1,0x3ee5a29a,0x3eba944c,0xc17e5b6d,0xbd39d190,0x3c35d538,0xbea6e297,0x3d4697f6,0x3f8aaaa4,0x3eaba5cf,-1,-1
983,982,0,983,1,0x3ee5a29a,0x3eba944c,0xc17e5b6d,0xbd39d190,0x3c35d538,0xbea6e297,0x3d4697f6,0x3f8aaaa4,0x3eaba5cf,-1,-1,1,0x3edaefdd,0x3ec3c4d0,0xc181e269,0xbcab2bcc,0x3c930848,0xbead2caf,0x3c52ae10,0x3f8cccc6,0x3eae352b,-1,-1
984,983,0,984,1,0x3edaefdd,0x3ec3c4d0,0xc181e269,0xbcab2bcc,0x3c930848,0xbead2caf,0x3c52ae10,0x3f8cccc6,0x3eae352b,-1,-1,1,0x3edf3156,0x3eceaf45,0xc184a510,0x3c082f1f,0x3caea750,0xbeb0a9d0,0xbcdf35a4,0x3f8eeee8,0x3eb0c487,-1,-1
985,984,0,985,1,0x3edf3156,0x3eceaf45,0xc184a510,0x3c082f1f,0x3caea750,0xbeb0a9d0,0xbcdf35a4,0x3f8eeee8,0x3eb0c487,-1,-1,1,0x3ef29f42,0x3ed98004,0xc187673c,0x3d1b6f61,0x3cad0bf6,0xbeb08b1b,0xbd4ccccd,0x3f91110a,0x3eb353e3,-1,-1
986,985,0,986,1,0x3ef29f42,0x3ed98004,0xc187673c,0x3d1b6f61,0x3cad0bf6,0xbeb08b1b,0xbd4ccccd,0x3f91110a,0x3eb353e3,-1,-1,1,0x3f099a41,0x3eeb14b1,0xc18a1ddd,0x3d825500,0x3d0ca567,0xbeada84c,0xbd4ccccd,0x3f93332c,0x3eb5e33f,-1,-1
987,986,0,987,1,0x3f099a41,0x3eeb14b1,0xc18a1ddd,0x3d825500,0x3d0ca567,0xbeada84c,0xbd4ccccd,0x3f93332c,0x3eb5e33f,-1,-1,1,0x3f1eb70c,0x3f0578b0,0xc18cc64a,0x3da8e654,0x3d7ee577,0xbeaa1b2f,0xbd4ccccd,0x3f95554e,0x3eb8729b,-1,-1
988,987,0,988,1,0x3f1eb70c,0x3f0578b0,0xc18cc64a,0x3da8e654,0x3d7ee577,0xbeaa1b2f,0xbd4ccccd,0x3f95554e,0x3eb8729b,-1,-1,1,0x3f369d0c,0x3f19bbcd,0xc18f675f,0x3dbf2fff,0x3da218e8,0xbea84533,0xbd4ccccd,0x3f977770,0x3ebb01f7,-1,-1
989,988,0,989,1,0x3f369d0c,0x3f19bbcd,0xc18f675f,0x3dbf2fff,0x3da218e8,0xbea84533,0xbd4ccccd,0x3f977770,0x3ebb01f7,-1,-1,1,0x3f4f3ad8,0x3f2f1556,0xc1920ec0,0x3dc4ee61,0x3daacc48,0xbea9d83d,0xbd4ccccd,0x3f999992,0x3ebd9153,-1,-1
990,989,0,990,1,0x3f4f3ad8,0x3f2f1556,0xc1920ec0,0x3dc4ee61,0x3daacc48,0xbea9d83d,0xbd4ccccd,0x3f999992,0x3ebd9153,-1,-1,1,0x3f666e9b,0x3f421895,0xc194cbbd,0x3db99e1b,0x3d9819fa,0xbeaf3f38,0xbd4ccccd,0x3f9bbbb4,0x3ec020af,-1,-1
991,990,0,991,1,0x3f666e9b,0x3f421895,0xc194cbbd,0x3db99e1b,0x3d9819fa,0xbeaf3f38,0xbd4ccccd,0x3f9bbbb4,0x3ec020af,-1,-1,1,0x3f79ee72,0x3f4f6b53,0xc197a986,0x3d9bfeb4,0x3d552bdf,0xbeb7725c,0xbd4ccccd,0x3f9dddd6,0x3ec2b00b,-1,-1
992,991,0,992,1,0x3f79ee72,0x3f4f6b53,0xc197a986,0x3d9bfeb4,0x3d552bdf,0xbeb7725c,0xbd4ccccd,0x3f9dddd6,0x3ec2b00b,-1,-1,1,0x3f83b5c8,0x3f541c42,0xc19aaa79,0x3d57d1e9,0x3c961dd6,0xbec03cb2,0xbd4ccccd,0x3f9ffff8,0x3ec53f67,-1,-1
993,992,0,993,1,0x3f83b5c8,0x3f541c42,0xc19aaa79,0x3d57d1e9,0x3c961dd6,0xbec03cb2,0xbd4ccccd,0x3f9ffff8,0x3ec53f67,-1,-1,1,0x3f86854f,0x3f4e0fd7,0xc19dc69b,0x3cb3e1df,0xbcc18d5e,0xbec7089a,0xbd4ccccd,0x3fa2221a,0x3ec7cec3,-1,-1
994,993,0,994,1,0x3f86854f,0x3f4e0fd7,0xc19dc69b,0x3cb3e1df,0xbcc18d5e,0xbec7089a,0xbd4ccccd,0x3fa2221a,0x3ec7cec3,-1,-1,1,0x3f84fc46,0x3f3c6518,0xc1a0eec4,0xbc4484a0,0xbd8d55f6,0xbeca0a45,0xbd4ccccd,0x3fa4443c,0x3eca5e1f,-1,-1
995,994,0,995,1,0x3f84fc46,0x3f3c6518,0xc1a0eec4,0xbc4484a0,0xbd8d55f6,0xbeca0a45,0xbd4ccccd,0x3fa4443c,0x3eca5e1f,-1,-1,1,0x3f7eb680,0x3f1fa754,0xc1a41378,0xbd3420c3,0xbde5ee1c,0xbec92d1f,0xbd4ccccd,0x3fa6665e,0x3ecced7b,-1,-1
996,995,0,996,1,0x3f7eb680,0x3f1fa754,0xc1a41378,0xbd3420c3,0xbde5ee1c,0xbec92d1f,0xbd4ccccd,0x3fa6665e,0x3ecced7b,-1,-1,1,0x3f6ce7a9,0x3ef36df0,0xc1a72bfb,0xbd8e76b8,0xbe17c16f,0xbec620cf,0xbd4ccccd,0x3fa88880,0x3ecf7cd7,-1,-1
997,996,0,997,1,0x3f6ce7a9,0x3ef36df0,0xc1a72bfb,0xbd8e76b8,0xbe17c16f,0xbec620cf,0xbd4ccccd,0x3fa88880,0x3ecf7cd7,-1,-1,1,0x3f56d006,0x3e9af4ba,0xc1aa39ec,0xbdb0bd19,0xbe30f26b,0xbec37c58,0x3df9385f,0x3faaaaa2,0x3ed20c33,-1,-1
998,997,0,998,1,0x3f56d006,0x3e9af4ba,0xc1aa39ec,0xbdb0bd19,0xbe30f26b,0xbec37c58,0x3df9385f,0x3faaaaa2,0x3ed20c33,-1,-1,1,0x3f3ee69e,0x3e94e3bc,0xc1ad4820,0xbdbf4b40,0xbc421fc8,0xbec38d1c,0x3e0bc6aa,0x3facccc4,0x3ed49b8f,-1,-1
999,998,0,999,1,0x3f3ee69e,0x3e94e3bc,0xc1ad4820,0xbdbf4b40,0xbc421fc8,0xbec38d1c,0x3e0bc6aa,0x3facccc4,0x3ed49b8f,-1,-1,1,0x3f27b33a,0x3e98a4ea,0xc1b065d3,0xbdb99b23,0x3bf04b80,0xbec76cd8,0x3e0263ba,0x3faeeee6,0x3ed72aeb,-1,-1
1000,999,0,1000,1,0x3f27b33a,0x3e98a4ea,0xc1b065d3,0xbdb99b23,0x3bf04b80,0xbec76cd8,0x3e0263ba,0x3faeeee6,0x3ed72aeb,-1,-1,1,0x3f13dae4,0x3ea1b929,0xc1b3a033,0xbd9ec2ac,0x3c9143f4,0xbece980c,0x3dd7622f,0x3fb11108,0x3ed9ba47,-1,-1
1001,1000,0,1001,1,0x3f13dae4,0x3ea1b929,0xc1b3a033,0xbd9ec2ac,0x3c9143f4,0xbece980c,0x3dd7622f,0x3fb11108,0x3ed9ba47,-1,-1,1,0x3f060c5f,0x3eb09727,0xc1b6fc62,0xbd5ce857,0x3ceddfe0,0xbed70bc9,0x3d8d0c3e,0x3fb3332a,0x3edc49a3,-1,-1
1002,1001,0,1002,1,0x3f060c5f,0x3eb09727,0xc1b6fc62,0xbd5ce857,0x3ceddfe0,0xbed70bc9,0x3d8d0c3e,0x3fb3332a,0x3edc49a3,-1,-1,1,0x3f009680,0x3ec39103,0xc1ba7451,0xbcaebbee,0x3d17cee2,0xbeddfbb8,0x3cb8abb4,0x3fb5554c,0x3eded8ff,-1,-1
1003,1002,0,1003,1,0x3f009680,0x3ec39103,0xc1ba7451,0xbcaebbee,0x3d17cee2,0xbeddfbb8,0x3cb8abb4,0x3fb5554c,0x3eded8ff,-1,-1,1,0x3f04c6b0,0x3ed892a3,0xc1bdf887,0x3c8605f6,0x3d280cff,0xbee10d94,0xbceb74b8,0x3fb7776e,0x3ee1685b,-1,-1
1004,1003,0,1004,1,0x3f04c6b0,0x3ed892a3,0xc1bdf887,0x3c8605f6,0x3d280cff,0xbee10d94,0xbceb74b8,0x3fb7776e,0x3ee1685b,-1,-1,0,0x3f12776a,0x3eed061e,0xc1c176cd,0x3d5b0b9a,0x3d239bda,0xbedf9181,0xbd4ccccd,0x3fb99990,0x3ee3f7b7,-1,-1
