tu,class,rows,C1,C2,C3,C4,n_code_addr,n_blank_addr,n_callouts,n_install_only,guarded,devonly_marker
Audio/AudioRws.cpp,BLOCKED-CALLOUT,20,0,0,20,0,0,27,10,0,False,False
Gameplay/ScoreMasks_ah3.cpp,BLOCKED-CALLOUT,10,0,0,5,5,1,23,2,10,False,False
Gameplay/RangeTable_ah1.cpp,BLOCKED-CALLOUT,9,0,0,6,3,0,0,1,10,False,False
Audio/AudioDSound.cpp,BLOCKED-CALLOUT,8,0,0,8,0,0,10,3,0,False,False
Audio/AudioMemory.cpp,BLOCKED-CALLOUT,5,0,0,4,1,0,5,2,0,False,False
HUD/FontCtx.cpp,BLOCKED-CALLOUT,7,0,2,4,1,0,4,13,0,False,False
Frontend/MenuMenusB.cpp,BLOCKED-CALLOUT,5,0,0,5,0,0,2,5,5,False,False
Render/PromoLoop_round256.cpp,BLOCKED-CALLOUT,5,0,0,5,0,0,0,3,5,False,False
Render/RwPluginHelpers_o3.cpp,BLOCKED-CALLOUT,5,0,0,3,2,1,0,1,4,False,False
Save/SettingsAndIO.cpp,BLOCKED-CALLOUT,5,0,0,0,5,0,0,7,5,False,False
Save/GameSave.cpp,BLOCKED-CALLOUT,4,0,0,0,4,0,1,3,4,False,False
HUD/HudBatch.cpp,BLOCKED-CALLOUT,4,0,0,0,4,6,0,6,4,False,False
Render/LowRvaMixed_q3.cpp,BLOCKED-CALLOUT,4,0,0,4,0,3,0,3,5,False,False
Render/LowRvaSetters_o2.cpp,BLOCKED-CALLOUT,4,0,0,4,0,7,0,7,4,False,False
Frontend/MenuMixed.cpp,BLOCKED-CALLOUT,5,0,1,4,0,13,0,12,5,False,False
Render/RwPluginHelpers_q1.cpp,BLOCKED-CALLOUT,4,0,0,4,0,1,0,1,4,False,False
Boot/Boot.cpp,BLOCKED-CALLOUT,3,0,0,3,0,0,0,1,3,False,False
Util/PromoLoop_round20.cpp,BLOCKED-CALLOUT,3,0,0,3,0,0,0,1,3,False,False
Render/PromoLoop_round253.cpp,BLOCKED-CALLOUT,4,0,1,3,0,0,0,2,4,False,False
Boot/PromoLoop_round6.cpp,BLOCKED-CALLOUT,3,0,0,3,0,0,0,1,3,False,False
Gameplay/Thresholds_ah4.cpp,BLOCKED-CALLOUT,3,0,0,1,2,0,5,1,4,False,False
Save/CareerEvents.cpp,BLOCKED-CALLOUT,2,0,0,0,2,0,0,2,2,False,False
Render/FrameWorldPasses.cpp,BLOCKED-CALLOUT,2,0,0,2,0,2,0,2,2,False,False
Util/PromoLoop_round24.cpp,BLOCKED-CALLOUT,2,0,0,1,1,0,0,1,2,False,False
Frontend/SkeletonAndScatter_t6.cpp,BLOCKED-CALLOUT,3,0,1,2,0,8,0,8,7,False,False
Frontend/SpriteCluster.cpp,BLOCKED-CALLOUT,2,0,0,1,1,0,0,17,2,False,False
Frontend/SpriteDispatch.cpp,BLOCKED-CALLOUT,2,0,0,1,1,2,0,2,2,False,False
Render/TextureLoaderCluster.cpp,BLOCKED-CALLOUT,2,0,0,2,0,0,0,3,4,False,False
Ai/AiLeaderTimer.cpp,BLOCKED-CALLOUT,1,0,0,1,0,5,1,5,1,False,False
Ai/AiPreTick.cpp,BLOCKED-CALLOUT,2,0,1,1,0,12,0,12,2,False,False
Ai/AiWallLateral.cpp,BLOCKED-CALLOUT,1,0,0,1,0,1,0,1,1,False,False
Frontend/BatchAA_s5.cpp,BLOCKED-CALLOUT,1,0,0,1,0,1,0,1,1,False,False
Vehicle/Damage.cpp,BLOCKED-CALLOUT,1,0,0,1,0,0,0,2,1,False,False
Input/DInput.cpp,BLOCKED-CALLOUT,1,0,0,1,0,0,0,1,1,False,False
HUD/HudStandingsRowUpdate.cpp,BLOCKED-CALLOUT,1,0,0,1,0,0,0,6,1,False,False
Lane2/L2_00421560.cpp,BLOCKED-CALLOUT,1,0,0,1,0,0,0,1,1,False,False
Lane2/L2_00457610.cpp,BLOCKED-CALLOUT,1,0,0,1,0,0,0,1,1,False,False
Lane2/L2_00486f50.cpp,BLOCKED-CALLOUT,1,0,0,1,0,0,0,1,1,False,False
Lane2/L2_0048fce0.cpp,BLOCKED-CALLOUT,1,0,0,1,0,0,0,1,1,False,False
Lane2/L2_0048fd10.cpp,BLOCKED-CALLOUT,1,0,0,1,0,0,0,1,1,False,False
Lane2/L2_0048fd40.cpp,BLOCKED-CALLOUT,1,0,0,1,0,0,0,1,1,False,False
Lane2/L2_00490490.cpp,BLOCKED-CALLOUT,1,0,0,1,0,0,0,1,1,False,False
Frontend/LogoOverlayTwin.cpp,BLOCKED-CALLOUT,1,0,0,0,1,2,1,2,1,False,False
Frontend/MenuAnimTickTwin.cpp,BLOCKED-CALLOUT,1,0,0,0,1,1,7,1,1,False,False
Frontend/MenuDrawLoopTwin.cpp,BLOCKED-CALLOUT,1,0,0,0,1,13,14,12,1,False,False
Frontend/MenuMenusMixed.cpp,BLOCKED-CALLOUT,1,0,0,1,0,1,0,1,1,False,False
Render/PerModeRender.cpp,BLOCKED-CALLOUT,1,0,0,1,0,0,0,10,1,False,False
Render/PromoLoop_round249.cpp,BLOCKED-CALLOUT,1,0,0,1,0,0,0,1,1,False,False
Render/PromoLoop_round250.cpp,BLOCKED-CALLOUT,1,0,0,1,0,0,1,2,1,False,False
Frontend/PromptStripTwin.cpp,BLOCKED-CALLOUT,1,0,0,0,1,4,5,2,1,False,False
Save/RwStream.cpp,BLOCKED-CALLOUT,1,0,0,0,1,0,0,3,1,False,False
Render/TextureLoader_q6.cpp,BLOCKED-CALLOUT,3,0,2,1,0,0,0,3,3,False,False
Util/TimeRecordWrite_ag.cpp,BLOCKED-CALLOUT,1,0,0,1,0,0,0,1,1,False,False
HUD/ViewportDimsSet_ag.cpp,BLOCKED-CALLOUT,1,0,0,1,0,0,0,1,1,False,False
Ai/AiController.cpp,BLOCKED-CALLOUT,3,0,3,0,0,24,0,24,3,False,False
Ai/AiControlStep.cpp,BLOCKED-CALLOUT,3,0,3,0,0,24,0,24,3,False,False
Ai/AiLineOfSight.cpp,BLOCKED-CALLOUT,0,0,0,0,0,2,0,2,1,False,False
Ai/AiWallAhead.cpp,BLOCKED-CALLOUT,0,0,0,0,0,5,0,5,1,False,False
Audio/AudioListSearch_wfb0f.cpp,BLOCKED-CALLOUT,0,0,0,0,0,0,1,1,0,False,False
Util/CameraEntryDispatch.cpp,BLOCKED-CALLOUT,0,0,0,0,0,0,0,3,1,False,False
Render/D3D9Helpers_q5.cpp,BLOCKED-CALLOUT,0,0,0,0,0,0,0,1,2,False,False
Lane2/L2_0041f060.cpp,BLOCKED-CALLOUT,0,0,0,0,0,0,0,1,1,False,False
Lane2/L2_0041f1e0.cpp,BLOCKED-CALLOUT,0,0,0,0,0,0,0,1,1,False,False
Lane2/L2_0041f220.cpp,BLOCKED-CALLOUT,0,0,0,0,0,0,0,1,1,False,False
Lane2/L2_0041f290.cpp,BLOCKED-CALLOUT,0,0,0,0,0,0,0,1,1,False,False
Lane2/L2_00442a20.cpp,BLOCKED-CALLOUT,0,0,0,0,0,0,0,1,1,False,False
Lane2/L2_00485070.cpp,BLOCKED-CALLOUT,0,0,0,0,0,0,0,2,1,False,False
Lane2/L2_00489890.cpp,BLOCKED-CALLOUT,0,0,0,0,0,0,0,2,1,False,False
Lane2/L2_00494a80.cpp,BLOCKED-CALLOUT,0,0,0,0,0,0,0,2,1,False,False
Particle/ParticleBurst_ac1.cpp,BLOCKED-CALLOUT,0,0,0,0,0,0,0,1,1,False,False
Frontend/RaceArmReset.cpp,BLOCKED-CALLOUT,0,0,0,0,0,0,0,2,1,False,False
Util/PromoLoop_round41.cpp,BLOCKED-CODEADDR,10,0,0,7,3,9,0,0,1,False,False
Vehicle/Replay.cpp,BLOCKED-CODEADDR,7,0,0,7,0,19,0,0,7,False,False
Input/DirectInput.cpp,BLOCKED-CODEADDR,5,0,0,5,0,2,7,0,6,False,False
Save/SettingsConfig.cpp,BLOCKED-CODEADDR,4,0,0,0,4,5,5,0,4,False,False
Render/RenderSubmit_o4.cpp,BLOCKED-CODEADDR,3,0,0,3,0,1,0,0,4,False,False
Save/SettingsDialog.cpp,BLOCKED-CODEADDR,3,0,0,0,3,4,0,0,3,False,False
Boot/CrtStartup.cpp,BLOCKED-CODEADDR,2,0,0,2,0,18,22,0,0,False,False
Gameplay/GameplayLeaves_ad3.cpp,BLOCKED-CODEADDR,1,0,0,1,0,1,0,0,3,False,False
Frontend/MenuOrdinalToPlayerSlot.cpp,BLOCKED-CODEADDR,1,0,0,1,0,1,5,0,1,False,False
Frontend/MenuSlotInit.cpp,BLOCKED-CODEADDR,1,0,0,1,0,1,2,0,1,False,False
Save/ReplayGetSize.cpp,BLOCKED-CODEADDR,1,0,0,0,1,1,1,0,1,False,False
Save/ReplayGetTimeAtIdx.cpp,BLOCKED-CODEADDR,1,0,0,1,0,1,0,0,1,False,False
Save/SettingsCfg.cpp,BLOCKED-CODEADDR,1,0,0,0,1,5,3,0,1,False,False
HUD/TextCluster.cpp,BLOCKED-CODEADDR,1,0,0,1,0,3,11,0,1,False,False
Harness/HarnessStubs.cpp,BLOCKED-CODEADDR,0,0,0,0,0,2,1,0,0,False,False
Compat/PizWin32Bypass.cpp,BLOCKED-CODEADDR,1,0,1,0,0,3,8,0,0,False,False
Util/UtilMid.cpp,BLOCKED-CODEADDR,0,0,0,0,0,42,47,0,5,False,False
Render/TrackNodeLeaves_o1.cpp,CHEAP,10,0,0,10,0,0,0,0,10,False,False
Frontend/SplashGameMode_t5.cpp,CHEAP,6,0,0,3,3,0,0,0,6,False,False
Render/D3d9StateCache.cpp,CHEAP,5,0,0,5,0,0,0,0,5,False,False
Render/FrameHelpers_q2.cpp,CHEAP,5,0,0,5,0,0,0,0,5,False,False
Ai/PromoLoop_round1.cpp,CHEAP,5,0,0,5,0,0,0,0,5,False,False
Vehicle/PromoLoop_round2.cpp,CHEAP,5,0,0,4,1,0,0,0,5,False,False
Util/PromoLoop_round27.cpp,CHEAP,5,0,0,4,1,0,0,0,5,False,False
Util/PromoLoop_round28.cpp,CHEAP,5,0,0,5,0,0,0,0,5,False,False
Util/PromoLoop_round29.cpp,CHEAP,5,0,0,4,1,0,0,0,5,False,False
Util/PromoLoop_round31.cpp,CHEAP,5,0,0,5,0,0,0,0,5,False,False
Util/PromoLoop_round33.cpp,CHEAP,5,0,0,4,1,0,0,0,5,False,False
Util/PromoLoop_round53.cpp,CHEAP,5,0,0,5,0,0,0,0,5,False,False
Util/PromoLoop_round8.cpp,CHEAP,5,0,0,5,0,0,0,0,5,False,False
Util/PromoLoop_round9.cpp,CHEAP,5,0,0,4,1,0,0,0,5,False,False
Render/RenderStateSettersB.cpp,CHEAP,5,0,0,5,0,0,0,0,5,False,False
Frontend/SlotZeroers_s2.cpp,CHEAP,5,0,0,5,0,0,0,0,5,False,False
Render/TrackLoaderMicros_p3.cpp,CHEAP,5,0,0,5,0,0,0,0,5,False,False
Render/D3D9Helpers_p4.cpp,CHEAP,4,0,0,4,0,0,0,0,4,False,False
Frontend/IntroSplash.cpp,CHEAP,5,0,1,3,1,0,0,0,4,False,False
Util/PromoLoop_round10.cpp,CHEAP,4,0,0,4,0,0,0,0,4,False,False
Render/PromoLoop_round11.cpp,CHEAP,4,0,0,3,1,0,0,0,4,False,False
Render/PromoLoop_round252.cpp,CHEAP,4,0,0,4,0,0,0,0,4,False,False
Util/PromoLoop_round26.cpp,CHEAP,5,0,1,4,0,0,0,0,5,False,False
Render/PromoLoop_round3.cpp,CHEAP,4,0,0,3,1,0,0,0,5,False,False
Util/PromoLoop_round30.cpp,CHEAP,4,0,0,4,0,0,0,0,5,False,False
Util/PromoLoop_round34.cpp,CHEAP,4,0,0,4,0,0,0,0,4,False,False
Util/PromoLoop_round40.cpp,CHEAP,4,0,0,4,0,0,0,0,5,False,False
Util/PromoLoop_round50.cpp,CHEAP,4,0,0,4,0,0,0,0,4,False,False
Util/PromoLoop_round54.cpp,CHEAP,4,0,0,4,0,0,0,0,4,False,False
Util/PromoLoop_round55.cpp,CHEAP,4,0,0,4,0,0,0,0,4,False,False
Util/PromoLoop_round56.cpp,CHEAP,4,0,0,3,1,0,0,0,4,False,False
Boot/PromoLoop_round12.cpp,CHEAP,3,0,0,3,0,0,0,0,3,False,False
Util/PromoLoop_round35.cpp,CHEAP,3,0,0,2,1,0,0,0,3,False,False
Util/PromoLoop_round37.cpp,CHEAP,3,0,0,2,1,0,0,0,3,False,False
Util/PromoLoop_round47.cpp,CHEAP,3,0,0,1,2,0,0,0,3,False,False
Util/PromoLoop_round58.cpp,CHEAP,3,0,0,2,1,0,0,0,3,False,False
Util/PromoLoop_round63.cpp,CHEAP,3,0,0,3,0,0,0,0,3,False,False
Util/PromoLoop_round65.cpp,CHEAP,3,0,0,3,0,0,0,0,3,False,False
Util/PromoLoop_round70.cpp,CHEAP,3,0,0,2,1,0,0,0,4,False,False
Boot/CrtCompilerSupport.cpp,CHEAP,4,0,2,2,0,0,0,0,1,False,False
Util/PromoLoop_round21.cpp,CHEAP,2,0,0,2,0,0,0,0,2,False,False
Render/PromoLoop_round255.cpp,CHEAP,2,0,0,2,0,0,0,0,2,False,False
Util/PromoLoop_round39.cpp,CHEAP,2,0,0,2,0,0,0,0,2,False,False
Util/PromoLoop_round42.cpp,CHEAP,2,0,0,1,1,0,0,0,3,False,False
Util/PromoLoop_round43.cpp,CHEAP,2,0,0,2,0,0,0,0,2,False,False
Util/PromoLoop_round48.cpp,CHEAP,2,0,0,2,0,0,0,0,2,False,False
Util/PromoLoop_round59.cpp,CHEAP,2,0,0,0,2,0,0,0,2,False,False
Util/PromoLoop_round62.cpp,CHEAP,2,0,0,2,0,0,0,0,2,False,False
Util/PromoLoop_round66.cpp,CHEAP,2,0,0,2,0,0,0,0,2,False,False
Util/PromoLoop_round68.cpp,CHEAP,2,0,0,2,0,0,0,0,2,False,False
Boot/PromoLoop_round7.cpp,CHEAP,2,0,0,2,0,0,0,0,2,False,False
Util/PromoLoop_round71.cpp,CHEAP,2,0,0,2,0,0,0,0,2,False,False
Util/PromoLoop_round72.cpp,CHEAP,2,0,0,2,0,0,0,0,2,False,False
Util/PromoLoop_round73.cpp,CHEAP,2,0,0,2,0,0,0,0,2,False,False
Util/PromoLoop_round75.cpp,CHEAP,2,0,0,2,0,0,0,0,2,False,False
Frontend/RaceResults.cpp,CHEAP,2,0,0,2,0,0,0,0,2,False,False
Gameplay/SparseGrid_ag.cpp,CHEAP,2,0,0,2,0,0,0,0,2,False,False
Audio/AudioCharacterBankPaths.cpp,CHEAP,1,0,0,1,0,0,0,0,1,False,False
Frontend/BatchAA_s2.cpp,CHEAP,1,0,0,1,0,0,0,0,1,False,False
Boot/CrtInit.cpp,CHEAP,1,0,0,1,0,0,0,0,0,False,False
Util/PromoLoop_round15.cpp,CHEAP,1,0,0,1,0,0,0,0,1,False,False
Render/PromoLoop_round16.cpp,CHEAP,1,0,0,1,0,0,0,0,1,False,False
Util/PromoLoop_round18.cpp,CHEAP,1,0,0,1,0,0,0,0,1,False,False
Render/PromoLoop_round251.cpp,CHEAP,1,0,0,1,0,0,0,0,1,False,False
Render/PromoLoop_round254.cpp,CHEAP,1,0,0,1,0,0,0,0,1,False,False
Util/PromoLoop_round44.cpp,CHEAP,1,0,0,1,0,0,0,0,1,False,False
Util/PromoLoop_round45.cpp,CHEAP,1,0,0,1,0,0,0,0,1,False,False
Util/PromoLoop_round46.cpp,CHEAP,1,0,0,1,0,0,0,0,1,False,False
Util/PromoLoop_round49.cpp,CHEAP,1,0,0,1,0,0,0,0,1,False,False
Util/PromoLoop_round51.cpp,CHEAP,1,0,0,1,0,0,0,0,1,False,False
Util/PromoLoop_round57.cpp,CHEAP,1,0,0,1,0,0,0,0,1,False,False
Util/PromoLoop_round60.cpp,CHEAP,1,0,0,1,0,0,0,0,1,False,False
Util/PromoLoop_round61.cpp,CHEAP,1,0,0,1,0,0,0,0,2,False,False
Util/PromoLoop_round76.cpp,CHEAP,1,0,0,1,0,0,0,0,1,False,False
Util/PromoLoop_round78.cpp,CHEAP,1,0,0,0,1,0,0,0,1,False,False
Save/Race_Guard.cpp,CHEAP,1,0,0,0,1,0,0,0,1,False,False
Vehicle/ReplayRewind_ag.cpp,CHEAP,1,0,0,1,0,0,0,0,1,False,False
Save/ReplayThunk.cpp,CHEAP,1,0,0,0,1,0,0,0,1,False,False
Render/RwAtomicDirtyFlag.cpp,CHEAP,1,0,0,1,0,0,0,0,1,False,False
Render/RwComReleaseThunk.cpp,CHEAP,1,0,0,1,0,0,0,0,1,False,False
Boot/RwEngineInit.cpp,CHEAP,1,0,0,1,0,0,0,0,1,False,False
Render/StoreEaxAtEcx.cpp,CHEAP,1,0,0,1,0,0,0,0,1,False,False
Frontend/TextCtrlCodeRemap.cpp,CHEAP,1,0,0,1,0,0,0,0,1,True,True
Vehicle/VehicleSlotAabbExpand.cpp,CHEAP,1,0,0,1,0,0,0,0,1,False,False
Render/BgraReorder_wf.cpp,CHEAP,0,0,0,0,0,0,0,0,1,False,False
Render/ElemArrayCopyAll.cpp,CHEAP,0,0,0,0,0,0,0,0,1,False,False
Frontend/FrontendLeaves_ad1.cpp,CHEAP,0,0,0,0,0,0,0,0,1,False,False
Core/HookSystem.cpp,CHEAP,0,0,0,0,0,0,0,0,0,False,False
Lane2/L2_00421980.cpp,CHEAP,0,0,0,0,0,0,0,0,1,False,False
Lane2/L2_0045d3f0.cpp,CHEAP,0,0,0,0,0,0,0,0,1,False,False
Lane2/L2_0045dfc0.cpp,CHEAP,0,0,0,0,0,0,0,0,1,False,False
Lane2/L2_00475ef0.cpp,CHEAP,0,0,0,0,0,0,0,0,1,False,False
Lane2/L2_0048f740.cpp,CHEAP,0,0,0,0,0,0,0,0,1,False,False
Audio/MixedC3Sweep.cpp,CHEAP,0,0,0,0,0,0,0,0,0,False,False
Vehicle/Physics.cpp,CHEAP,0,0,0,0,0,0,0,0,1,False,False
Render/PixPassthrough16.cpp,CHEAP,0,0,0,0,0,0,0,0,1,False,False
Render/PixReadU32_wf.cpp,CHEAP,0,0,0,0,0,0,0,0,1,False,False
Render/PromoLoop_round22.cpp,CHEAP,0,0,0,0,0,0,0,0,0,False,False
Util/PromoLoop_round25.cpp,CHEAP,0,0,0,0,0,0,0,0,1,False,False
Util/PromoLoop_round38.cpp,CHEAP,0,0,0,0,0,0,0,0,2,False,False
Util/PromoLoop_round67.cpp,CHEAP,0,0,0,0,0,0,0,0,2,False,False
Util/PromoLoop_round80.cpp,CHEAP,0,0,0,0,0,0,0,0,1,False,False
Render/RainCameraScale.cpp,CHEAP,0,0,0,0,0,0,0,0,1,False,False
Render/RainLineWidthRange.cpp,CHEAP,0,0,0,0,0,0,0,0,1,False,False
Vehicle/ReplayCluster.cpp,CHEAP,0,0,0,0,0,0,0,0,1,False,False
Render/RgbPackEncoder_wfb0f.cpp,CHEAP,0,0,0,0,0,0,0,0,1,False,False
Render/RpMaterialNibble_wf1.cpp,CHEAP,0,0,0,0,0,0,0,0,1,False,False
Render/RwStreamWriteBytes.cpp,CHEAP,0,0,0,0,0,0,0,0,1,False,False
Sky/SkyElementRemove.cpp,CHEAP,0,0,0,0,0,0,0,0,1,False,False
Util/UtilRandIntRange_wfb0f.cpp,CHEAP,0,0,0,0,0,0,0,0,1,False,False
Util/Vec3ValidateMixed_cfd622.cpp,CHEAP,0,0,0,0,0,0,0,0,1,False,False
Util/PromoLoop_sessionB.cpp,DEV-ONLY-BY-DESIGN,86,0,1,83,2,1,104,0,160,False,True
Render/RasterDeviceWrappers.cpp,DEV-ONLY-BY-DESIGN,5,0,0,5,0,5,1,5,5,False,True
Ai/AiTargeting.cpp,DEV-ONLY-BY-DESIGN,6,0,2,4,0,14,0,14,6,False,True
Track/CourseLoadDispatch.cpp,DEV-ONLY-BY-DESIGN,3,0,1,2,0,3,0,3,3,False,True
Vehicle/PhysicsChainHooks.cpp,DEV-ONLY-BY-DESIGN,5,0,3,1,1,26,119,21,5,False,True
Frontend/SetupScreenRenderers.cpp,DEV-ONLY-BY-DESIGN,2,0,0,2,0,8,13,8,2,False,True
Ai/AiSplineHooks.cpp,DEV-ONLY-BY-DESIGN,1,0,0,1,0,1,0,1,1,False,True
Util/FloatSlider2SelfTest.cpp,DEV-ONLY-BY-DESIGN,1,0,0,1,0,3,6,3,1,False,True
Vehicle/GhostPlaybackTick.cpp,DEV-ONLY-BY-DESIGN,1,0,0,1,0,5,8,5,1,False,True
Frontend/MenuModal.cpp,DEV-ONLY-BY-DESIGN,1,0,0,1,0,0,0,12,1,False,True
Ai/AiControllerAB.cpp,DEV-ONLY-BY-DESIGN,0,0,0,0,0,14,1,14,0,False,True
Ai/AiNavHooks.cpp,DEV-ONLY-BY-DESIGN,0,0,0,0,0,5,2,5,1,False,True
Race/CameraClusterHooks.cpp,DEV-ONLY-BY-DESIGN,1,0,1,0,0,4,1,4,1,False,True
dll_main.cpp,DEV-ONLY-BY-DESIGN,0,0,0,0,0,0,0,0,0,False,True
Race/ScoringHooks.cpp,DEV-ONLY-BY-DESIGN,3,0,3,0,0,26,34,9,3,False,True
Compat/StreamHandlerDispatchGuard.cpp,DEV-ONLY-BY-DESIGN,0,0,0,0,0,1,2,0,0,False,True
Audio/TimerGetters_ah5.cpp,NEEDS-STORAGE,7,0,0,7,0,0,12,0,0,False,False
Util/UtilBatch.cpp,NEEDS-STORAGE,7,0,0,0,7,0,7,0,7,False,False
Audio/AudioLeaves_ab1.cpp,NEEDS-STORAGE,6,0,0,6,0,0,6,0,0,False,False
Audio/AudioLeaves_ab3.cpp,NEEDS-STORAGE,6,0,0,6,0,0,6,0,0,False,False
Audio/AudioLeaves_ab4.cpp,NEEDS-STORAGE,6,0,0,6,0,0,6,0,0,False,False
Util/PromoLoop_round32.cpp,NEEDS-STORAGE,5,0,0,5,0,0,1,0,4,False,False
Util/PromoLoop_round74.cpp,NEEDS-STORAGE,5,0,0,5,0,0,1,0,5,False,False
Util/PromoLoop_round17.cpp,NEEDS-STORAGE,4,0,0,3,1,0,1,0,3,False,False
Audio/RwsStream.cpp,NEEDS-STORAGE,4,0,0,4,0,0,4,0,0,False,False
Audio/AudioList_ag.cpp,NEEDS-STORAGE,3,0,0,3,0,0,4,0,0,False,False
Audio/AudioPoolFreeGuards.cpp,NEEDS-STORAGE,3,0,0,3,0,0,7,0,0,False,False
Render/HighAB3Helpers_p6.cpp,NEEDS-STORAGE,3,0,0,3,0,0,1,0,2,False,False
Audio/AudioLeaves_ab2.cpp,NEEDS-STORAGE,2,0,0,2,0,0,2,0,0,False,False
Audio/AudioTableDispatch.cpp,NEEDS-STORAGE,2,0,0,2,0,0,2,0,0,False,False
Save/GameSaveVFS.cpp,NEEDS-STORAGE,2,0,0,0,2,0,1,0,1,False,False
Audio/RwsFmt.cpp,NEEDS-STORAGE,2,0,0,2,0,0,2,0,0,False,False
Audio/AudioChainWalk.cpp,NEEDS-STORAGE,1,0,0,1,0,0,1,0,0,False,False
Audio/AudioMusic.cpp,NEEDS-STORAGE,1,0,0,1,0,0,1,0,0,False,False
Math/CosineLerp.cpp,NEEDS-STORAGE,1,0,0,1,0,0,3,0,1,False,False
Lane2/L2_005a6e10.cpp,NEEDS-STORAGE,1,0,0,1,0,0,1,0,0,False,False
Vehicle/PhysicsBodySetFriction.cpp,NEEDS-STORAGE,1,0,0,1,0,0,1,0,0,False,False
Vehicle/PhysicsBodySetLinearVelocity.cpp,NEEDS-STORAGE,1,0,0,1,0,0,3,0,0,False,False
Render/PluginFields_ah4.cpp,NEEDS-STORAGE,1,0,0,1,0,0,3,0,5,False,False
Util/PromoLoop_round64.cpp,NEEDS-STORAGE,1,0,0,1,0,0,1,0,1,False,False
Util/PromoLoop_round69.cpp,NEEDS-STORAGE,1,0,0,1,0,0,1,0,2,False,False
Util/PromoLoop_round77.cpp,NEEDS-STORAGE,1,0,0,1,0,0,1,0,1,False,False
Audio/RingHeaderInit.cpp,NEEDS-STORAGE,1,0,0,1,0,0,1,0,0,False,False
Util/RtFSHandler.cpp,NEEDS-STORAGE,1,0,0,1,0,0,1,0,0,False,False
Util/RtFSHandlerCancel.cpp,NEEDS-STORAGE,1,0,0,1,0,0,1,0,0,False,False
Rws/RwsStreamRead.cpp,NEEDS-STORAGE,1,0,0,1,0,0,1,0,0,False,False
Render/RwString.cpp,NEEDS-STORAGE,1,0,0,1,0,0,2,0,1,False,False
Gameplay/SubsystemARecordFind.cpp,NEEDS-STORAGE,1,0,0,1,0,0,2,0,1,False,False
Gameplay/SubsystemARecordKey.cpp,NEEDS-STORAGE,1,0,0,1,0,0,1,0,1,False,False
Audio/AtomicExchangeStore.cpp,NEEDS-STORAGE,0,0,0,0,0,0,1,0,0,False,False
Audio/AudioVoiceQueueSet.cpp,NEEDS-STORAGE,0,0,0,0,0,0,1,0,0,False,False
Lane2/L2_005aa7a0.cpp,NEEDS-STORAGE,0,0,0,0,0,0,1,0,0,False,False
Lane2/L2_005ab1c0.cpp,NEEDS-STORAGE,0,0,0,0,0,0,1,0,0,False,False
Lane2/L2_005aeed0.cpp,NEEDS-STORAGE,0,0,0,0,0,0,1,0,0,False,False
Lane2/L2_005af010.cpp,NEEDS-STORAGE,0,0,0,0,0,0,1,0,0,False,False
Lane2/L2_005b8080.cpp,NEEDS-STORAGE,0,0,0,0,0,0,1,0,0,False,False
