field,scope,first_divergent_frame,n,med_A,med_B,med_abs_diff,p95_abs_diff,noise_floor
b14[0],outside,2,1627,-388800,598513,994382,1373801,0
b14[2],outside,2,1627,784280,743670,124668,873718,0
horiz,outside,2,1627,23.05,54.31,37.17,371.89,0
sp,outside,2,1627,31.43,51.96,32.51,382.57,0
slip,outside,2,1627,-0.0368,-0.0039,2.3518,5.5293,0
bodyH,outside,2,1627,2.6196,1.4104,1.1386,1.2297,0
b14[1],outside,2,1627,0.009007,-0.0277463,0.03704647,0.05350151,0
d[1],outside,2,1627,0.00026,0.00015,0.00192,0.01675,0
ftot[0],outside,3,1627,35566.1,-2079.83,30763.2,74890.6,0
ftot[2],outside,3,1627,-44276.8,-15662.7,26199.1,63572.176,0
wf[2],outside,3,1627,7970.23,-1598.56,9788.604,24154.46,0
wf[0],outside,3,1627,7970.13,-1597.72,9756.441,23768.143,0
wf[3],outside,3,1627,-16726.1,-3091.45,8728.44,21467.54,0
wf[1],outside,3,1627,-16725.1,-3099.66,8718.753,21308.55,0
wf[4],outside,3,1627,11807,-353.438,8210.95,18524.19,0
wf[5],outside,3,1627,-6991.62,-7418.39,6209.25,22348.4,0
wf[6],outside,3,1627,5886.09,-145.343,4076.993,9021.55,0
wf[7],outside,3,1627,-3495.77,-2778.58,3760.802,11103.409,0
wle4[3],outside,3,1627,23.1875,54.408,35.9737,365.7401,0
wle4[2],outside,3,1627,23.0108,54.3342,35.9233,343.2042,0
wle4[0],outside,3,1627,22.9385,54.3313,35.7395,348.8749,0
wle4[1],outside,3,1627,23.057,54.4154,35.57853,361.5332,0
b0c,outside,3,1627,7.03399,2.26428,11.39366,65.06993,0
ftot[1],outside,3,1627,-0.000128193,0.00208823,4.913578,2278.50065,0
w1b[2],outside,3,1627,1081.52,1081.56,1.79,12.93,0
velH,outside,3,1627,2.1205,-1.1582,1.7524,5.0224,0
w1b[1],outside,3,1627,1084.04,1083.98,1.42,10.99,0
w1b[0],outside,3,1627,1083.96,1084.05,1.41,8.22,0
wax[0],outside,3,1627,-0.444161,0.648604,1.064616,1.135551,0
wax[2],outside,3,1627,-0.444161,0.648604,1.064616,1.135551,0
wax[4],outside,3,1627,-0.867119,0.114404,0.964192,1.044435,0
wax[6],outside,3,1627,-0.867119,0.114404,0.964192,1.044435,0
w1b[3],outside,3,1627,540.812,540.817,0.91,4.737,0
wax[5],outside,3,1627,0.49609,0.986047,0.485231,0.528961,0
wax[7],outside,3,1627,0.49609,0.986047,0.485231,0.528961,0
wld4[2],outside,3,1627,0.0466216,0.12282,0.21967,0.8947982,0
wld4[3],outside,3,1627,0.0467049,0.114967,0.21641673,0.893964253,0
wld4[0],outside,3,1627,0.582702,0.579169,0.200768,0.663698,0
wld4[1],outside,3,1627,0.582702,0.579166,0.19894,0.656742,0
wax[1],outside,3,1627,0.895532,0.730148,0.16417,0.234436,0
wax[3],outside,3,1627,0.895532,0.730148,0.16417,0.234436,0
av[1],outside,3,1627,-0.000657918,-0.000240956,0.001884619,0.244339,0
d[0],outside,3,1627,-6e-05,-2e-05,0.00113,0.00753,0
av[0],outside,3,1627,-1.55491e-11,1.08353e-12,1.20194532e-06,0.002616481,0
av[2],outside,3,1627,-1.38565e-11,4.45908e-11,8.436146e-07,0.000881354951,0
gear,outside,16,1627,0,0,0,1,0
gtmr,outside,16,1627,0,0,0,2650,0
fl[0],outside,,1627,0,0,0,0,0
fl[1],outside,,1627,0,0,0,0,0
fl[2],outside,,1627,0,0,0,0,0
fl[3],outside,,1627,0,0,0,0,0
gb498,outside,,1627,40000,40000,0,0,0
gb49c,outside,,1627,4000,4000,0,0,0
gnd,outside,,1627,4,4,0,0,0
gt[0],outside,,1627,4,4,0,0,0
gt[1],outside,,1627,3,3,0,0,0
gt[2],outside,,1627,2.4,2.4,0,0,0
gt[3],outside,,1627,2.1,2.1,0,0,0
gt[4],outside,,1627,1.8,1.8,0,0,0
gt[5],outside,,1627,6,6,0,0,0
in[0],outside,,1627,255,255,0,0,0
in[1],outside,,1627,0,0,0,0,0
in[2],outside,,1627,255,255,0,0,0
in[3],outside,,1627,0,0,0,0,0
p15,outside,,1627,0.15,0.15,0,0,0
p16,outside,,1627,0.0125,0.0125,0,0,0
reseed,outside,,1627,0,0,0,0,0
steer,outside,,1627,1,1,0,0,0
susp,outside,,1627,692.302,692.302,0,0,0
